model,game,social_distance,money,rep,raw_response,share,share_pct,latency_s
deepseek/deepseek-v3.2,dictator,1,8,1,I share 4 dollars.,4.0,0.5,22.355367422103882
deepseek/deepseek-v3.2,dictator,1,8,2,I share 4 dollars.,4.0,0.5,4.752959489822388
deepseek/deepseek-v3.2,dictator,1,8,3,I share 4 dollars.,4.0,0.5,3.788977861404419
deepseek/deepseek-v3.2,dictator,1,2,1,I share 1 dollar.,1.0,0.5,21.895363807678223
deepseek/deepseek-v3.2,dictator,1,2,2,I share 1 dollar.,1.0,0.5,3.5605409145355225
deepseek/deepseek-v3.2,dictator,1,2,3,I share 1 dollar.,1.0,0.5,5.4988744258880615
deepseek/deepseek-v3.2,dictator,1,1,1,I share 0.50 dollars.,0.5,0.5,22.202943325042725
deepseek/deepseek-v3.2,dictator,1,1,2,I share 0.50 dollars.,0.5,0.5,7.099605083465576
deepseek/deepseek-v3.2,dictator,1,1,3,I share 0.50 dollars.,0.5,0.5,6.688473701477051
deepseek/deepseek-v3.2,dictator,1,3,1,I share $1.50 dollars.,1.5,0.5,23.296155214309692
deepseek/deepseek-v3.2,dictator,1,3,2,I share 1.5 dollars,1.5,0.5,10.594589471817017
deepseek/deepseek-v3.2,dictator,1,3,3,I share 1 dollars.,1.0,0.3333333333333333,3.381903886795044
deepseek/deepseek-v3.2,dictator,1,5,1,I share 2.50 dollars.,2.5,0.5,25.16867208480835
deepseek/deepseek-v3.2,dictator,1,5,2,I share 2.50 dollars.,2.5,0.5,7.369490146636963
deepseek/deepseek-v3.2,dictator,1,5,3,I share $2.5 dollars.,2.5,0.5,5.785851716995239
deepseek/deepseek-v3.2,dictator,1,10,1,I share 5 dollars.,5.0,0.5,26.142136096954346
deepseek/deepseek-v3.2,dictator,1,10,2,I share 5 dollars.,5.0,0.5,5.409621953964233
deepseek/deepseek-v3.2,dictator,1,10,3,I share 5 dollars.,5.0,0.5,12.123282670974731
deepseek/deepseek-v3.2,dictator,1,18,1,I share 9 dollars.,9.0,0.5,7.20007586479187
deepseek/deepseek-v3.2,dictator,1,18,2,I share 9 dollars.,9.0,0.5,3.365621566772461
deepseek/deepseek-v3.2,dictator,1,18,3,I share 9 dollars.,9.0,0.5,5.257979154586792
deepseek/deepseek-v3.2,dictator,1,63,1,I share 31 dollars.,31.0,0.49206349206349204,5.292967319488525
deepseek/deepseek-v3.2,dictator,1,63,2,I share 31 dollars.,31.0,0.49206349206349204,3.302593231201172
deepseek/deepseek-v3.2,dictator,1,63,3,I share 31 dollars.,31.0,0.49206349206349204,0.7749347686767578
deepseek/deepseek-v3.2,dictator,1,27,1,I share 13 dollars.,13.0,0.48148148148148145,6.184942007064819
deepseek/deepseek-v3.2,dictator,1,27,2,I share 13 dollars.,13.0,0.48148148148148145,6.167539596557617
deepseek/deepseek-v3.2,dictator,1,27,3,I share 13 dollars.,13.0,0.48148148148148145,6.722783803939819
deepseek/deepseek-v3.2,dictator,1,41,1,I share 20 dollars.,20.0,0.4878048780487805,8.856983661651611
deepseek/deepseek-v3.2,dictator,1,41,2,I share 20 dollars.,20.0,0.4878048780487805,3.0164806842803955
deepseek/deepseek-v3.2,dictator,1,41,3,I share $20 dollars,20.0,0.4878048780487805,9.42337679862976
deepseek/deepseek-v3.2,dictator,1,12,1,I share 6 dollars,6.0,0.5,17.092430353164673
deepseek/deepseek-v3.2,dictator,1,12,2,I share 6 dollars.,6.0,0.5,6.667821645736694
deepseek/deepseek-v3.2,dictator,1,12,3,I share 6 dollars.,6.0,0.5,5.42643666267395
deepseek/deepseek-v3.2,dictator,1,95,1,I share 48 dollars.,48.0,0.5052631578947369,14.060197591781616
deepseek/deepseek-v3.2,dictator,1,95,2,I share 48 dollars.,48.0,0.5052631578947369,2.362053155899048
deepseek/deepseek-v3.2,dictator,1,95,3,I share 48 dollars.,48.0,0.5052631578947369,6.451765060424805
deepseek/deepseek-v3.2,dictator,1,144,1,I share $72 dollars.,72.0,0.5,9.497970581054688
deepseek/deepseek-v3.2,dictator,1,144,2,I share 72 dollars,72.0,0.5,3.901643753051758
deepseek/deepseek-v3.2,dictator,1,144,3,I share 72 dollars.,72.0,0.5,6.7426862716674805
deepseek/deepseek-v3.2,dictator,1,496,1,I share 248 dollars.,248.0,0.5,2.5214719772338867
deepseek/deepseek-v3.2,dictator,1,496,2,I share 248 dollars.,248.0,0.5,5.574946880340576
deepseek/deepseek-v3.2,dictator,1,496,3,I share 248 dollars.,248.0,0.5,5.60146689414978
deepseek/deepseek-v3.2,dictator,1,328,1,I share 164 dollars.,164.0,0.5,6.1368772983551025
deepseek/deepseek-v3.2,dictator,1,328,2,I share 164 dollars.,164.0,0.5,6.8384644985198975
deepseek/deepseek-v3.2,dictator,1,328,3,I share 164 dollars.,164.0,0.5,4.359066486358643
deepseek/deepseek-v3.2,dictator,1,217,1,I share 108 dollars.,108.0,0.4976958525345622,16.891443490982056
deepseek/deepseek-v3.2,dictator,1,217,2,I share 108 dollars.,108.0,0.4976958525345622,2.7523019313812256
deepseek/deepseek-v3.2,dictator,1,217,3,I share 108 dollars.,108.0,0.4976958525345622,6.620392322540283
deepseek/deepseek-v3.2,dictator,1,751,1,I share 376 dollars,376.0,0.5006657789613849,6.438957929611206
deepseek/deepseek-v3.2,dictator,1,751,2,I share 376 dollars.,376.0,0.5006657789613849,5.8230345249176025
deepseek/deepseek-v3.2,dictator,1,751,3,I share 375 dollars,375.0,0.4993342210386152,4.7213521003723145
deepseek/deepseek-v3.2,dictator,1,1135,1,I share 567 dollars.,567.0,0.4995594713656388,8.077680349349976
deepseek/deepseek-v3.2,dictator,1,1135,2,I share 568 dollars,568.0,0.5004405286343613,2.412224531173706
deepseek/deepseek-v3.2,dictator,1,1135,3,I share 567 dollars.,567.0,0.4995594713656388,7.348191022872925
deepseek/deepseek-v3.2,dictator,1,1717,1,I share 858 dollars,858.0,0.49970879440885263,7.761940240859985
deepseek/deepseek-v3.2,dictator,1,1717,2,I share 858 dollars.,858.0,0.49970879440885263,3.381030321121216
deepseek/deepseek-v3.2,dictator,1,1717,3,I share 858 dollars.,858.0,0.49970879440885263,6.4950385093688965
deepseek/deepseek-v3.2,dictator,1,3926,1,I share 1963 dollars.,1963.0,0.5,5.493897199630737
deepseek/deepseek-v3.2,dictator,1,3926,2,I share 1963 dollars.,1963.0,0.5,6.460042715072632
deepseek/deepseek-v3.2,dictator,1,3926,3,I share $1963 dollars.,1963.0,0.5,5.537964105606079
deepseek/deepseek-v3.2,dictator,1,2596,1,I share $1298 dollars.,1298.0,0.5,5.9477643966674805
deepseek/deepseek-v3.2,dictator,1,2596,2,I share $1298 dollars.,1298.0,0.5,8.900846242904663
deepseek/deepseek-v3.2,dictator,1,2596,3,I share $1298 dollars.,1298.0,0.5,2.8951733112335205
deepseek/deepseek-v3.2,dictator,1,5938,1,I share $3000 dollars.,3000.0,0.5052206130010104,6.801247596740723
deepseek/deepseek-v3.2,dictator,1,5938,2,I share 2970 dollars.,2970.0,0.5001684068710003,4.85407280921936
deepseek/deepseek-v3.2,dictator,1,5938,3,I share 2970 dollars,2970.0,0.5001684068710003,5.651057004928589
deepseek/deepseek-v3.2,dictator,1,8979,1,I share 4490 dollars.,4490.0,0.5000556854883618,6.658163785934448
deepseek/deepseek-v3.2,dictator,1,8979,2,I share 4490 dollars,4490.0,0.5000556854883618,8.246121644973755
deepseek/deepseek-v3.2,dictator,1,8979,3,I share 4489.50 dollars,4489.5,0.5,5.683116436004639
deepseek/deepseek-v3.2,dictator,1,20531,1,"I share $10,265 dollars.",10265.0,0.49997564658321564,5.321504831314087
deepseek/deepseek-v3.2,dictator,1,20531,2,I share 10265 dollars.,10265.0,0.49997564658321564,2.4483296871185303
deepseek/deepseek-v3.2,dictator,1,20531,3,I share 10265 dollars.,10265.0,0.49997564658321564,5.509932279586792
deepseek/deepseek-v3.2,dictator,1,13578,1,"I share $6,789 dollars",6789.0,0.5,6.222237586975098
deepseek/deepseek-v3.2,dictator,1,13578,2,"I share $6,789 dollars",6789.0,0.5,7.258497953414917
deepseek/deepseek-v3.2,dictator,1,13578,3,I share $6780 dollars.,6780.0,0.4993371630578878,6.7603747844696045
deepseek/deepseek-v3.2,dictator,1,31054,1,I share 15527 dollars.,15527.0,0.5,3.875723123550415
deepseek/deepseek-v3.2,dictator,1,31054,2,"I share $15,527 dollars.",15527.0,0.5,6.3487207889556885
deepseek/deepseek-v3.2,dictator,1,31054,3,I share 15527 dollars.,15527.0,0.5,5.458539962768555
deepseek/deepseek-v3.2,dictator,1,46962,1,I share 23500 dollars,23500.0,0.5004045824283463,2.4207351207733154
deepseek/deepseek-v3.2,dictator,1,46962,2,I share 23481 dollars.,23481.0,0.5,4.819234371185303
deepseek/deepseek-v3.2,dictator,1,46962,3,I share 20000 dollars,20000.0,0.4258762403645501,9.18506646156311
deepseek/deepseek-v3.2,dictator,1,71000,1,"I share $35,500 dollars.",35500.0,0.5,8.1323823928833
deepseek/deepseek-v3.2,dictator,1,71000,2,I share 35500 dollars.,35500.0,0.5,5.86757755279541
deepseek/deepseek-v3.2,dictator,1,71000,3,"I share $35,500 dollars.",35500.0,0.5,6.160414457321167
deepseek/deepseek-v3.2,dictator,1,107392,1,I share 53696 dollars.,53696.0,0.5,7.8770341873168945
deepseek/deepseek-v3.2,dictator,1,107392,2,"I share 50,000 dollars.",50000.0,0.4655840286054827,5.336558818817139
deepseek/deepseek-v3.2,dictator,1,107392,3,I share 48371 dollars.,48371.0,0.4504153009535161,10.840809345245361
deepseek/deepseek-v3.2,dictator,1,162379,1,I share $81189.5 dollars.,81189.5,0.5,5.456323862075806
deepseek/deepseek-v3.2,dictator,1,162379,2,"I share $81,189.50 dollars.",81189.5,0.5,6.604726076126099
deepseek/deepseek-v3.2,dictator,1,162379,3,"I share $81,190 dollars",81190.0,0.5000030792159085,15.40589451789856
deepseek/deepseek-v3.2,dictator,2,2,1,I share 1 dollars,1.0,0.5,6.357660531997681
deepseek/deepseek-v3.2,dictator,2,2,2,I share 0.50 dollars.,0.5,0.25,11.658200740814209
deepseek/deepseek-v3.2,dictator,2,2,3,I share 1 dollar.,1.0,0.5,8.975866317749023
deepseek/deepseek-v3.2,dictator,1,250000,1,I share 125000 dollars.,125000.0,0.5,6.242008924484253
deepseek/deepseek-v3.2,dictator,1,250000,2,I share 125000 dollars.,125000.0,0.5,12.919655323028564
deepseek/deepseek-v3.2,dictator,1,250000,3,"I share $125,000 dollars.",125000.0,0.5,9.993143320083618
deepseek/deepseek-v3.2,dictator,2,1,1,I share 0.50 dollars.,0.5,0.5,6.215076208114624
deepseek/deepseek-v3.2,dictator,2,1,2,I share 0.50 dollars.,0.5,0.5,10.887179374694824
deepseek/deepseek-v3.2,dictator,2,1,3,I share 0.25 dollars.,0.25,0.25,11.214037895202637
deepseek/deepseek-v3.2,dictator,2,18,1,I share 9 dollars.,9.0,0.5,5.707926511764526
deepseek/deepseek-v3.2,dictator,2,18,2,I share 9 dollars.,9.0,0.5,8.233045816421509
deepseek/deepseek-v3.2,dictator,2,18,3,I share 9 dollars.,9.0,0.5,2.507150411605835
deepseek/deepseek-v3.2,dictator,2,10,1,I share 5 dollars.,5.0,0.5,4.854901552200317
deepseek/deepseek-v3.2,dictator,2,10,2,I share 5 dollars.,5.0,0.5,8.813790798187256
deepseek/deepseek-v3.2,dictator,2,10,3,I share 5 dollars.,5.0,0.5,3.2921125888824463
deepseek/deepseek-v3.2,dictator,2,8,1,I share 4 dollars.,4.0,0.5,8.05204701423645
deepseek/deepseek-v3.2,dictator,2,8,2,I share 4 dollars.,4.0,0.5,6.372162342071533
deepseek/deepseek-v3.2,dictator,2,8,3,I share 4 dollars,4.0,0.5,10.919230699539185
deepseek/deepseek-v3.2,dictator,2,12,1,I share 6 dollars.,6.0,0.5,5.549416780471802
deepseek/deepseek-v3.2,dictator,2,12,2,I share 6 dollars.,6.0,0.5,7.811568021774292
deepseek/deepseek-v3.2,dictator,2,12,3,I share 6 dollars.,6.0,0.5,5.150345325469971
deepseek/deepseek-v3.2,dictator,2,5,1,I share $2.50 dollars.,2.5,0.5,18.502936601638794
deepseek/deepseek-v3.2,dictator,2,5,2,I share 2.50 dollars.,2.5,0.5,13.378889799118042
deepseek/deepseek-v3.2,dictator,2,5,3,I share 2.50 dollars.,2.5,0.5,3.8697142601013184
deepseek/deepseek-v3.2,dictator,2,3,1,I share 1 dollar.,1.0,0.3333333333333333,10.585481643676758
deepseek/deepseek-v3.2,dictator,2,3,2,I share $1.50 dollars.,1.5,0.5,4.952484369277954
deepseek/deepseek-v3.2,dictator,2,3,3,I share 1 dollar.,1.0,0.3333333333333333,4.784512996673584
deepseek/deepseek-v3.2,dictator,2,63,1,I share 31 dollars.,31.0,0.49206349206349204,5.296124458312988
deepseek/deepseek-v3.2,dictator,2,63,2,I share 31 dollars.,31.0,0.49206349206349204,5.933366775512695
deepseek/deepseek-v3.2,dictator,2,63,3,I share 31 dollars.,31.0,0.49206349206349204,7.560527801513672
deepseek/deepseek-v3.2,dictator,2,95,1,I share 48 dollars,48.0,0.5052631578947369,5.308028697967529
deepseek/deepseek-v3.2,dictator,2,95,2,I share 47 dollars.,47.0,0.49473684210526314,4.855143785476685
deepseek/deepseek-v3.2,dictator,2,95,3,I share 48 dollars.,48.0,0.5052631578947369,7.985960483551025
deepseek/deepseek-v3.2,dictator,2,144,1,I share 72 dollars.,72.0,0.5,4.865418195724487
deepseek/deepseek-v3.2,dictator,2,144,2,I share 72 dollars.,72.0,0.5,6.2661662101745605
deepseek/deepseek-v3.2,dictator,2,144,3,I share 72 dollars.,72.0,0.5,4.440788745880127
deepseek/deepseek-v3.2,dictator,2,27,1,I share 13 dollars.,13.0,0.48148148148148145,2.392490863800049
deepseek/deepseek-v3.2,dictator,2,27,2,I share 10 dollars.,10.0,0.37037037037037035,6.849872350692749
deepseek/deepseek-v3.2,dictator,2,27,3,I share 10 dollars.,10.0,0.37037037037037035,4.3979246616363525
deepseek/deepseek-v3.2,dictator,2,41,1,I share $20.50 dollars.,20.5,0.5,9.935573816299438
deepseek/deepseek-v3.2,dictator,2,41,2,I share $20 dollars.,20.0,0.4878048780487805,8.722743034362793
deepseek/deepseek-v3.2,dictator,2,41,3,I share $20 dollars.,20.0,0.4878048780487805,4.668622970581055
deepseek/deepseek-v3.2,dictator,2,496,1,I share 248 dollars.,248.0,0.5,2.3846495151519775
deepseek/deepseek-v3.2,dictator,2,496,2,I share 248 dollars.,248.0,0.5,5.17123007774353
deepseek/deepseek-v3.2,dictator,2,496,3,I share 248 dollars.,248.0,0.5,1.0673472881317139
deepseek/deepseek-v3.2,dictator,2,217,1,I share 108 dollars,108.0,0.4976958525345622,6.3285298347473145
deepseek/deepseek-v3.2,dictator,2,217,2,I share 108 dollars,108.0,0.4976958525345622,3.68927264213562
deepseek/deepseek-v3.2,dictator,2,217,3,I share 108 dollars.,108.0,0.4976958525345622,2.33141827583313
deepseek/deepseek-v3.2,dictator,2,328,1,I share 164 dollars.,164.0,0.5,6.4390709400177
deepseek/deepseek-v3.2,dictator,2,328,2,I share 164 dollars.,164.0,0.5,2.8846487998962402
deepseek/deepseek-v3.2,dictator,2,328,3,I share 164 dollars.,164.0,0.5,7.3987812995910645
deepseek/deepseek-v3.2,dictator,2,1135,1,I share 500 dollars.,500.0,0.44052863436123346,4.71732234954834
deepseek/deepseek-v3.2,dictator,2,1135,2,I share 568 dollars,568.0,0.5004405286343613,1.824005365371704
deepseek/deepseek-v3.2,dictator,2,1135,3,I share 567 dollars.,567.0,0.4995594713656388,7.628206491470337
deepseek/deepseek-v3.2,dictator,2,751,1,I share 376 dollars.,376.0,0.5006657789613849,5.672099590301514
deepseek/deepseek-v3.2,dictator,2,751,2,I share 250 dollars.,250.0,0.33288948069241014,6.7894182205200195
deepseek/deepseek-v3.2,dictator,2,751,3,I share 376 dollars.,376.0,0.5006657789613849,6.309834718704224
deepseek/deepseek-v3.2,dictator,2,1717,1,I share 858 dollars.,858.0,0.49970879440885263,5.144277811050415
deepseek/deepseek-v3.2,dictator,2,1717,2,I share 500 dollars,500.0,0.29120559114735,7.0558249950408936
deepseek/deepseek-v3.2,dictator,2,1717,3,I share 858 dollars,858.0,0.49970879440885263,7.240729570388794
deepseek/deepseek-v3.2,dictator,2,3926,1,I share 1963 dollars.,1963.0,0.5,7.866178512573242
deepseek/deepseek-v3.2,dictator,2,3926,2,I share 1963 dollars.,1963.0,0.5,3.4083664417266846
deepseek/deepseek-v3.2,dictator,2,3926,3,I share 1963 dollars.,1963.0,0.5,15.829151391983032
deepseek/deepseek-v3.2,dictator,2,2596,1,I share 1298 dollars.,1298.0,0.5,6.8448193073272705
deepseek/deepseek-v3.2,dictator,2,2596,2,I share 1298 dollars.,1298.0,0.5,7.1946306228637695
deepseek/deepseek-v3.2,dictator,2,2596,3,I share 1298 dollars.,1298.0,0.5,14.922118425369263
deepseek/deepseek-v3.2,dictator,2,8979,1,I share 4489 dollars.,4489.0,0.4999443145116383,4.531283617019653
deepseek/deepseek-v3.2,dictator,2,8979,2,I share 4490 dollars.,4490.0,0.5000556854883618,15.260600566864014
deepseek/deepseek-v3.2,dictator,2,8979,3,I share 4489 dollars.,4489.0,0.4999443145116383,6.23068642616272
deepseek/deepseek-v3.2,dictator,2,5938,1,I share 2970 dollars.,2970.0,0.5001684068710003,5.940414190292358
deepseek/deepseek-v3.2,dictator,2,5938,2,"I share 2,000 dollars",2000.0,0.33681374200067365,14.948948383331299
deepseek/deepseek-v3.2,dictator,2,5938,3,I share 2969 dollars,2969.0,0.5,7.4332215785980225
deepseek/deepseek-v3.2,dictator,2,13578,1,I share $6780 dollars.,6780.0,0.4993371630578878,16.510115146636963
deepseek/deepseek-v3.2,dictator,2,13578,2,I share 6780 dollars,6780.0,0.4993371630578878,5.9303460121154785
deepseek/deepseek-v3.2,dictator,2,13578,3,I share 6789 dollars.,6789.0,0.5,7.3705735206604
deepseek/deepseek-v3.2,dictator,2,46962,1,I share 23481 dollars.,23481.0,0.5,6.306451797485352
deepseek/deepseek-v3.2,dictator,2,46962,2,I share 23500 dollars.,23500.0,0.5004045824283463,5.432324647903442
deepseek/deepseek-v3.2,dictator,2,46962,3,I share 23481 dollars.,23481.0,0.5,5.381977796554565
deepseek/deepseek-v3.2,dictator,2,31054,1,"I share $15,527 dollars",15527.0,0.5,9.51331114768982
deepseek/deepseek-v3.2,dictator,2,31054,2,"I share $15,527 dollars",15527.0,0.5,4.598626136779785
deepseek/deepseek-v3.2,dictator,2,31054,3,"I share 15,527 dollars.",15527.0,0.5,7.581179857254028
deepseek/deepseek-v3.2,dictator,2,20531,1,I share 10265 dollars.,10265.0,0.49997564658321564,17.624857187271118
deepseek/deepseek-v3.2,dictator,2,20531,2,I share 8200 dollars,8200.0,0.3993960352637475,7.53432559967041
deepseek/deepseek-v3.2,dictator,2,20531,3,I share 10265 dollars,10265.0,0.49997564658321564,11.993635654449463
deepseek/deepseek-v3.2,dictator,2,107392,1,"I share 50,000 dollars.",50000.0,0.4655840286054827,5.322787046432495
deepseek/deepseek-v3.2,dictator,2,107392,2,"I share 40,000 dollars.",40000.0,0.37246722288438616,5.481446743011475
deepseek/deepseek-v3.2,dictator,2,107392,3,"I share 53,696 dollars.",53696.0,0.5,11.119223356246948
deepseek/deepseek-v3.2,dictator,2,71000,1,I share 35500 dollars.,35500.0,0.5,6.170849800109863
deepseek/deepseek-v3.2,dictator,2,71000,2,I share 35500 dollars.,35500.0,0.5,5.340418815612793
deepseek/deepseek-v3.2,dictator,2,71000,3,"I share 25,000 dollars.",25000.0,0.352112676056338,11.820391178131104
deepseek/deepseek-v3.2,dictator,2,162379,1,"I share $81,189.50 dollars.",81189.5,0.5,5.371268272399902
deepseek/deepseek-v3.2,dictator,2,162379,2,"I share $81,189 dollars.",81189.0,0.4999969207840915,11.90807580947876
deepseek/deepseek-v3.2,dictator,2,162379,3,"I share $81,189.50 dollars.",81189.5,0.5,7.0616536140441895
deepseek/deepseek-v3.2,dictator,4,2,1,I share 1 dollar.,1.0,0.5,6.845030069351196
deepseek/deepseek-v3.2,dictator,4,2,2,I share 1.00 dollars.,1.0,0.5,4.7261223793029785
deepseek/deepseek-v3.2,dictator,4,2,3,I share 1 dollar.,1.0,0.5,10.625773191452026
deepseek/deepseek-v3.2,dictator,4,1,1,I share 0 dollars.,0.0,0.0,8.404475450515747
deepseek/deepseek-v3.2,dictator,4,1,2,I share 0.50 dollars.,0.5,0.5,3.7166454792022705
deepseek/deepseek-v3.2,dictator,4,1,3,I share 0.50 dollars.,0.5,0.5,11.405211210250854
deepseek/deepseek-v3.2,dictator,4,5,1,I share 2 dollars.,2.0,0.4,4.397394180297852
deepseek/deepseek-v3.2,dictator,4,5,2,I share $2 dollars.,2.0,0.4,10.234087467193604
deepseek/deepseek-v3.2,dictator,4,5,3,I share 2 dollars.,2.0,0.4,6.232866287231445
deepseek/deepseek-v3.2,dictator,2,250000,1,"I share $125,000 dollars.",125000.0,0.5,11.13996148109436
deepseek/deepseek-v3.2,dictator,2,250000,2,"I share $125,000 dollars.",125000.0,0.5,9.7122483253479
deepseek/deepseek-v3.2,dictator,2,250000,3,I share 125000 dollars.,125000.0,0.5,6.580288648605347
deepseek/deepseek-v3.2,dictator,4,3,1,I share 1.5 dollars.,1.5,0.5,7.125554800033569
deepseek/deepseek-v3.2,dictator,4,3,2,I share 1.50 dollars.,1.5,0.5,8.869733810424805
deepseek/deepseek-v3.2,dictator,4,3,3,I share 1.5 dollars.,1.5,0.5,5.953338623046875
deepseek/deepseek-v3.2,dictator,4,8,1,I share 4 dollars,4.0,0.5,7.259144306182861
deepseek/deepseek-v3.2,dictator,4,8,2,I share 4 dollars,4.0,0.5,4.608685731887817
deepseek/deepseek-v3.2,dictator,4,8,3,I share 4 dollars.,4.0,0.5,6.233536243438721
deepseek/deepseek-v3.2,dictator,4,12,1,I share 3 dollars.,3.0,0.25,8.085262775421143
deepseek/deepseek-v3.2,dictator,4,12,2,I share 5 dollars.,5.0,0.4166666666666667,3.7228949069976807
deepseek/deepseek-v3.2,dictator,4,12,3,I share 6 dollars.,6.0,0.5,6.532972812652588
deepseek/deepseek-v3.2,dictator,4,10,1,I share 4 dollars.,4.0,0.4,8.405364751815796
deepseek/deepseek-v3.2,dictator,4,10,2,I share 4 dollars.,4.0,0.4,4.190347909927368
deepseek/deepseek-v3.2,dictator,4,10,3,I share 5 dollars.,5.0,0.5,8.175187110900879
deepseek/deepseek-v3.2,dictator,4,41,1,I share 0 dollars.,0.0,0.0,7.3639235496521
deepseek/deepseek-v3.2,dictator,4,41,2,I share $20 dollars,20.0,0.4878048780487805,4.953328847885132
deepseek/deepseek-v3.2,dictator,4,41,3,I share 16 dollars.,16.0,0.3902439024390244,5.77988076210022
deepseek/deepseek-v3.2,dictator,4,27,1,I share 9 dollars,9.0,0.3333333333333333,6.803948402404785
deepseek/deepseek-v3.2,dictator,4,27,2,I share 14 dollars.,14.0,0.5185185185185185,5.231305837631226
deepseek/deepseek-v3.2,dictator,4,27,3,I share 13 dollars.,13.0,0.48148148148148145,7.076638698577881
deepseek/deepseek-v3.2,dictator,4,18,1,I share 9 dollars,9.0,0.5,9.376001834869385
deepseek/deepseek-v3.2,dictator,4,18,2,I share 9 dollars.,9.0,0.5,4.484780550003052
deepseek/deepseek-v3.2,dictator,4,18,3,I share 9 dollars.,9.0,0.5,7.3041675090789795
deepseek/deepseek-v3.2,dictator,4,63,1,I share 28 dollars.,28.0,0.4444444444444444,7.762374639511108
deepseek/deepseek-v3.2,dictator,4,63,2,I share 31 dollars.,31.0,0.49206349206349204,6.911261796951294
deepseek/deepseek-v3.2,dictator,4,63,3,I share 20 dollars.,20.0,0.31746031746031744,4.691331624984741
deepseek/deepseek-v3.2,dictator,4,144,1,I share 72 dollars.,72.0,0.5,3.9604434967041016
deepseek/deepseek-v3.2,dictator,4,144,2,I share 40 dollars.,40.0,0.2777777777777778,6.890907526016235
deepseek/deepseek-v3.2,dictator,4,144,3,I share 72 dollars.,72.0,0.5,6.038245916366577
deepseek/deepseek-v3.2,dictator,4,95,1,I share 38 dollars.,38.0,0.4,7.067978620529175
deepseek/deepseek-v3.2,dictator,4,95,2,I share 38 dollars.,38.0,0.4,6.925538063049316
deepseek/deepseek-v3.2,dictator,4,95,3,I share 40 dollars.,40.0,0.42105263157894735,5.6443610191345215
deepseek/deepseek-v3.2,dictator,4,217,1,I share 80 dollars.,80.0,0.3686635944700461,1.9758827686309814
deepseek/deepseek-v3.2,dictator,4,217,2,I share 108 dollars.,108.0,0.4976958525345622,4.872543573379517
deepseek/deepseek-v3.2,dictator,4,217,3,I share 100 dollars,100.0,0.4608294930875576,7.863849639892578
deepseek/deepseek-v3.2,dictator,4,496,1,I share 124 dollars.,124.0,0.25,6.313116073608398
deepseek/deepseek-v3.2,dictator,4,496,2,I share 248 dollars.,248.0,0.5,4.83524751663208
deepseek/deepseek-v3.2,dictator,4,496,3,I share 124 dollars.,124.0,0.25,10.033550500869751
deepseek/deepseek-v3.2,dictator,4,328,1,I share 164 dollars.,164.0,0.5,7.450632572174072
deepseek/deepseek-v3.2,dictator,4,328,2,I share 164 dollars.,164.0,0.5,6.530879259109497
deepseek/deepseek-v3.2,dictator,4,328,3,I share 164 dollars.,164.0,0.5,16.20263433456421
deepseek/deepseek-v3.2,dictator,4,751,1,I share 400 dollars.,400.0,0.5326231691078562,8.781765222549438
deepseek/deepseek-v3.2,dictator,4,751,2,I share 280 dollars.,280.0,0.37283621837549935,9.572778224945068
deepseek/deepseek-v3.2,dictator,4,751,3,I share 200 dollars,200.0,0.2663115845539281,6.097488641738892
deepseek/deepseek-v3.2,dictator,4,3926,1,I share 981 dollars.,981.0,0.249872643912379,6.432600736618042
deepseek/deepseek-v3.2,dictator,4,3926,2,I share 1500 dollars.,1500.0,0.38206826286296486,1.9427967071533203
deepseek/deepseek-v3.2,dictator,4,3926,3,I share $1570 dollars.,1570.0,0.3998981151299032,10.868683338165283
deepseek/deepseek-v3.2,dictator,4,2596,1,I share 1298 dollars,1298.0,0.5,9.517483949661255
deepseek/deepseek-v3.2,dictator,4,2596,2,I share 1040 dollars.,1040.0,0.40061633281972264,8.757226467132568
deepseek/deepseek-v3.2,dictator,4,2596,3,I share 500 dollars.,500.0,0.1926040061633282,10.143689393997192
deepseek/deepseek-v3.2,dictator,4,1717,1,I share 600 dollars.,600.0,0.34944670937682004,10.282809019088745
deepseek/deepseek-v3.2,dictator,4,1717,2,I share $858 dollars.,858.0,0.49970879440885263,6.738196611404419
deepseek/deepseek-v3.2,dictator,4,1717,3,I share 429 dollars.,429.0,0.24985439720442632,11.970905542373657
deepseek/deepseek-v3.2,dictator,4,1135,1,I share 450 dollars.,450.0,0.3964757709251101,10.01553225517273
deepseek/deepseek-v3.2,dictator,4,1135,2,I share 400 dollars.,400.0,0.3524229074889868,9.209911346435547
deepseek/deepseek-v3.2,dictator,4,1135,3,I share 600 dollars.,600.0,0.5286343612334802,10.613198518753052
deepseek/deepseek-v3.2,dictator,4,8979,1,I share 3000 dollars.,3000.0,0.3341129301703976,11.338160276412964
deepseek/deepseek-v3.2,dictator,4,8979,2,I share 2693 dollars,2693.0,0.29992204031629355,1.5700747966766357
deepseek/deepseek-v3.2,dictator,4,8979,3,I share 3000 dollars,3000.0,0.3341129301703976,12.491483449935913
deepseek/deepseek-v3.2,dictator,4,5938,1,I share 2970 dollars.,2970.0,0.5001684068710003,11.757933855056763
deepseek/deepseek-v3.2,dictator,4,5938,2,I share 1500 dollars.,1500.0,0.2526103065005052,1.9855105876922607
deepseek/deepseek-v3.2,dictator,4,5938,3,I share 2970 dollars.,2970.0,0.5001684068710003,12.534664630889893
deepseek/deepseek-v3.2,dictator,4,20531,1,"I share 10,265 dollars.",10265.0,0.49997564658321564,1.5358474254608154
deepseek/deepseek-v3.2,dictator,4,20531,2,"I share $10,265 dollars.",10265.0,0.49997564658321564,11.631635427474976
deepseek/deepseek-v3.2,dictator,4,20531,3,I share 8200 dollars.,8200.0,0.3993960352637475,9.99650263786316
deepseek/deepseek-v3.2,dictator,4,13578,1,"I share $6,789 dollars.",6789.0,0.5,3.0370535850524902
deepseek/deepseek-v3.2,dictator,4,13578,2,I share 4000 dollars,4000.0,0.29459419649432905,9.721649169921875
deepseek/deepseek-v3.2,dictator,4,13578,3,I share 4000 dollars,4000.0,0.29459419649432905,11.891268253326416
deepseek/deepseek-v3.2,dictator,4,46962,1,"I share $14,000 dollars.",14000.0,0.29811336825518503,11.749279260635376
deepseek/deepseek-v3.2,dictator,4,46962,2,"I share $18,784 dollars.",18784.0,0.39998296495038543,10.887553453445435
deepseek/deepseek-v3.2,dictator,4,46962,3,"I share $18,785 dollars.",18785.0,0.40000425876240364,3.372061252593994
deepseek/deepseek-v3.2,dictator,4,31054,1,"I share $15,527 dollars.",15527.0,0.5,2.016756534576416
deepseek/deepseek-v3.2,dictator,4,31054,2,"I share 12,422 dollars.",12422.0,0.40001288078830427,13.640282392501831
deepseek/deepseek-v3.2,dictator,4,31054,3,I share $15527 dollars.,15527.0,0.5,11.992555379867554
deepseek/deepseek-v3.2,dictator,4,107392,1,"I share 50,000 dollars.",50000.0,0.4655840286054827,9.171756744384766
deepseek/deepseek-v3.2,dictator,4,107392,2,"I share $40,000 dollars.",40000.0,0.37246722288438616,1.626037836074829
deepseek/deepseek-v3.2,dictator,4,107392,3,I share 43000 dollars.,43000.0,0.40040226460071515,7.202603101730347
deepseek/deepseek-v3.2,dictator,4,71000,1,"I share $35,500 dollars.",35500.0,0.5,9.668540716171265
deepseek/deepseek-v3.2,dictator,4,71000,2,"I share $35,500 dollars.",35500.0,0.5,1.516310453414917
deepseek/deepseek-v3.2,dictator,4,71000,3,"I share 35,500 dollars.",35500.0,0.5,7.316543102264404
deepseek/deepseek-v3.2,dictator,4,162379,1,"I share $80,000 dollars.",80000.0,0.49267454535377114,3.4316062927246094
deepseek/deepseek-v3.2,dictator,4,162379,2,"I share $81,189.50 dollars",81189.5,0.5,4.654001951217651
deepseek/deepseek-v3.2,dictator,4,162379,3,"I share $60,000 dollars.",60000.0,0.3695059090153283,7.344972610473633
deepseek/deepseek-v3.2,dictator,6,1,1,I share 0.40 dollars.,0.4,0.4,5.323341131210327
deepseek/deepseek-v3.2,dictator,6,1,2,I share 0.50 dollars,0.5,0.5,5.0203025341033936
deepseek/deepseek-v3.2,dictator,6,1,3,I share 0.50 dollars.,0.5,0.5,5.356268405914307
deepseek/deepseek-v3.2,dictator,4,250000,1,I share 125000 dollars.,125000.0,0.5,6.313026189804077
deepseek/deepseek-v3.2,dictator,4,250000,2,"I share $62,500 dollars.",62500.0,0.25,6.302364826202393
deepseek/deepseek-v3.2,dictator,4,250000,3,"I share 100,000 dollars",100000.0,0.4,5.667618274688721
deepseek/deepseek-v3.2,dictator,6,2,1,I share 1 dollars,1.0,0.5,3.371577739715576
deepseek/deepseek-v3.2,dictator,6,2,2,I share 1 dollar.,1.0,0.5,6.623276472091675
deepseek/deepseek-v3.2,dictator,6,2,3,I share 1 dollars,1.0,0.5,6.538585186004639
deepseek/deepseek-v3.2,dictator,6,3,1,I share 1 dollar.,1.0,0.3333333333333333,6.453005313873291
deepseek/deepseek-v3.2,dictator,6,3,2,I share 1.50 dollars.,1.5,0.5,6.785700082778931
deepseek/deepseek-v3.2,dictator,6,3,3,I share $1.50 dollars.,1.5,0.5,4.726919651031494
deepseek/deepseek-v3.2,dictator,6,5,1,I share 2.50 dollars.,2.5,0.5,6.406034231185913
deepseek/deepseek-v3.2,dictator,6,5,2,I share 2.5 dollars.,2.5,0.5,4.465811729431152
deepseek/deepseek-v3.2,dictator,6,5,3,I share 2 dollars,2.0,0.4,10.298819541931152
deepseek/deepseek-v3.2,dictator,6,8,1,I share 4 dollars.,4.0,0.5,5.760894775390625
deepseek/deepseek-v3.2,dictator,6,8,2,I share 3 dollars,3.0,0.375,5.577991724014282
deepseek/deepseek-v3.2,dictator,6,8,3,I share 4 dollars.,4.0,0.5,8.680171728134155
deepseek/deepseek-v3.2,dictator,6,10,1,I share 4 dollars.,4.0,0.4,2.1570897102355957
deepseek/deepseek-v3.2,dictator,6,10,2,I share 5 dollars.,5.0,0.5,6.288306713104248
deepseek/deepseek-v3.2,dictator,6,10,3,I share 5 dollars.,5.0,0.5,8.642175436019897
deepseek/deepseek-v3.2,dictator,6,12,1,I share 6 dollars.,6.0,0.5,8.221993684768677
deepseek/deepseek-v3.2,dictator,6,12,2,I share 6 dollars.,6.0,0.5,5.241796493530273
deepseek/deepseek-v3.2,dictator,6,12,3,I share 4 dollars.,4.0,0.3333333333333333,5.827437400817871
deepseek/deepseek-v3.2,dictator,6,18,1,I share 9 dollars.,9.0,0.5,6.281487703323364
deepseek/deepseek-v3.2,dictator,6,18,2,I share 9 dollars.,9.0,0.5,6.84670352935791
deepseek/deepseek-v3.2,dictator,6,18,3,I share 8 dollars.,8.0,0.4444444444444444,6.043674468994141
deepseek/deepseek-v3.2,dictator,6,41,1,I share 15 dollars.,15.0,0.36585365853658536,4.465654134750366
deepseek/deepseek-v3.2,dictator,6,41,2,I share $20 dollars.,20.0,0.4878048780487805,5.240584850311279
deepseek/deepseek-v3.2,dictator,6,41,3,I share $20 dollars.,20.0,0.4878048780487805,1.521362066268921
deepseek/deepseek-v3.2,dictator,6,27,1,I share 13 dollars.,13.0,0.48148148148148145,6.154600143432617
deepseek/deepseek-v3.2,dictator,6,27,2,I share 9 dollars.,9.0,0.3333333333333333,10.188386678695679
deepseek/deepseek-v3.2,dictator,6,27,3,I share $13 dollars.,13.0,0.48148148148148145,9.505810499191284
deepseek/deepseek-v3.2,dictator,6,95,1,I share 40 dollars.,40.0,0.42105263157894735,7.72667121887207
deepseek/deepseek-v3.2,dictator,6,95,2,I share 47 dollars.,47.0,0.49473684210526314,8.359313011169434
deepseek/deepseek-v3.2,dictator,6,95,3,I share 47 dollars.,47.0,0.49473684210526314,7.246243000030518
deepseek/deepseek-v3.2,dictator,6,63,1,I share 28 dollars.,28.0,0.4444444444444444,4.654628038406372
deepseek/deepseek-v3.2,dictator,6,63,2,I share 31 dollars.,31.0,0.49206349206349204,11.979109525680542
deepseek/deepseek-v3.2,dictator,6,63,3,I share 31 dollars.,31.0,0.49206349206349204,7.409207344055176
deepseek/deepseek-v3.2,dictator,6,144,1,I share 72 dollars.,72.0,0.5,2.20892333984375
deepseek/deepseek-v3.2,dictator,6,144,2,I share 50 dollars.,50.0,0.3472222222222222,11.268605709075928
deepseek/deepseek-v3.2,dictator,6,144,3,I share $72 dollars.,72.0,0.5,7.259252548217773
deepseek/deepseek-v3.2,dictator,6,328,1,I share 100 dollars.,100.0,0.3048780487804878,10.660488367080688
deepseek/deepseek-v3.2,dictator,6,328,2,I share 110 dollars.,110.0,0.3353658536585366,7.233794212341309
deepseek/deepseek-v3.2,dictator,6,328,3,I share 84 dollars.,84.0,0.25609756097560976,6.492225170135498
deepseek/deepseek-v3.2,dictator,6,217,1,I share 80 dollars.,80.0,0.3686635944700461,12.211029291152954
deepseek/deepseek-v3.2,dictator,6,217,2,I share 90 dollars.,90.0,0.4147465437788018,11.903905630111694
deepseek/deepseek-v3.2,dictator,6,217,3,I share 108 dollars.,108.0,0.4976958525345622,12.709099292755127
deepseek/deepseek-v3.2,dictator,6,496,1,I share 124 dollars.,124.0,0.25,7.3090832233428955
deepseek/deepseek-v3.2,dictator,6,496,2,I share 248 dollars.,248.0,0.5,6.251978397369385
deepseek/deepseek-v3.2,dictator,6,496,3,I share 200 dollars.,200.0,0.4032258064516129,11.538255214691162
deepseek/deepseek-v3.2,dictator,6,751,1,I share 100 dollars.,100.0,0.13315579227696406,6.5731260776519775
deepseek/deepseek-v3.2,dictator,6,751,2,I share 188 dollars,188.0,0.25033288948069243,9.426246643066406
deepseek/deepseek-v3.2,dictator,6,751,3,I share 0 dollars.,0.0,0.0,6.3660032749176025
deepseek/deepseek-v3.2,dictator,6,1135,1,I share 200 dollars.,200.0,0.1762114537444934,5.338172197341919
deepseek/deepseek-v3.2,dictator,6,1135,2,I share 500 dollars.,500.0,0.44052863436123346,10.557912826538086
deepseek/deepseek-v3.2,dictator,6,1135,3,I share 550 dollars.,550.0,0.4845814977973568,6.5928473472595215
deepseek/deepseek-v3.2,dictator,6,1717,1,I share 400 dollars.,400.0,0.23296447291788003,6.0726213455200195
deepseek/deepseek-v3.2,dictator,6,1717,2,I share 600 dollars.,600.0,0.34944670937682004,5.995105981826782
deepseek/deepseek-v3.2,dictator,6,1717,3,I share 800 dollars.,800.0,0.46592894583576006,7.0433509349823
deepseek/deepseek-v3.2,dictator,6,2596,1,"I share 1,298 dollars.",1298.0,0.5,11.52944803237915
deepseek/deepseek-v3.2,dictator,6,2596,2,I share 1298 dollars.,1298.0,0.5,4.816899299621582
deepseek/deepseek-v3.2,dictator,6,2596,3,I share 1298 dollars.,1298.0,0.5,7.352987766265869
deepseek/deepseek-v3.2,dictator,6,5938,1,I share 2970 dollars.,2970.0,0.5001684068710003,4.747275352478027
deepseek/deepseek-v3.2,dictator,6,5938,2,"I share 2,500 dollars.",2500.0,0.42101717750084205,6.5603320598602295
deepseek/deepseek-v3.2,dictator,6,5938,3,"I share 1,984 dollars.",1984.0,0.33411923206466826,4.326760292053223
deepseek/deepseek-v3.2,dictator,6,3926,1,I share $1500 dollars.,1500.0,0.38206826286296486,4.502743482589722
deepseek/deepseek-v3.2,dictator,6,3926,2,"I share $1,500 dollars.",1500.0,0.38206826286296486,4.875428676605225
deepseek/deepseek-v3.2,dictator,6,3926,3,I share 981 dollars.,981.0,0.249872643912379,5.680023670196533
deepseek/deepseek-v3.2,dictator,6,8979,1,I share 4490 dollars.,4490.0,0.5000556854883618,5.722135305404663
deepseek/deepseek-v3.2,dictator,6,8979,2,I share 4490 dollars.,4490.0,0.5000556854883618,5.91182017326355
deepseek/deepseek-v3.2,dictator,6,8979,3,"I share $1,800 dollars.",1800.0,0.20046775810223855,5.890023946762085
deepseek/deepseek-v3.2,dictator,6,20531,1,I share 8200 dollars,8200.0,0.3993960352637475,4.577081203460693
deepseek/deepseek-v3.2,dictator,6,20531,2,I share 10265 dollars.,10265.0,0.49997564658321564,5.7105631828308105
deepseek/deepseek-v3.2,dictator,6,20531,3,I share 8200 dollars,8200.0,0.3993960352637475,4.927444934844971
deepseek/deepseek-v3.2,dictator,6,13578,1,I share 5000 dollars.,5000.0,0.3682427456179113,5.751972436904907
deepseek/deepseek-v3.2,dictator,6,13578,2,I share 6780 dollars.,6780.0,0.4993371630578878,5.838186979293823
deepseek/deepseek-v3.2,dictator,6,13578,3,I share 6789 dollars.,6789.0,0.5,7.138763666152954
deepseek/deepseek-v3.2,dictator,6,31054,1,I share 15527 dollars.,15527.0,0.5,5.2491350173950195
deepseek/deepseek-v3.2,dictator,6,31054,2,"I share 10,350 dollars.",10350.0,0.3332903973723192,5.2644383907318115
deepseek/deepseek-v3.2,dictator,6,31054,3,"I share $15,527 dollars.",15527.0,0.5,6.6430277824401855
deepseek/deepseek-v3.2,dictator,6,46962,1,"I share 15,000 dollars.",15000.0,0.3194071802734125,6.198514461517334
deepseek/deepseek-v3.2,dictator,6,46962,2,I share 20000 dollars.,20000.0,0.4258762403645501,5.553507328033447
deepseek/deepseek-v3.2,dictator,6,46962,3,"I share $15,000 dollars.",15000.0,0.3194071802734125,5.49457573890686
deepseek/deepseek-v3.2,dictator,6,71000,1,"I share $23,667 dollars.",23667.0,0.3333380281690141,7.212502717971802
deepseek/deepseek-v3.2,dictator,6,71000,2,"I share $35,500 dollars",35500.0,0.5,4.437099456787109
deepseek/deepseek-v3.2,dictator,6,71000,3,I share 35500 dollars.,35500.0,0.5,6.5523293018341064
deepseek/deepseek-v3.2,dictator,6,107392,1,"I share 50,000 dollars.",50000.0,0.4655840286054827,7.09312629699707
deepseek/deepseek-v3.2,dictator,6,107392,2,I share 53696 dollars.,53696.0,0.5,4.406419277191162
deepseek/deepseek-v3.2,dictator,6,107392,3,"I share 30,000 dollars.",30000.0,0.2793504171632896,6.6921706199646
deepseek/deepseek-v3.2,dictator,6,250000,1,"I share $80,000 dollars.",80000.0,0.32,4.512242317199707
deepseek/deepseek-v3.2,dictator,6,250000,2,"I share 125,000 dollars.",125000.0,0.5,5.630990982055664
deepseek/deepseek-v3.2,dictator,6,250000,3,"I share $90,000 dollars.",90000.0,0.36,6.367608070373535
deepseek/deepseek-v3.2,dictator,8,1,1,I share $0.50 dollars.,0.5,0.5,5.462472200393677
deepseek/deepseek-v3.2,dictator,8,1,2,I share 0 dollars,0.0,0.0,4.546522378921509
deepseek/deepseek-v3.2,dictator,8,1,3,I share 0.50 dollars.,0.5,0.5,6.282548904418945
deepseek/deepseek-v3.2,dictator,8,2,1,I share 1 dollar,1.0,0.5,9.910273313522339
deepseek/deepseek-v3.2,dictator,8,2,2,I share 1 dollar.,1.0,0.5,5.1527791023254395
deepseek/deepseek-v3.2,dictator,8,2,3,I share 1 dollar.,1.0,0.5,7.850774765014648
deepseek/deepseek-v3.2,dictator,6,162379,1,"I share $70,000 dollars",70000.0,0.4310902271845497,6.695484399795532
deepseek/deepseek-v3.2,dictator,6,162379,2,"I share $65,000 dollars",65000.0,0.400298068099939,4.380211353302002
deepseek/deepseek-v3.2,dictator,6,162379,3,I share $65000 dollars.,65000.0,0.400298068099939,3.9729368686676025
deepseek/deepseek-v3.2,dictator,8,3,1,I share 1.5 dollars.,1.5,0.5,5.979614496231079
deepseek/deepseek-v3.2,dictator,8,3,2,I share 1.50 dollars.,1.5,0.5,7.7220025062561035
deepseek/deepseek-v3.2,dictator,8,3,3,I share 1.50 dollars,1.5,0.5,5.929335355758667
deepseek/deepseek-v3.2,dictator,8,10,1,I share 4 dollars.,4.0,0.4,6.143727779388428
deepseek/deepseek-v3.2,dictator,8,10,2,I share 4 dollars,4.0,0.4,4.634995698928833
deepseek/deepseek-v3.2,dictator,8,10,3,I share 4 dollars.,4.0,0.4,5.209325790405273
deepseek/deepseek-v3.2,dictator,8,5,1,I share 2 dollars.,2.0,0.4,6.8691771030426025
deepseek/deepseek-v3.2,dictator,8,5,2,I share 1 dollars,1.0,0.2,4.9501636028289795
deepseek/deepseek-v3.2,dictator,8,5,3,I share 2 dollars.,2.0,0.4,8.26180362701416
deepseek/deepseek-v3.2,dictator,8,8,1,I share 4 dollars,4.0,0.5,7.271822214126587
deepseek/deepseek-v3.2,dictator,8,8,2,I share 4 dollars.,4.0,0.5,4.0955729484558105
deepseek/deepseek-v3.2,dictator,8,8,3,I share 4 dollars.,4.0,0.5,7.866675853729248
deepseek/deepseek-v3.2,dictator,8,27,1,I share 13 dollars,13.0,0.48148148148148145,8.989697217941284
deepseek/deepseek-v3.2,dictator,8,27,2,I share 13 dollars,13.0,0.48148148148148145,1.105039119720459
deepseek/deepseek-v3.2,dictator,8,27,3,I share 8 dollars.,8.0,0.2962962962962963,0.7538366317749023
deepseek/deepseek-v3.2,dictator,8,63,1,I share 35 dollars.,35.0,0.5555555555555556,4.024582386016846
deepseek/deepseek-v3.2,dictator,8,63,2,I share 20 dollars.,20.0,0.31746031746031744,1.5857105255126953
deepseek/deepseek-v3.2,dictator,8,63,3,I share 25 dollars.,25.0,0.3968253968253968,1.8454744815826416
deepseek/deepseek-v3.2,dictator,8,12,1,I share 6 dollars.,6.0,0.5,6.267747163772583
deepseek/deepseek-v3.2,dictator,8,12,2,I share 6 dollars,6.0,0.5,6.317409515380859
deepseek/deepseek-v3.2,dictator,8,12,3,I share 5 dollars.,5.0,0.4166666666666667,4.039501905441284
deepseek/deepseek-v3.2,dictator,8,18,1,I share 9 dollars.,9.0,0.5,4.959009885787964
deepseek/deepseek-v3.2,dictator,8,18,2,I share 9 dollars.,9.0,0.5,9.28942584991455
deepseek/deepseek-v3.2,dictator,8,18,3,I share 9 dollars.,9.0,0.5,8.84105920791626
deepseek/deepseek-v3.2,dictator,8,95,1,I share 50 dollars.,50.0,0.5263157894736842,6.06178092956543
deepseek/deepseek-v3.2,dictator,8,95,2,I share 42 dollars.,42.0,0.4421052631578947,6.793991804122925
deepseek/deepseek-v3.2,dictator,8,95,3,I share 40 dollars.,40.0,0.42105263157894735,7.030011892318726
deepseek/deepseek-v3.2,dictator,8,41,1,I share 20 dollars.,20.0,0.4878048780487805,9.587295055389404
deepseek/deepseek-v3.2,dictator,8,41,2,I share $15 dollars.,15.0,0.36585365853658536,6.714962005615234
deepseek/deepseek-v3.2,dictator,8,41,3,I share 20 dollars.,20.0,0.4878048780487805,5.0366833209991455
deepseek/deepseek-v3.2,dictator,8,217,1,I share 85 dollars.,85.0,0.391705069124424,7.580006122589111
deepseek/deepseek-v3.2,dictator,8,217,2,I share 80 dollars.,80.0,0.3686635944700461,4.869941473007202
deepseek/deepseek-v3.2,dictator,8,217,3,I share 90 dollars,90.0,0.4147465437788018,7.520055532455444
deepseek/deepseek-v3.2,dictator,8,328,1,I share 164 dollars.,164.0,0.5,6.069498538970947
deepseek/deepseek-v3.2,dictator,8,328,2,I share 150 dollars,150.0,0.4573170731707317,6.882120609283447
deepseek/deepseek-v3.2,dictator,8,328,3,I share 164 dollars.,164.0,0.5,6.433689832687378
deepseek/deepseek-v3.2,dictator,8,496,1,I share $248 dollars.,248.0,0.5,5.33198881149292
deepseek/deepseek-v3.2,dictator,8,496,2,I share 80 dollars.,80.0,0.16129032258064516,5.859636306762695
deepseek/deepseek-v3.2,dictator,8,496,3,I share $248 dollars.,248.0,0.5,6.195396900177002
deepseek/deepseek-v3.2,dictator,8,144,1,I share $72 dollars.,72.0,0.5,5.3893444538116455
deepseek/deepseek-v3.2,dictator,8,144,2,I share $72 dollars.,72.0,0.5,12.036583185195923
deepseek/deepseek-v3.2,dictator,8,144,3,I share 72 dollars.,72.0,0.5,5.2825071811676025
deepseek/deepseek-v3.2,dictator,8,1135,1,I share 400 dollars.,400.0,0.3524229074889868,7.703415393829346
deepseek/deepseek-v3.2,dictator,8,1135,2,I share 340 dollars.,340.0,0.29955947136563876,5.623903751373291
deepseek/deepseek-v3.2,dictator,8,1135,3,I share 340 dollars.,340.0,0.29955947136563876,6.023056507110596
deepseek/deepseek-v3.2,dictator,8,2596,1,I share 1300 dollars.,1300.0,0.5007704160246533,4.750644683837891
deepseek/deepseek-v3.2,dictator,8,2596,2,I share $800 dollars.,800.0,0.3081664098613251,5.470142602920532
deepseek/deepseek-v3.2,dictator,8,2596,3,I share 500 dollars.,500.0,0.1926040061633282,7.879114627838135
deepseek/deepseek-v3.2,dictator,8,751,1,I share 188 dollars,188.0,0.25033288948069243,6.5421130657196045
deepseek/deepseek-v3.2,dictator,8,751,2,I share 376 dollars.,376.0,0.5006657789613849,14.056668519973755
deepseek/deepseek-v3.2,dictator,8,751,3,I share 200 dollars.,200.0,0.2663115845539281,5.892579555511475
deepseek/deepseek-v3.2,dictator,8,1717,1,I share 860 dollars.,860.0,0.500873616773442,5.1919660568237305
deepseek/deepseek-v3.2,dictator,8,1717,2,I share 300 dollars.,300.0,0.17472335468841002,5.414566993713379
deepseek/deepseek-v3.2,dictator,8,1717,3,I share 700 dollars.,700.0,0.40768782760629,5.783081531524658
deepseek/deepseek-v3.2,dictator,8,3926,1,I share 1000 dollars.,1000.0,0.2547121752419766,5.412696361541748
deepseek/deepseek-v3.2,dictator,8,3926,2,I share 981 dollars.,981.0,0.249872643912379,6.256414175033569
deepseek/deepseek-v3.2,dictator,8,3926,3,I share 981 dollars.,981.0,0.249872643912379,6.379245758056641
deepseek/deepseek-v3.2,dictator,8,5938,1,"I share 2,000 dollars.",2000.0,0.33681374200067365,6.45348048210144
deepseek/deepseek-v3.2,dictator,8,5938,2,"I share 2,000 dollars.",2000.0,0.33681374200067365,5.922915458679199
deepseek/deepseek-v3.2,dictator,8,5938,3,"I share $2,000 dollars.",2000.0,0.33681374200067365,4.703498840332031
deepseek/deepseek-v3.2,dictator,8,13578,1,I share 6000 dollars.,6000.0,0.4418912947414936,4.482471227645874
deepseek/deepseek-v3.2,dictator,8,13578,2,"I share 6,789 dollars.",6789.0,0.5,7.374227046966553
deepseek/deepseek-v3.2,dictator,8,13578,3,I share 6789 dollars.,6789.0,0.5,8.94974660873413
deepseek/deepseek-v3.2,dictator,8,8979,1,I share 4490 dollars,4490.0,0.5000556854883618,6.115107774734497
deepseek/deepseek-v3.2,dictator,8,8979,2,I share 4490 dollars.,4490.0,0.5000556854883618,5.349059104919434
deepseek/deepseek-v3.2,dictator,8,8979,3,I share 3500 dollars.,3500.0,0.38979841853213054,11.544485330581665
deepseek/deepseek-v3.2,dictator,8,46962,1,"I share 23,481 dollars.",23481.0,0.5,3.816760540008545
deepseek/deepseek-v3.2,dictator,8,46962,2,"I share 15,000 dollars.",15000.0,0.3194071802734125,12.123862981796265
deepseek/deepseek-v3.2,dictator,8,46962,3,"I share 15,000 dollars.",15000.0,0.3194071802734125,2.3600857257843018
deepseek/deepseek-v3.2,dictator,8,20531,1,I share 10265 dollars.,10265.0,0.49997564658321564,4.9044787883758545
deepseek/deepseek-v3.2,dictator,8,20531,2,I share 10265 dollars.,10265.0,0.49997564658321564,4.054231882095337
deepseek/deepseek-v3.2,dictator,8,20531,3,I share 7000 dollars.,7000.0,0.34094783498124787,16.579997539520264
deepseek/deepseek-v3.2,dictator,8,31054,1,"I share $15,527 dollars",15527.0,0.5,5.689044237136841
deepseek/deepseek-v3.2,dictator,8,31054,2,"I share 15,527 dollars.",15527.0,0.5,11.20775055885315
deepseek/deepseek-v3.2,dictator,8,31054,3,"I share $12,000 dollars",12000.0,0.3864236491273266,6.746079206466675
deepseek/deepseek-v3.2,dictator,8,71000,1,"I share 35,500 dollars",35500.0,0.5,11.317147493362427
deepseek/deepseek-v3.2,dictator,8,71000,2,I share $35500 dollars.,35500.0,0.5,1.9049179553985596
deepseek/deepseek-v3.2,dictator,8,71000,3,"I share $14,200 dollars.",14200.0,0.2,6.716948747634888
deepseek/deepseek-v3.2,dictator,8,107392,1,"I share $53,696 dollars.",53696.0,0.5,1.5278332233428955
deepseek/deepseek-v3.2,dictator,8,107392,2,I share 48320 dollars.,48320.0,0.4499404052443385,6.8060643672943115
deepseek/deepseek-v3.2,dictator,8,107392,3,"I share 26,848 dollars.",26848.0,0.25,10.788598537445068
deepseek/deepseek-v3.2,dictator,10,1,1,I share 0.50 dollars.,0.5,0.5,3.385775089263916
deepseek/deepseek-v3.2,dictator,10,1,2,I share 0.50 dollars,0.5,0.5,10.706308364868164
deepseek/deepseek-v3.2,dictator,10,1,3,I share 0.50 dollars.,0.5,0.5,10.685537338256836
deepseek/deepseek-v3.2,dictator,8,250000,1,"I share $120,000 dollars.",120000.0,0.48,6.176627159118652
deepseek/deepseek-v3.2,dictator,8,250000,2,"I share 50,000 dollars",50000.0,0.2,10.688690423965454
deepseek/deepseek-v3.2,dictator,8,250000,3,"I share $60,000 dollars.",60000.0,0.24,11.711951732635498
deepseek/deepseek-v3.2,dictator,8,162379,1,"I share $81,189.50 dollars.",81189.5,0.5,4.704713344573975
deepseek/deepseek-v3.2,dictator,8,162379,2,I share 40594 dollars,40594.0,0.24999538117613732,10.745994806289673
deepseek/deepseek-v3.2,dictator,8,162379,3,"I share $80,000 dollars.",80000.0,0.49267454535377114,12.274892807006836
deepseek/deepseek-v3.2,dictator,10,2,1,I share 1 dollar.,1.0,0.5,11.006284713745117
deepseek/deepseek-v3.2,dictator,10,2,2,I share 1 dollar.,1.0,0.5,11.184608936309814
deepseek/deepseek-v3.2,dictator,10,2,3,I share 1 dollar.,1.0,0.5,10.685221195220947
deepseek/deepseek-v3.2,dictator,10,5,1,I share 2 dollars.,2.0,0.4,10.939034461975098
deepseek/deepseek-v3.2,dictator,10,5,2,I share 2 dollars.,2.0,0.4,10.828589677810669
deepseek/deepseek-v3.2,dictator,10,5,3,I share 2 dollars,2.0,0.4,6.4830546379089355
deepseek/deepseek-v3.2,dictator,10,3,1,I share 1.50 dollars.,1.5,0.5,20.789743423461914
deepseek/deepseek-v3.2,dictator,10,3,2,I share 1 dollar.,1.0,0.3333333333333333,11.841644287109375
deepseek/deepseek-v3.2,dictator,10,3,3,I share 1 dollar.,1.0,0.3333333333333333,6.388981819152832
deepseek/deepseek-v3.2,dictator,10,10,1,I share 5 dollars.,5.0,0.5,9.93074917793274
deepseek/deepseek-v3.2,dictator,10,10,2,I share 5 dollars,5.0,0.5,6.3693108558654785
deepseek/deepseek-v3.2,dictator,10,10,3,I share 5 dollars.,5.0,0.5,4.7798192501068115
deepseek/deepseek-v3.2,dictator,10,8,1,I share 3 dollars.,3.0,0.375,11.186360597610474
deepseek/deepseek-v3.2,dictator,10,8,2,I share 3 dollars.,3.0,0.375,4.51216459274292
deepseek/deepseek-v3.2,dictator,10,8,3,I share 4 dollars.,4.0,0.5,6.605675458908081
deepseek/deepseek-v3.2,dictator,10,12,1,I share 6 dollars,6.0,0.5,9.116118907928467
deepseek/deepseek-v3.2,dictator,10,12,2,I share 6 dollars.,6.0,0.5,4.786682844161987
deepseek/deepseek-v3.2,dictator,10,12,3,I share 6 dollars.,6.0,0.5,6.913726568222046
deepseek/deepseek-v3.2,dictator,10,63,1,I share 32 dollars.,32.0,0.5079365079365079,3.3180737495422363
deepseek/deepseek-v3.2,dictator,10,63,2,I share 25 dollars.,25.0,0.3968253968253968,3.629549503326416
deepseek/deepseek-v3.2,dictator,10,63,3,I share 25 dollars.,25.0,0.3968253968253968,0.8665452003479004
deepseek/deepseek-v3.2,dictator,10,27,1,I share $13.50 dollars.,13.5,0.5,4.797739505767822
deepseek/deepseek-v3.2,dictator,10,27,2,I share 13 dollars.,13.0,0.48148148148148145,2.566570997238159
deepseek/deepseek-v3.2,dictator,10,27,3,I share 13 dollars.,13.0,0.48148148148148145,11.875020980834961
deepseek/deepseek-v3.2,dictator,10,217,1,I share 108 dollars.,108.0,0.4976958525345622,5.4632248878479
deepseek/deepseek-v3.2,dictator,10,217,2,I share 65 dollars.,65.0,0.2995391705069124,0.763859748840332
deepseek/deepseek-v3.2,dictator,10,217,3,I share 108 dollars.,108.0,0.4976958525345622,0.8646986484527588
deepseek/deepseek-v3.2,dictator,10,41,1,I share 16 dollars.,16.0,0.3902439024390244,10.888096570968628
deepseek/deepseek-v3.2,dictator,10,41,2,I share 20 dollars.,20.0,0.4878048780487805,3.968414068222046
deepseek/deepseek-v3.2,dictator,10,41,3,I share $20 dollars.,20.0,0.4878048780487805,6.9634222984313965
deepseek/deepseek-v3.2,dictator,10,18,1,I share 9 dollars.,9.0,0.5,10.777876615524292
deepseek/deepseek-v3.2,dictator,10,18,2,I share 8 dollars.,8.0,0.4444444444444444,10.727666854858398
deepseek/deepseek-v3.2,dictator,10,18,3,I share 9 dollars.,9.0,0.5,16.28846836090088
deepseek/deepseek-v3.2,dictator,10,95,1,I share 40 dollars.,40.0,0.42105263157894735,2.9220383167266846
deepseek/deepseek-v3.2,dictator,10,95,2,I share 40 dollars,40.0,0.42105263157894735,16.853922605514526
deepseek/deepseek-v3.2,dictator,10,95,3,I share 48 dollars.,48.0,0.5052631578947369,11.574581861495972
deepseek/deepseek-v3.2,dictator,10,328,1,I share 100 dollars.,100.0,0.3048780487804878,2.299686908721924
deepseek/deepseek-v3.2,dictator,10,328,2,I share 164 dollars.,164.0,0.5,13.159462213516235
deepseek/deepseek-v3.2,dictator,10,328,3,I share 160 dollars.,160.0,0.4878048780487805,6.197669267654419
deepseek/deepseek-v3.2,dictator,10,1135,1,I share 400 dollars.,400.0,0.3524229074889868,12.343001127243042
deepseek/deepseek-v3.2,dictator,10,1135,2,I share 500 dollars.,500.0,0.44052863436123346,1.7598493099212646
deepseek/deepseek-v3.2,dictator,10,1135,3,I share 450 dollars.,450.0,0.3964757709251101,11.597802639007568
deepseek/deepseek-v3.2,dictator,10,496,1,I share 200 dollars.,200.0,0.4032258064516129,14.392175197601318
deepseek/deepseek-v3.2,dictator,10,496,2,I share 200 dollars.,200.0,0.4032258064516129,5.452980041503906
deepseek/deepseek-v3.2,dictator,10,496,3,I share 124 dollars.,124.0,0.25,16.816598653793335
deepseek/deepseek-v3.2,dictator,10,751,1,I share 300 dollars.,300.0,0.3994673768308921,6.16501784324646
deepseek/deepseek-v3.2,dictator,10,751,2,I share 250 dollars.,250.0,0.33288948069241014,37.05966567993164
deepseek/deepseek-v3.2,dictator,10,751,3,I share 300 dollars.,300.0,0.3994673768308921,4.30364465713501
deepseek/deepseek-v3.2,dictator,10,1717,1,I share 858 dollars.,858.0,0.49970879440885263,26.36579203605652
deepseek/deepseek-v3.2,dictator,10,1717,2,I share 500 dollars.,500.0,0.29120559114735,6.679352045059204
deepseek/deepseek-v3.2,dictator,10,1717,3,I share 500 dollars.,500.0,0.29120559114735,5.535545825958252
deepseek/deepseek-v3.2,dictator,10,3926,1,I share $1500 dollars.,1500.0,0.38206826286296486,11.639070272445679
deepseek/deepseek-v3.2,dictator,10,3926,2,I share $1570 dollars.,1570.0,0.3998981151299032,7.160203456878662
deepseek/deepseek-v3.2,dictator,10,3926,3,I share 1000 dollars.,1000.0,0.2547121752419766,4.870516538619995
deepseek/deepseek-v3.2,dictator,10,5938,1,I share 2970 dollars.,2970.0,0.5001684068710003,7.3309266567230225
deepseek/deepseek-v3.2,dictator,10,5938,2,"I share $2,969 dollars.",2969.0,0.5,4.772810935974121
deepseek/deepseek-v3.2,dictator,10,5938,3,"I share 2,969 dollars.",2969.0,0.5,4.748123645782471
deepseek/deepseek-v3.2,dictator,10,2596,1,I share $1298 dollars.,1298.0,0.5,14.703292608261108
deepseek/deepseek-v3.2,dictator,10,2596,2,I share 600 dollars.,600.0,0.23112480739599384,21.590874433517456
deepseek/deepseek-v3.2,dictator,10,2596,3,I share 800 dollars.,800.0,0.3081664098613251,3.7092361450195312
deepseek/deepseek-v3.2,dictator,10,8979,1,I share 4490 dollars,4490.0,0.5000556854883618,5.2309277057647705
deepseek/deepseek-v3.2,dictator,10,8979,2,"I share 1,795 dollars.",1795.0,0.19991090321862123,8.87006402015686
deepseek/deepseek-v3.2,dictator,10,8979,3,"I share 4,490 dollars.",4490.0,0.5000556854883618,8.619215965270996
deepseek/deepseek-v3.2,dictator,10,20531,1,I share 10265 dollars,10265.0,0.49997564658321564,11.881446838378906
deepseek/deepseek-v3.2,dictator,10,20531,2,I share 8200 dollars,8200.0,0.3993960352637475,5.862180233001709
deepseek/deepseek-v3.2,dictator,10,20531,3,I share 10265 dollars,10265.0,0.49997564658321564,4.81171727180481
deepseek/deepseek-v3.2,dictator,10,46962,1,I share 14088 dollars.,14088.0,0.2999872237127891,10.962042808532715
deepseek/deepseek-v3.2,dictator,10,46962,2,I share 15000 dollars.,15000.0,0.3194071802734125,6.614345550537109
deepseek/deepseek-v3.2,dictator,10,46962,3,I share 20000 dollars.,20000.0,0.4258762403645501,7.181488990783691
deepseek/deepseek-v3.2,dictator,10,31054,1,"I share 10,000 dollars",10000.0,0.3220197076061055,20.52236247062683
deepseek/deepseek-v3.2,dictator,10,31054,2,"I share $15,527 dollars.",15527.0,0.5,3.0199131965637207
deepseek/deepseek-v3.2,dictator,10,31054,3,"I share 15,527 dollars.",15527.0,0.5,4.403167009353638
deepseek/deepseek-v3.2,dictator,10,71000,1,"I share $35,500 dollars",35500.0,0.5,5.038401126861572
deepseek/deepseek-v3.2,dictator,10,71000,2,I share 35500 dollars.,35500.0,0.5,5.306414365768433
deepseek/deepseek-v3.2,dictator,10,71000,3,I share 35000 dollars.,35000.0,0.49295774647887325,7.105748891830444
deepseek/deepseek-v3.2,dictator,10,107392,1,"I share $53,696 dollars.",53696.0,0.5,6.458301544189453
deepseek/deepseek-v3.2,dictator,10,107392,2,"I share 53,696 dollars.",53696.0,0.5,4.176447629928589
deepseek/deepseek-v3.2,dictator,10,107392,3,"I share 53,696 dollars.",53696.0,0.5,4.712782144546509
deepseek/deepseek-v3.2,dictator,10,13578,1,I share 6789 dollars.,6789.0,0.5,23.479459762573242
deepseek/deepseek-v3.2,dictator,10,13578,2,I share 6789 dollars,6789.0,0.5,7.4754416942596436
deepseek/deepseek-v3.2,dictator,10,13578,3,I share 4000 dollars.,4000.0,0.29459419649432905,5.9029762744903564
deepseek/deepseek-v3.2,dictator,12,1,1,I share 0.50 dollars.,0.5,0.5,3.7431461811065674
deepseek/deepseek-v3.2,dictator,12,1,2,I share 0.50 dollars.,0.5,0.5,15.315914392471313
deepseek/deepseek-v3.2,dictator,12,1,3,I share 0.40 dollars.,0.4,0.4,1.823207139968872
deepseek/deepseek-v3.2,dictator,10,250000,1,"I share 125,000 dollars",125000.0,0.5,4.794986009597778
deepseek/deepseek-v3.2,dictator,10,250000,2,"I share $100,000 dollars.",100000.0,0.4,23.377468585968018
deepseek/deepseek-v3.2,dictator,10,250000,3,I share 112500 dollars,112500.0,0.45,7.758027076721191
deepseek/deepseek-v3.2,dictator,12,2,1,I share $1.00 dollars.,1.0,0.5,5.83610463142395
deepseek/deepseek-v3.2,dictator,12,2,2,I share 1 dollar.,1.0,0.5,6.035760164260864
deepseek/deepseek-v3.2,dictator,12,2,3,I share 1 dollar,1.0,0.5,17.398014307022095
deepseek/deepseek-v3.2,dictator,12,5,1,I share 2 dollars.,2.0,0.4,8.511979103088379
deepseek/deepseek-v3.2,dictator,12,5,2,I share 2 dollars.,2.0,0.4,8.660541296005249
deepseek/deepseek-v3.2,dictator,12,5,3,I share 2 dollars,2.0,0.4,6.925885915756226
deepseek/deepseek-v3.2,dictator,12,10,1,I share 5 dollars.,5.0,0.5,7.778764009475708
deepseek/deepseek-v3.2,dictator,12,10,2,I share 4 dollars.,4.0,0.4,3.8961288928985596
deepseek/deepseek-v3.2,dictator,12,10,3,I share 5 dollars.,5.0,0.5,4.559459447860718
deepseek/deepseek-v3.2,dictator,10,162379,1,"I share $81,189 dollars.",81189.0,0.4999969207840915,18.21123170852661
deepseek/deepseek-v3.2,dictator,10,162379,2,"I share $64,952 dollars.",64952.0,0.40000246337272677,14.359773874282837
deepseek/deepseek-v3.2,dictator,10,162379,3,"I share $81,189 dollars",81189.0,0.4999969207840915,11.033108234405518
deepseek/deepseek-v3.2,dictator,12,12,1,I share 6 dollars.,6.0,0.5,6.397495746612549
deepseek/deepseek-v3.2,dictator,12,12,2,I share 6 dollars.,6.0,0.5,4.094082832336426
deepseek/deepseek-v3.2,dictator,12,12,3,I share 6 dollars.,6.0,0.5,5.961589813232422
deepseek/deepseek-v3.2,dictator,12,8,1,I share 4 dollars.,4.0,0.5,23.456452131271362
deepseek/deepseek-v3.2,dictator,12,8,2,I share 4 dollars.,4.0,0.5,3.30169677734375
deepseek/deepseek-v3.2,dictator,12,8,3,I share 4 dollars.,4.0,0.5,5.7079918384552
deepseek/deepseek-v3.2,dictator,12,3,1,I share $1 dollars.,1.0,0.3333333333333333,11.96081805229187
deepseek/deepseek-v3.2,dictator,12,3,2,I share 0.50 dollars.,0.5,0.16666666666666666,3.5019290447235107
deepseek/deepseek-v3.2,dictator,12,3,3,I share 1.50 dollars.,1.5,0.5,19.09949827194214
deepseek/deepseek-v3.2,dictator,12,18,1,I share 9 dollars.,9.0,0.5,18.616791248321533
deepseek/deepseek-v3.2,dictator,12,18,2,I share 9 dollars.,9.0,0.5,6.357110023498535
deepseek/deepseek-v3.2,dictator,12,18,3,I share 8 dollars.,8.0,0.4444444444444444,6.472114324569702
deepseek/deepseek-v3.2,dictator,12,27,1,I share 9 dollars.,9.0,0.3333333333333333,13.464238405227661
deepseek/deepseek-v3.2,dictator,12,27,2,I share 9 dollars.,9.0,0.3333333333333333,6.8195037841796875
deepseek/deepseek-v3.2,dictator,12,27,3,I share 13 dollars.,13.0,0.48148148148148145,7.616434097290039
deepseek/deepseek-v3.2,dictator,12,41,1,I share 15 dollars.,15.0,0.36585365853658536,5.072191476821899
deepseek/deepseek-v3.2,dictator,12,41,2,I share 15 dollars.,15.0,0.36585365853658536,9.028425693511963
deepseek/deepseek-v3.2,dictator,12,41,3,I share $21 dollars.,21.0,0.5121951219512195,15.272920608520508
deepseek/deepseek-v3.2,dictator,12,217,1,I share 87 dollars.,87.0,0.4009216589861751,8.183603525161743
deepseek/deepseek-v3.2,dictator,12,217,2,I share 60 dollars.,60.0,0.2764976958525346,10.870565414428711
deepseek/deepseek-v3.2,dictator,12,217,3,I share 100 dollars.,100.0,0.4608294930875576,6.13851523399353
deepseek/deepseek-v3.2,dictator,12,95,1,I share 40 dollars.,40.0,0.42105263157894735,17.148210048675537
deepseek/deepseek-v3.2,dictator,12,95,2,I share 38 dollars.,38.0,0.4,20.067527055740356
deepseek/deepseek-v3.2,dictator,12,95,3,I share 45 dollars.,45.0,0.47368421052631576,7.747393608093262
deepseek/deepseek-v3.2,dictator,12,144,1,I share 36 dollars.,36.0,0.25,6.656227111816406
deepseek/deepseek-v3.2,dictator,12,144,2,I share 72 dollars,72.0,0.5,8.184551239013672
deepseek/deepseek-v3.2,dictator,12,144,3,I share 72 dollars.,72.0,0.5,17.009155988693237
deepseek/deepseek-v3.2,dictator,12,751,1,I share 300 dollars.,300.0,0.3994673768308921,10.061697006225586
deepseek/deepseek-v3.2,dictator,12,751,2,I share 300 dollars.,300.0,0.3994673768308921,19.776660680770874
deepseek/deepseek-v3.2,dictator,12,751,3,I share 200 dollars.,200.0,0.2663115845539281,4.297584295272827
deepseek/deepseek-v3.2,dictator,12,1135,1,I share 450 dollars.,450.0,0.3964757709251101,5.824934244155884
deepseek/deepseek-v3.2,dictator,12,1135,2,I share 320 dollars.,320.0,0.28193832599118945,9.006118059158325
deepseek/deepseek-v3.2,dictator,12,1135,3,I share 265 dollars,265.0,0.23348017621145375,10.339459419250488
deepseek/deepseek-v3.2,dictator,12,328,1,I share 164 dollars.,164.0,0.5,9.128172397613525
deepseek/deepseek-v3.2,dictator,12,328,2,I share 164 dollars,164.0,0.5,15.95731496810913
deepseek/deepseek-v3.2,dictator,12,328,3,I share 164 dollars.,164.0,0.5,39.455920457839966
deepseek/deepseek-v3.2,dictator,12,1717,1,I share 400 dollars.,400.0,0.23296447291788003,5.617067575454712
deepseek/deepseek-v3.2,dictator,12,1717,2,I share 500 dollars.,500.0,0.29120559114735,8.19634747505188
deepseek/deepseek-v3.2,dictator,12,1717,3,I share 300 dollars.,300.0,0.17472335468841002,4.571131467819214
deepseek/deepseek-v3.2,dictator,12,496,1,I share 248 dollars.,248.0,0.5,10.237128734588623
deepseek/deepseek-v3.2,dictator,12,496,2,I share 248 dollars.,248.0,0.5,21.807281732559204
deepseek/deepseek-v3.2,dictator,12,496,3,I share 198 dollars,198.0,0.39919354838709675,12.657872915267944
deepseek/deepseek-v3.2,dictator,12,2596,1,I share 519 dollars.,519.0,0.19992295839753466,6.376384496688843
deepseek/deepseek-v3.2,dictator,12,2596,2,I share 600 dollars.,600.0,0.23112480739599384,16.43586778640747
deepseek/deepseek-v3.2,dictator,12,2596,3,I share 1298 dollars.,1298.0,0.5,8.883474349975586
deepseek/deepseek-v3.2,dictator,12,3926,1,I share 1300 dollars.,1300.0,0.33112582781456956,2.1860201358795166
deepseek/deepseek-v3.2,dictator,12,3926,2,I share 1570 dollars.,1570.0,0.3998981151299032,10.267772674560547
deepseek/deepseek-v3.2,dictator,12,3926,3,I share $981.50 dollars.,981.5,0.25,16.470863580703735
deepseek/deepseek-v3.2,dictator,12,5938,1,I share 2000 dollars,2000.0,0.33681374200067365,4.492466449737549
deepseek/deepseek-v3.2,dictator,12,5938,2,I share 2672 dollars.,2672.0,0.44998315931289995,15.229757308959961
deepseek/deepseek-v3.2,dictator,12,5938,3,"I share $1,487 dollars.",1487.0,0.2504210171775008,17.580427408218384
deepseek/deepseek-v3.2,dictator,12,13578,1,I share 5000 dollars.,5000.0,0.3682427456179113,5.477432012557983
deepseek/deepseek-v3.2,dictator,12,13578,2,I share 6780 dollars.,6780.0,0.4993371630578878,15.505872964859009
deepseek/deepseek-v3.2,dictator,12,13578,3,I share 6780 dollars,6780.0,0.4993371630578878,5.12861180305481
deepseek/deepseek-v3.2,dictator,12,8979,1,I share 4490 dollars.,4490.0,0.5000556854883618,4.927696466445923
deepseek/deepseek-v3.2,dictator,12,8979,2,I share 4000 dollars,4000.0,0.44548390689386347,7.308972597122192
deepseek/deepseek-v3.2,dictator,12,8979,3,I share 4490 dollars.,4490.0,0.5000556854883618,6.13312554359436
deepseek/deepseek-v3.2,dictator,12,46962,1,I share 14000 dollars,14000.0,0.29811336825518503,2.7759270668029785
deepseek/deepseek-v3.2,dictator,12,46962,2,I share 23500 dollars.,23500.0,0.5004045824283463,4.433996200561523
deepseek/deepseek-v3.2,dictator,12,46962,3,"I share 12,000 dollars.",12000.0,0.25552574421873003,7.08975887298584
deepseek/deepseek-v3.2,dictator,12,31054,1,"I share 15,527 dollars.",15527.0,0.5,3.19242787361145
deepseek/deepseek-v3.2,dictator,12,31054,2,I share 15527 dollars,15527.0,0.5,4.022455215454102
deepseek/deepseek-v3.2,dictator,12,31054,3,I share 12421 dollars,12421.0,0.3999806788175436,9.037213563919067
deepseek/deepseek-v3.2,dictator,12,20531,1,"I share 9,531 dollars.",9531.0,0.46422483074375337,14.621722221374512
deepseek/deepseek-v3.2,dictator,12,20531,2,I share 10265 dollars.,10265.0,0.49997564658321564,18.374534606933594
deepseek/deepseek-v3.2,dictator,12,20531,3,"I share 10,265 dollars.",10265.0,0.49997564658321564,6.161605596542358
deepseek/deepseek-v3.2,dictator,12,107392,1,"I share 50,000 dollars.",50000.0,0.4655840286054827,10.986640691757202
deepseek/deepseek-v3.2,dictator,12,107392,2,"I share $53,696 dollars.",53696.0,0.5,5.904797077178955
deepseek/deepseek-v3.2,dictator,12,107392,3,"I share $40,000 dollars.",40000.0,0.37246722288438616,4.58510422706604
deepseek/deepseek-v3.2,dictator,12,71000,1,I share 25000 dollars.,25000.0,0.352112676056338,22.446034908294678
deepseek/deepseek-v3.2,dictator,12,71000,2,I share 35500 dollars.,35500.0,0.5,2.6790366172790527
deepseek/deepseek-v3.2,dictator,12,71000,3,I share 35500 dollars,35500.0,0.5,5.266303300857544
deepseek/deepseek-v3.2,dictator,12,162379,1,I share 80000 dollars,80000.0,0.49267454535377114,8.582337617874146
deepseek/deepseek-v3.2,dictator,12,162379,2,"I share $60,000 dollars.",60000.0,0.3695059090153283,14.13661527633667
deepseek/deepseek-v3.2,dictator,12,162379,3,"I share 81,190 dollars.",81190.0,0.5000030792159085,5.154995441436768
deepseek/deepseek-v3.2,dictator,12,250000,1,"I share 100,000 dollars.",100000.0,0.4,8.739906311035156
deepseek/deepseek-v3.2,dictator,12,250000,2,I share 100000 dollars.,100000.0,0.4,13.44870400428772
deepseek/deepseek-v3.2,dictator,12,250000,3,I share 50000 dollars.,50000.0,0.2,2.6688082218170166
deepseek/deepseek-v3.2,dictator,14,1,1,I share 0.40 dollars.,0.4,0.4,3.561274290084839
deepseek/deepseek-v3.2,dictator,14,1,2,I share 0.50 dollars.,0.5,0.5,9.812161684036255
deepseek/deepseek-v3.2,dictator,14,1,3,I share 0.40 dollars.,0.4,0.4,2.833893060684204
deepseek/deepseek-v3.2,dictator,14,2,1,I share 0.80 dollars.,0.8,0.4,2.655611276626587
deepseek/deepseek-v3.2,dictator,14,2,2,I share 0 dollars,0.0,0.0,7.6800220012664795
deepseek/deepseek-v3.2,dictator,14,2,3,I share 1 dollar.,1.0,0.5,3.766146183013916
deepseek/deepseek-v3.2,dictator,14,8,1,I share 3 dollars.,3.0,0.375,7.362002611160278
deepseek/deepseek-v3.2,dictator,14,8,2,I share 4 dollars.,4.0,0.5,3.4513490200042725
deepseek/deepseek-v3.2,dictator,14,8,3,I share 4 dollars.,4.0,0.5,7.401950120925903
deepseek/deepseek-v3.2,dictator,14,5,1,I share 2 dollars.,2.0,0.4,5.039961099624634
deepseek/deepseek-v3.2,dictator,14,5,2,I share 2.50 dollars,2.5,0.5,6.326996088027954
deepseek/deepseek-v3.2,dictator,14,5,3,I share 2 dollars.,2.0,0.4,17.10214114189148
deepseek/deepseek-v3.2,dictator,14,3,1,I share $1 dollars.,1.0,0.3333333333333333,7.535012483596802
deepseek/deepseek-v3.2,dictator,14,3,2,I share 1.50 dollars,1.5,0.5,17.952054738998413
deepseek/deepseek-v3.2,dictator,14,3,3,I share 1.50 dollars.,1.5,0.5,7.653798818588257
deepseek/deepseek-v3.2,dictator,14,10,1,I share 5 dollars.,5.0,0.5,6.233429908752441
deepseek/deepseek-v3.2,dictator,14,10,2,I share 5 dollars.,5.0,0.5,9.552224159240723
deepseek/deepseek-v3.2,dictator,14,10,3,I share 3 dollars.,3.0,0.3,11.72175121307373
deepseek/deepseek-v3.2,dictator,14,27,1,I share 13 dollars.,13.0,0.48148148148148145,13.568317413330078
deepseek/deepseek-v3.2,dictator,14,27,2,I share $13 dollars,13.0,0.48148148148148145,3.855008363723755
deepseek/deepseek-v3.2,dictator,14,27,3,I share 13 dollars.,13.0,0.48148148148148145,6.441874980926514
deepseek/deepseek-v3.2,dictator,14,18,1,I share 9 dollars.,9.0,0.5,9.242454290390015
deepseek/deepseek-v3.2,dictator,14,18,2,I share 9 dollars.,9.0,0.5,5.8915629386901855
deepseek/deepseek-v3.2,dictator,14,18,3,I share 8 dollars.,8.0,0.4444444444444444,7.091583967208862
deepseek/deepseek-v3.2,dictator,14,95,1,I share 50 dollars.,50.0,0.5263157894736842,2.675283193588257
deepseek/deepseek-v3.2,dictator,14,95,2,I share 40 dollars.,40.0,0.42105263157894735,15.792983531951904
deepseek/deepseek-v3.2,dictator,14,95,3,I share 40 dollars.,40.0,0.42105263157894735,4.597934246063232
deepseek/deepseek-v3.2,dictator,14,63,1,I share 15 dollars.,15.0,0.23809523809523808,19.912500858306885
deepseek/deepseek-v3.2,dictator,14,63,2,I share 28 dollars.,28.0,0.4444444444444444,5.62800931930542
deepseek/deepseek-v3.2,dictator,14,63,3,I share 31 dollars.,31.0,0.49206349206349204,12.619878053665161
deepseek/deepseek-v3.2,dictator,14,41,1,I share 20 dollars,20.0,0.4878048780487805,16.042712211608887
deepseek/deepseek-v3.2,dictator,14,41,2,I share $20 dollars.,20.0,0.4878048780487805,7.9602460861206055
deepseek/deepseek-v3.2,dictator,14,41,3,I share $13 dollars.,13.0,0.3170731707317073,8.74424409866333
deepseek/deepseek-v3.2,dictator,14,144,1,I share 72 dollars.,72.0,0.5,6.3578619956970215
deepseek/deepseek-v3.2,dictator,14,144,2,I share 50 dollars.,50.0,0.3472222222222222,5.787642955780029
deepseek/deepseek-v3.2,dictator,14,144,3,I share 72 dollars.,72.0,0.5,6.010834693908691
deepseek/deepseek-v3.2,dictator,14,328,1,I share 164 dollars.,164.0,0.5,5.628031015396118
deepseek/deepseek-v3.2,dictator,14,328,2,I share 150 dollars.,150.0,0.4573170731707317,3.3311595916748047
deepseek/deepseek-v3.2,dictator,14,328,3,I share 114 dollars.,114.0,0.3475609756097561,3.2816410064697266
deepseek/deepseek-v3.2,dictator,14,217,1,I share 95 dollars.,95.0,0.4377880184331797,6.168801546096802
deepseek/deepseek-v3.2,dictator,14,217,2,I share 65 dollars.,65.0,0.2995391705069124,5.875889301300049
deepseek/deepseek-v3.2,dictator,14,217,3,I share 90 dollars.,90.0,0.4147465437788018,2.755857467651367
deepseek/deepseek-v3.2,dictator,14,496,1,I share 248 dollars.,248.0,0.5,3.1684842109680176
deepseek/deepseek-v3.2,dictator,14,496,2,I share 120 dollars.,120.0,0.24193548387096775,5.277525424957275
deepseek/deepseek-v3.2,dictator,14,496,3,I share 120 dollars.,120.0,0.24193548387096775,8.634403944015503
deepseek/deepseek-v3.2,dictator,12,63,1,I share 28 dollars.,28.0,0.4444444444444444,5.054644584655762
deepseek/deepseek-v3.2,dictator,12,63,2,I share 31 dollars.,31.0,0.49206349206349204,13.198334693908691
deepseek/deepseek-v3.2,dictator,12,63,3,I share 25 dollars.,25.0,0.3968253968253968,2.9769201278686523
deepseek/deepseek-v3.2,dictator,14,1717,1,I share 850 dollars.,850.0,0.49504950495049505,18.248332023620605
deepseek/deepseek-v3.2,dictator,14,1717,2,I share 600 dollars.,600.0,0.34944670937682004,2.2423136234283447
deepseek/deepseek-v3.2,dictator,14,1717,3,I share 858 dollars.,858.0,0.49970879440885263,2.8875250816345215
deepseek/deepseek-v3.2,dictator,14,751,1,I share 375 dollars.,375.0,0.4993342210386152,16.272220611572266
deepseek/deepseek-v3.2,dictator,14,751,2,I share 250 dollars.,250.0,0.33288948069241014,33.972938776016235
deepseek/deepseek-v3.2,dictator,14,751,3,I share 350 dollars.,350.0,0.46604527296937415,10.806741952896118
deepseek/deepseek-v3.2,dictator,14,1135,1,I share 565 dollars.,565.0,0.4977973568281938,9.352763175964355
deepseek/deepseek-v3.2,dictator,14,1135,2,I share 400 dollars.,400.0,0.3524229074889868,13.815174102783203
deepseek/deepseek-v3.2,dictator,14,1135,3,I share 340 dollars.,340.0,0.29955947136563876,8.219364404678345
deepseek/deepseek-v3.2,dictator,14,2596,1,I share 800 dollars.,800.0,0.3081664098613251,17.154272079467773
deepseek/deepseek-v3.2,dictator,14,2596,2,"I share 1,298 dollars.",1298.0,0.5,8.359001159667969
deepseek/deepseek-v3.2,dictator,14,2596,3,"I share $1,298 dollars.",1298.0,0.5,8.159086227416992
deepseek/deepseek-v3.2,dictator,14,3926,1,I share $981.50 dollars.,981.5,0.25,16.68074893951416
deepseek/deepseek-v3.2,dictator,14,3926,2,"I share $1,964 dollars.",1964.0,0.500254712175242,6.158718824386597
deepseek/deepseek-v3.2,dictator,14,3926,3,I share 1200 dollars.,1200.0,0.3056546102903719,9.62961196899414
deepseek/deepseek-v3.2,dictator,14,13578,1,I share 6780 dollars.,6780.0,0.4993371630578878,3.961771249771118
deepseek/deepseek-v3.2,dictator,14,13578,2,I share 6789 dollars.,6789.0,0.5,7.427122592926025
deepseek/deepseek-v3.2,dictator,14,13578,3,I share 4500 dollars.,4500.0,0.3314184710561202,8.217248439788818
deepseek/deepseek-v3.2,dictator,14,8979,1,I share 0 dollars,0.0,0.0,6.658892631530762
deepseek/deepseek-v3.2,dictator,14,8979,2,I share 4490 dollars.,4490.0,0.5000556854883618,2.4895806312561035
deepseek/deepseek-v3.2,dictator,14,8979,3,I share 4489 dollars.,4489.0,0.4999443145116383,12.99228572845459
deepseek/deepseek-v3.2,dictator,14,5938,1,"I share 1,000 dollars.",1000.0,0.16840687100033683,6.448345899581909
deepseek/deepseek-v3.2,dictator,14,5938,2,I share 1480 dollars.,1480.0,0.24924216908049848,8.001688480377197
deepseek/deepseek-v3.2,dictator,14,5938,3,"I share 1,484 dollars",1484.0,0.24991579656449983,16.537807941436768
deepseek/deepseek-v3.2,dictator,14,20531,1,"I share $10,266 dollars.",10266.0,0.5000243534167844,20.7534601688385
deepseek/deepseek-v3.2,dictator,14,20531,2,I share 10265 dollars,10265.0,0.49997564658321564,13.50517988204956
deepseek/deepseek-v3.2,dictator,14,20531,3,I share 8200 dollars.,8200.0,0.3993960352637475,4.786598443984985
deepseek/deepseek-v3.2,dictator,14,46962,1,"I share 15,000 dollars",15000.0,0.3194071802734125,14.381425857543945
deepseek/deepseek-v3.2,dictator,14,46962,2,I share 15000 dollars.,15000.0,0.3194071802734125,7.260364532470703
deepseek/deepseek-v3.2,dictator,14,46962,3,"I share 20,000 dollars.",20000.0,0.4258762403645501,9.10519552230835
deepseek/deepseek-v3.2,dictator,14,71000,1,I share 28400 dollars,28400.0,0.4,13.072514772415161
deepseek/deepseek-v3.2,dictator,14,71000,2,"I share 28,000 dollars.",28000.0,0.39436619718309857,7.526122331619263
deepseek/deepseek-v3.2,dictator,14,71000,3,I share 35500 dollars,35500.0,0.5,8.886770486831665
deepseek/deepseek-v3.2,dictator,14,31054,1,"I share 15,000 dollars.",15000.0,0.48302956140915826,14.881715774536133
deepseek/deepseek-v3.2,dictator,14,31054,2,"I share 15,527 dollars.",15527.0,0.5,4.033257007598877
deepseek/deepseek-v3.2,dictator,14,31054,3,"I share 10,000 dollars.",10000.0,0.3220197076061055,21.91621708869934
deepseek/deepseek-v3.2,dictator,14,107392,1,"I share 53,696 dollars.",53696.0,0.5,10.234421968460083
deepseek/deepseek-v3.2,dictator,14,107392,2,"I share 40,000 dollars.",40000.0,0.37246722288438616,7.190591335296631
deepseek/deepseek-v3.2,dictator,14,107392,3,I share 26848 dollars.,26848.0,0.25,4.766249179840088
deepseek/deepseek-v3.2,dictator,14,250000,1,"I share $90,000 dollars.",90000.0,0.36,3.6394717693328857
deepseek/deepseek-v3.2,dictator,14,250000,2,"I share 50,000 dollars.",50000.0,0.2,18.631062746047974
deepseek/deepseek-v3.2,dictator,14,250000,3,"I share $50,000 dollars.",50000.0,0.2,1.572526454925537
deepseek/deepseek-v3.2,dictator,16,2,1,I share 1 dollar,1.0,0.5,11.689927816390991
deepseek/deepseek-v3.2,dictator,16,2,2,I share 1 dollars,1.0,0.5,1.862337350845337
deepseek/deepseek-v3.2,dictator,16,2,3,I share 1 dollar.,1.0,0.5,3.7415480613708496
deepseek/deepseek-v3.2,dictator,16,3,1,I share 1 dollar.,1.0,0.3333333333333333,1.6840057373046875
deepseek/deepseek-v3.2,dictator,16,3,2,I share 1.50 dollars.,1.5,0.5,7.758838415145874
deepseek/deepseek-v3.2,dictator,16,3,3,I share 1.50 dollars.,1.5,0.5,10.718849658966064
deepseek/deepseek-v3.2,dictator,16,5,1,I share 2 dollars.,2.0,0.4,5.326141357421875
deepseek/deepseek-v3.2,dictator,16,5,2,I share 1 dollar.,1.0,0.2,7.735488176345825
deepseek/deepseek-v3.2,dictator,16,5,3,I share 2 dollars.,2.0,0.4,12.926453828811646
deepseek/deepseek-v3.2,dictator,16,1,1,I share 0.50 dollars.,0.5,0.5,18.38806414604187
deepseek/deepseek-v3.2,dictator,16,1,2,I share 0.50 dollars.,0.5,0.5,7.0756049156188965
deepseek/deepseek-v3.2,dictator,16,1,3,I share 0.40 dollars.,0.4,0.4,6.647511959075928
deepseek/deepseek-v3.2,dictator,16,10,1,I share 4 dollars.,4.0,0.4,4.754863262176514
deepseek/deepseek-v3.2,dictator,16,10,2,I share 4 dollars.,4.0,0.4,4.392760515213013
deepseek/deepseek-v3.2,dictator,16,10,3,I share 5 dollars.,5.0,0.5,8.575087547302246
deepseek/deepseek-v3.2,dictator,16,8,1,I share 3 dollars.,3.0,0.375,10.129419088363647
deepseek/deepseek-v3.2,dictator,16,8,2,I share 4 dollars.,4.0,0.5,17.40938949584961
deepseek/deepseek-v3.2,dictator,16,8,3,I share 3 dollars.,3.0,0.375,3.8748364448547363
deepseek/deepseek-v3.2,dictator,14,162379,1,"I share $54,000 dollars.",54000.0,0.3325553181137955,5.80359148979187
deepseek/deepseek-v3.2,dictator,14,162379,2,"I share 81,190 dollars.",81190.0,0.5000030792159085,9.564310073852539
deepseek/deepseek-v3.2,dictator,14,162379,3,"I share $81,189 dollars.",81189.0,0.4999969207840915,7.494510889053345
deepseek/deepseek-v3.2,dictator,16,18,1,I share 9 dollars.,9.0,0.5,2.8563103675842285
deepseek/deepseek-v3.2,dictator,16,18,2,I share 6 dollars.,6.0,0.3333333333333333,4.879633665084839
deepseek/deepseek-v3.2,dictator,16,18,3,I share 9 dollars.,9.0,0.5,7.659029722213745
deepseek/deepseek-v3.2,dictator,16,27,1,I share 6 dollars.,6.0,0.2222222222222222,4.061245918273926
deepseek/deepseek-v3.2,dictator,16,27,2,I share 13 dollars.,13.0,0.48148148148148145,10.680430173873901
deepseek/deepseek-v3.2,dictator,16,27,3,I share 13 dollars.,13.0,0.48148148148148145,7.21993613243103
deepseek/deepseek-v3.2,dictator,16,41,1,I share 20 dollars.,20.0,0.4878048780487805,5.366641283035278
deepseek/deepseek-v3.2,dictator,16,41,2,I share 18 dollars.,18.0,0.43902439024390244,11.630640983581543
deepseek/deepseek-v3.2,dictator,16,41,3,I share 12 dollars.,12.0,0.2926829268292683,4.9810872077941895
deepseek/deepseek-v3.2,dictator,16,63,1,I share 32 dollars,32.0,0.5079365079365079,9.897865056991577
deepseek/deepseek-v3.2,dictator,16,63,2,I share 31 dollars.,31.0,0.49206349206349204,7.222965240478516
deepseek/deepseek-v3.2,dictator,16,63,3,I share 21 dollars.,21.0,0.3333333333333333,3.6642279624938965
deepseek/deepseek-v3.2,dictator,16,12,1,I share 5 dollars.,5.0,0.4166666666666667,5.532113790512085
deepseek/deepseek-v3.2,dictator,16,12,2,I share 6 dollars,6.0,0.5,8.2052481174469
deepseek/deepseek-v3.2,dictator,16,12,3,I share 4 dollars.,4.0,0.3333333333333333,9.609681367874146
deepseek/deepseek-v3.2,dictator,16,95,1,I share 45 dollars,45.0,0.47368421052631576,3.915682554244995
deepseek/deepseek-v3.2,dictator,16,95,2,I share 30 dollars.,30.0,0.3157894736842105,6.3109588623046875
deepseek/deepseek-v3.2,dictator,16,95,3,I share 40 dollars.,40.0,0.42105263157894735,6.794991970062256
deepseek/deepseek-v3.2,dictator,16,217,1,I share 70 dollars.,70.0,0.3225806451612903,4.272100210189819
deepseek/deepseek-v3.2,dictator,16,217,2,I share 108 dollars.,108.0,0.4976958525345622,6.436440467834473
deepseek/deepseek-v3.2,dictator,16,217,3,I share 108 dollars.,108.0,0.4976958525345622,7.0112464427948
deepseek/deepseek-v3.2,dictator,16,328,1,I share 164 dollars.,164.0,0.5,7.124741077423096
deepseek/deepseek-v3.2,dictator,16,328,2,I share 65 dollars.,65.0,0.19817073170731708,6.567915201187134
deepseek/deepseek-v3.2,dictator,16,328,3,I share 98 dollars.,98.0,0.29878048780487804,6.56784725189209
deepseek/deepseek-v3.2,dictator,16,144,1,I share 36 dollars.,36.0,0.25,16.15276789665222
deepseek/deepseek-v3.2,dictator,16,144,2,I share 48 dollars.,48.0,0.3333333333333333,9.516242504119873
deepseek/deepseek-v3.2,dictator,16,144,3,I share 48 dollars.,48.0,0.3333333333333333,14.977940320968628
deepseek/deepseek-v3.2,dictator,16,496,1,I share 248 dollars.,248.0,0.5,6.944157361984253
deepseek/deepseek-v3.2,dictator,16,496,2,I share 150 dollars,150.0,0.3024193548387097,6.931589126586914
deepseek/deepseek-v3.2,dictator,16,496,3,I share 248 dollars.,248.0,0.5,6.3597071170806885
deepseek/deepseek-v3.2,dictator,16,751,1,I share 376 dollars.,376.0,0.5006657789613849,6.38337516784668
deepseek/deepseek-v3.2,dictator,16,751,2,I share 375 dollars.,375.0,0.4993342210386152,6.842362880706787
deepseek/deepseek-v3.2,dictator,16,751,3,I share 375 dollars,375.0,0.4993342210386152,7.050731420516968
deepseek/deepseek-v3.2,dictator,16,1135,1,I share 340 dollars.,340.0,0.29955947136563876,7.239115953445435
deepseek/deepseek-v3.2,dictator,16,1135,2,I share 400 dollars.,400.0,0.3524229074889868,6.255613088607788
deepseek/deepseek-v3.2,dictator,16,1135,3,I share 567 dollars.,567.0,0.4995594713656388,8.805217027664185
deepseek/deepseek-v3.2,dictator,16,1717,1,I share 858 dollars.,858.0,0.49970879440885263,2.764817714691162
deepseek/deepseek-v3.2,dictator,16,1717,2,I share 500 dollars.,500.0,0.29120559114735,5.736482381820679
deepseek/deepseek-v3.2,dictator,16,1717,3,I share 650 dollars.,650.0,0.37856726849155503,9.4046311378479
deepseek/deepseek-v3.2,dictator,16,2596,1,I share 1000 dollars.,1000.0,0.3852080123266564,6.012014389038086
deepseek/deepseek-v3.2,dictator,16,2596,2,I share 1298 dollars,1298.0,0.5,5.945657730102539
deepseek/deepseek-v3.2,dictator,16,2596,3,I share 648 dollars.,648.0,0.24961479198767333,11.555887222290039
deepseek/deepseek-v3.2,dictator,16,3926,1,I share 1200 dollars,1200.0,0.3056546102903719,10.367204427719116
deepseek/deepseek-v3.2,dictator,16,3926,2,I share 981 dollars.,981.0,0.249872643912379,8.26526665687561
deepseek/deepseek-v3.2,dictator,16,3926,3,I share 1564 dollars.,1564.0,0.39836984207845133,8.64396595954895
deepseek/deepseek-v3.2,dictator,16,8979,1,I share 2245 dollars.,2245.0,0.2500278427441809,4.034824371337891
deepseek/deepseek-v3.2,dictator,16,8979,2,I share 2000 dollars.,2000.0,0.22274195344693173,7.209585666656494
deepseek/deepseek-v3.2,dictator,16,8979,3,I share 2245 dollars.,2245.0,0.2500278427441809,8.46934700012207
deepseek/deepseek-v3.2,dictator,16,5938,1,"I share $1,188 dollars.",1188.0,0.20006736274840015,7.588989019393921
deepseek/deepseek-v3.2,dictator,16,5938,2,I share 2970 dollars.,2970.0,0.5001684068710003,8.620264291763306
deepseek/deepseek-v3.2,dictator,16,5938,3,"I share $1,500 dollars.",1500.0,0.2526103065005052,10.972039222717285
deepseek/deepseek-v3.2,dictator,16,20531,1,"I share 8,000 dollars.",8000.0,0.3896546685499976,7.89079737663269
deepseek/deepseek-v3.2,dictator,16,20531,2,I share 10265 dollars.,10265.0,0.49997564658321564,6.141493320465088
deepseek/deepseek-v3.2,dictator,16,20531,3,I share 8000 dollars.,8000.0,0.3896546685499976,7.557790994644165
deepseek/deepseek-v3.2,dictator,16,13578,1,I share 6790 dollars.,6790.0,0.5000736485491236,11.408621788024902
deepseek/deepseek-v3.2,dictator,16,13578,2,I share 6789 dollars.,6789.0,0.5,12.673959016799927
deepseek/deepseek-v3.2,dictator,16,13578,3,"I share 2,500 dollars.",2500.0,0.18412137280895566,6.905398845672607
deepseek/deepseek-v3.2,dictator,16,31054,1,I share 9316 dollars.,9316.0,0.2999935596058479,11.446146011352539
deepseek/deepseek-v3.2,dictator,16,31054,2,I share 8500 dollars.,8500.0,0.27371675146518964,9.063676595687866
deepseek/deepseek-v3.2,dictator,16,31054,3,"I share $15,527 dollars.",15527.0,0.5,2.07243013381958
deepseek/deepseek-v3.2,dictator,16,46962,1,"I share $15,000 dollars.",15000.0,0.3194071802734125,10.496772050857544
deepseek/deepseek-v3.2,dictator,16,46962,2,"I share 15,000 dollars.",15000.0,0.3194071802734125,7.520077466964722
deepseek/deepseek-v3.2,dictator,16,46962,3,"I share 16,000 dollars.",16000.0,0.34070099229164,3.8214871883392334
deepseek/deepseek-v3.2,dictator,16,71000,1,"I share 25,000 dollars",25000.0,0.352112676056338,5.1788811683654785
deepseek/deepseek-v3.2,dictator,16,71000,2,"I share 35,500 dollars.",35500.0,0.5,7.265746831893921
deepseek/deepseek-v3.2,dictator,16,71000,3,I share 20000 dollars,20000.0,0.28169014084507044,7.925654649734497
deepseek/deepseek-v3.2,dictator,16,107392,1,"I share 30,000 dollars.",30000.0,0.2793504171632896,10.25491976737976
deepseek/deepseek-v3.2,dictator,16,107392,2,I share 40000 dollars,40000.0,0.37246722288438616,6.763222932815552
deepseek/deepseek-v3.2,dictator,16,107392,3,"I share 20,000 dollars",20000.0,0.18623361144219308,3.2240259647369385
deepseek/deepseek-v3.2,dictator,16,250000,1,"I share 50,000 dollars.",50000.0,0.2,11.938738822937012
deepseek/deepseek-v3.2,dictator,16,250000,2,"I share 50,000 dollars.",50000.0,0.2,4.640216112136841
deepseek/deepseek-v3.2,dictator,16,250000,3,I share 100 dollars.,100.0,0.0004,6.1843109130859375
deepseek/deepseek-v3.2,dictator,16,162379,1,"I share $48,000 dollars",48000.0,0.29560472721226266,12.89127516746521
deepseek/deepseek-v3.2,dictator,16,162379,2,"I share $40,000 dollars.",40000.0,0.24633727267688557,9.120595693588257
deepseek/deepseek-v3.2,dictator,16,162379,3,"I share $80,000 dollars.",80000.0,0.49267454535377114,7.601423740386963
deepseek/deepseek-v3.2,dictator,18,1,1,I share 0.30 dollars.,0.3,0.3,5.627435922622681
deepseek/deepseek-v3.2,dictator,18,1,2,I share $0.50 dollars.,0.5,0.5,6.128737211227417
deepseek/deepseek-v3.2,dictator,18,1,3,I share 0.40 dollars.,0.4,0.4,21.748917818069458
deepseek/deepseek-v3.2,dictator,18,3,1,I share 1 dollar.,1.0,0.3333333333333333,10.503307819366455
deepseek/deepseek-v3.2,dictator,18,3,2,I share 1.50 dollars.,1.5,0.5,9.19537091255188
deepseek/deepseek-v3.2,dictator,18,3,3,I share 1 dollar.,1.0,0.3333333333333333,4.859009504318237
deepseek/deepseek-v3.2,dictator,18,5,1,I share 2 dollars,2.0,0.4,4.488152265548706
deepseek/deepseek-v3.2,dictator,18,5,2,I share $2.50 dollars.,2.5,0.5,1.5929358005523682
deepseek/deepseek-v3.2,dictator,18,5,3,I share $2 dollars.,2.0,0.4,7.016506195068359
deepseek/deepseek-v3.2,dictator,18,2,1,I share 1 dollar.,1.0,0.5,11.983236074447632
deepseek/deepseek-v3.2,dictator,18,2,2,I share 1 dollar.,1.0,0.5,5.227628707885742
deepseek/deepseek-v3.2,dictator,18,2,3,I share 1 dollar.,1.0,0.5,16.09361743927002
deepseek/deepseek-v3.2,dictator,18,12,1,I share 6 dollars.,6.0,0.5,9.047260284423828
deepseek/deepseek-v3.2,dictator,18,12,2,I share 5 dollars,5.0,0.4166666666666667,2.2755978107452393
deepseek/deepseek-v3.2,dictator,18,12,3,I share 6 dollars,6.0,0.5,1.6712498664855957
deepseek/deepseek-v3.2,dictator,18,18,1,I share 9 dollars.,9.0,0.5,4.702768325805664
deepseek/deepseek-v3.2,dictator,18,18,2,I share 9 dollars.,9.0,0.5,6.422095060348511
deepseek/deepseek-v3.2,dictator,18,18,3,I share 9 dollars.,9.0,0.5,7.250996351242065
deepseek/deepseek-v3.2,dictator,18,8,1,I share 4 dollars.,4.0,0.5,10.987094163894653
deepseek/deepseek-v3.2,dictator,18,8,2,I share 3 dollars.,3.0,0.375,4.01081109046936
deepseek/deepseek-v3.2,dictator,18,8,3,I share 4 dollars.,4.0,0.5,9.68825387954712
deepseek/deepseek-v3.2,dictator,18,10,1,I share 4 dollars.,4.0,0.4,9.345812320709229
deepseek/deepseek-v3.2,dictator,18,10,2,I share 4 dollars.,4.0,0.4,3.279698371887207
deepseek/deepseek-v3.2,dictator,18,10,3,I share 5 dollars.,5.0,0.5,12.094422101974487
deepseek/deepseek-v3.2,dictator,18,27,1,I share 13 dollars.,13.0,0.48148148148148145,6.013922691345215
deepseek/deepseek-v3.2,dictator,18,27,2,I share 13 dollars.,13.0,0.48148148148148145,1.8041505813598633
deepseek/deepseek-v3.2,dictator,18,27,3,I share 12 dollars.,12.0,0.4444444444444444,6.824522256851196
deepseek/deepseek-v3.2,dictator,18,63,1,I share 16 dollars.,16.0,0.25396825396825395,6.124417781829834
deepseek/deepseek-v3.2,dictator,18,63,2,I share 20 dollars.,20.0,0.31746031746031744,5.472599983215332
deepseek/deepseek-v3.2,dictator,18,63,3,I share 22 dollars.,22.0,0.3492063492063492,6.371914625167847
deepseek/deepseek-v3.2,dictator,18,95,1,I share 25 dollars.,25.0,0.2631578947368421,4.071018934249878
deepseek/deepseek-v3.2,dictator,18,95,2,I share 40 dollars.,40.0,0.42105263157894735,9.491408109664917
deepseek/deepseek-v3.2,dictator,18,95,3,I share 47 dollars.,47.0,0.49473684210526314,5.926005601882935
deepseek/deepseek-v3.2,dictator,18,41,1,I share 15 dollars.,15.0,0.36585365853658536,16.790977478027344
deepseek/deepseek-v3.2,dictator,18,41,2,I share 20 dollars.,20.0,0.4878048780487805,17.145009517669678
deepseek/deepseek-v3.2,dictator,18,41,3,I share 20 dollars.,20.0,0.4878048780487805,2.9327847957611084
deepseek/deepseek-v3.2,dictator,18,144,1,I share 40 dollars.,40.0,0.2777777777777778,4.661461114883423
deepseek/deepseek-v3.2,dictator,18,144,2,I share 36 dollars.,36.0,0.25,5.4297285079956055
deepseek/deepseek-v3.2,dictator,18,144,3,I share 72 dollars.,72.0,0.5,23.48147416114807
deepseek/deepseek-v3.2,dictator,18,328,1,I share 164 dollars.,164.0,0.5,13.82027792930603
deepseek/deepseek-v3.2,dictator,18,328,2,I share 164 dollars.,164.0,0.5,6.388091087341309
deepseek/deepseek-v3.2,dictator,18,328,3,I share $164 dollars.,164.0,0.5,9.403156995773315
deepseek/deepseek-v3.2,dictator,18,496,1,I share 248 dollars.,248.0,0.5,15.145334959030151
deepseek/deepseek-v3.2,dictator,18,496,2,I share 124 dollars.,124.0,0.25,6.602677345275879
deepseek/deepseek-v3.2,dictator,18,496,3,I share 150 dollars.,150.0,0.3024193548387097,7.015938758850098
deepseek/deepseek-v3.2,dictator,18,751,1,I share 250 dollars.,250.0,0.33288948069241014,4.95486855506897
deepseek/deepseek-v3.2,dictator,18,751,2,I share 250 dollars.,250.0,0.33288948069241014,6.921370983123779
deepseek/deepseek-v3.2,dictator,18,751,3,I share 150 dollars,150.0,0.19973368841544606,13.593000888824463
deepseek/deepseek-v3.2,dictator,18,1135,1,I share 200 dollars.,200.0,0.1762114537444934,2.9890761375427246
deepseek/deepseek-v3.2,dictator,18,1135,2,I share 200 dollars.,200.0,0.1762114537444934,10.150663614273071
deepseek/deepseek-v3.2,dictator,18,1135,3,I share 567 dollars.,567.0,0.4995594713656388,11.724497556686401
deepseek/deepseek-v3.2,dictator,18,217,1,I share 98 dollars.,98.0,0.45161290322580644,6.623106241226196
deepseek/deepseek-v3.2,dictator,18,217,2,I share 60 dollars.,60.0,0.2764976958525346,11.416164875030518
deepseek/deepseek-v3.2,dictator,18,217,3,I share 80 dollars.,80.0,0.3686635944700461,14.969653367996216
deepseek/deepseek-v3.2,dictator,18,1717,1,I share 858 dollars.,858.0,0.49970879440885263,11.745094299316406
deepseek/deepseek-v3.2,dictator,18,1717,2,I share 858 dollars,858.0,0.49970879440885263,4.730815649032593
deepseek/deepseek-v3.2,dictator,18,1717,3,I share 860 dollars.,860.0,0.500873616773442,9.302594900131226
deepseek/deepseek-v3.2,dictator,18,2596,1,I share 1298 dollars.,1298.0,0.5,5.360933303833008
deepseek/deepseek-v3.2,dictator,18,2596,2,I share 1000 dollars.,1000.0,0.3852080123266564,7.226514577865601
deepseek/deepseek-v3.2,dictator,18,2596,3,I share 1000 dollars.,1000.0,0.3852080123266564,7.079591751098633
deepseek/deepseek-v3.2,dictator,18,3926,1,I share 392 dollars.,392.0,0.09984717269485481,2.881129741668701
deepseek/deepseek-v3.2,dictator,18,3926,2,I share 1200 dollars.,1200.0,0.3056546102903719,10.78056287765503
deepseek/deepseek-v3.2,dictator,18,3926,3,I share 785 dollars.,785.0,0.1999490575649516,7.260852813720703
deepseek/deepseek-v3.2,dictator,18,5938,1,I share 1000 dollars.,1000.0,0.16840687100033683,4.165338039398193
deepseek/deepseek-v3.2,dictator,18,5938,2,I share 2969 dollars.,2969.0,0.5,9.603780508041382
deepseek/deepseek-v3.2,dictator,18,5938,3,"I share 2,200 dollars.",2200.0,0.370495116200741,11.89323616027832
deepseek/deepseek-v3.2,dictator,18,8979,1,I share 3000 dollars.,3000.0,0.3341129301703976,7.509050130844116
deepseek/deepseek-v3.2,dictator,18,8979,2,I share 4490 dollars,4490.0,0.5000556854883618,5.004577398300171
deepseek/deepseek-v3.2,dictator,18,8979,3,I share 1796 dollars.,1796.0,0.20002227419534468,19.690033674240112
deepseek/deepseek-v3.2,dictator,18,13578,1,I share 4000 dollars.,4000.0,0.29459419649432905,4.964120864868164
deepseek/deepseek-v3.2,dictator,18,13578,2,I share 3000 dollars.,3000.0,0.2209456473707468,19.171441555023193
deepseek/deepseek-v3.2,dictator,18,13578,3,I share 5000 dollars.,5000.0,0.3682427456179113,4.677674293518066
deepseek/deepseek-v3.2,dictator,18,31054,1,"I share 7,000 dollars.",7000.0,0.22541379532427386,7.056934833526611
deepseek/deepseek-v3.2,dictator,18,31054,2,"I share 9,500 dollars.",9500.0,0.30591872222580024,13.924031734466553
deepseek/deepseek-v3.2,dictator,18,31054,3,"I share $15,527 dollars.",15527.0,0.5,4.8214333057403564
deepseek/deepseek-v3.2,dictator,18,20531,1,"I share 10,265 dollars",10265.0,0.49997564658321564,15.567875385284424
deepseek/deepseek-v3.2,dictator,18,20531,2,"I share 8,000 dollars.",8000.0,0.3896546685499976,14.096892595291138
deepseek/deepseek-v3.2,dictator,18,20531,3,I share 8200 dollars.,8200.0,0.3993960352637475,7.489013433456421
deepseek/deepseek-v3.2,dictator,18,46962,1,"I share 15,000 dollars.",15000.0,0.3194071802734125,5.617179870605469
deepseek/deepseek-v3.2,dictator,18,46962,2,I share 9000 dollars.,9000.0,0.19164430816404754,4.7849438190460205
deepseek/deepseek-v3.2,dictator,18,46962,3,I share 5000 dollars.,5000.0,0.10646906009113752,7.598822832107544
deepseek/deepseek-v3.2,dictator,18,71000,1,I share 35500 dollars,35500.0,0.5,7.421601057052612
deepseek/deepseek-v3.2,dictator,18,71000,2,"I share 35,500 dollars.",35500.0,0.5,6.171129941940308
deepseek/deepseek-v3.2,dictator,18,71000,3,"I share 25,000 dollars.",25000.0,0.352112676056338,4.712075471878052
deepseek/deepseek-v3.2,dictator,18,107392,1,I share 35000 dollars.,35000.0,0.3259088200238379,5.7146522998809814
deepseek/deepseek-v3.2,dictator,18,107392,2,"I share 50,000 dollars.",50000.0,0.4655840286054827,5.89049506187439
deepseek/deepseek-v3.2,dictator,18,107392,3,"I share $45,000 dollars.",45000.0,0.41902562574493446,5.154903411865234
deepseek/deepseek-v3.2,dictator,18,162379,1,"I share $40,000 dollars.",40000.0,0.24633727267688557,4.798928260803223
deepseek/deepseek-v3.2,dictator,18,162379,2,"I share 20,000 dollars",20000.0,0.12316863633844279,6.909368991851807
deepseek/deepseek-v3.2,dictator,18,162379,3,"I share 50,000 dollars.",50000.0,0.30792159084610693,10.613510847091675
deepseek/deepseek-v3.2,dictator,20,1,1,I share 0.50 dollars.,0.5,0.5,20.717907905578613
deepseek/deepseek-v3.2,dictator,20,1,2,I share 0.50 dollars.,0.5,0.5,3.8803799152374268
deepseek/deepseek-v3.2,dictator,20,1,3,I share 0.30 dollars.,0.3,0.3,10.226514339447021
deepseek/deepseek-v3.2,dictator,20,2,1,I share 1 dollar,1.0,0.5,17.61320400238037
deepseek/deepseek-v3.2,dictator,20,2,2,I share 1 dollar.,1.0,0.5,3.891167640686035
deepseek/deepseek-v3.2,dictator,20,2,3,I share 1 dollars.,1.0,0.5,8.817538738250732
deepseek/deepseek-v3.2,dictator,20,3,1,I share 1.50 dollars.,1.5,0.5,2.9765443801879883
deepseek/deepseek-v3.2,dictator,20,3,2,I share 1 dollar.,1.0,0.3333333333333333,2.5968103408813477
deepseek/deepseek-v3.2,dictator,20,3,3,I share 1 dollar.,1.0,0.3333333333333333,7.522665023803711
deepseek/deepseek-v3.2,dictator,18,250000,1,I share 50000 dollars,50000.0,0.2,8.614491939544678
deepseek/deepseek-v3.2,dictator,18,250000,2,"I share 40,000 dollars.",40000.0,0.16,7.581347942352295
deepseek/deepseek-v3.2,dictator,18,250000,3,"I share 75,000 dollars.",75000.0,0.3,16.542661666870117
deepseek/deepseek-v3.2,dictator,20,5,1,I share 2 dollars.,2.0,0.4,9.384413242340088
deepseek/deepseek-v3.2,dictator,20,5,2,I share 1 dollar.,1.0,0.2,3.9660651683807373
deepseek/deepseek-v3.2,dictator,20,5,3,I share 2 dollars.,2.0,0.4,10.17981505393982
deepseek/deepseek-v3.2,dictator,20,8,1,I share 4 dollars.,4.0,0.5,6.398149728775024
deepseek/deepseek-v3.2,dictator,20,8,2,I share 2 dollars.,2.0,0.25,8.519954442977905
deepseek/deepseek-v3.2,dictator,20,8,3,I share 3 dollars.,3.0,0.375,10.746612071990967
deepseek/deepseek-v3.2,dictator,20,10,1,I share 4 dollars.,4.0,0.4,6.166791915893555
deepseek/deepseek-v3.2,dictator,20,10,2,I share 4 dollars.,4.0,0.4,20.561257123947144
deepseek/deepseek-v3.2,dictator,20,10,3,I share 4 dollars.,4.0,0.4,8.255023717880249
deepseek/deepseek-v3.2,dictator,20,12,1,I share 6 dollars.,6.0,0.5,11.308289051055908
deepseek/deepseek-v3.2,dictator,20,12,2,I share 5 dollars,5.0,0.4166666666666667,10.74522352218628
deepseek/deepseek-v3.2,dictator,20,12,3,I share 6 dollars.,6.0,0.5,2.099618911743164
deepseek/deepseek-v3.2,dictator,20,18,1,I share 9 dollars.,9.0,0.5,13.877052545547485
deepseek/deepseek-v3.2,dictator,20,18,2,I share 6 dollars.,6.0,0.3333333333333333,5.059192895889282
deepseek/deepseek-v3.2,dictator,20,18,3,I share 7 dollars.,7.0,0.3888888888888889,7.2912561893463135
deepseek/deepseek-v3.2,dictator,20,41,1,I share 12 dollars.,12.0,0.2926829268292683,6.825139284133911
deepseek/deepseek-v3.2,dictator,20,41,2,I share 15 dollars.,15.0,0.36585365853658536,10.481209993362427
deepseek/deepseek-v3.2,dictator,20,41,3,I share $12 dollars.,12.0,0.2926829268292683,6.568521976470947
deepseek/deepseek-v3.2,dictator,20,27,1,I share 9 dollars.,9.0,0.3333333333333333,9.670309066772461
deepseek/deepseek-v3.2,dictator,20,27,2,I share 10 dollars.,10.0,0.37037037037037035,12.233529329299927
deepseek/deepseek-v3.2,dictator,20,27,3,I share 8 dollars.,8.0,0.2962962962962963,7.912678480148315
deepseek/deepseek-v3.2,dictator,20,95,1,I share 48 dollars.,48.0,0.5052631578947369,9.895358324050903
deepseek/deepseek-v3.2,dictator,20,95,2,I share 47 dollars.,47.0,0.49473684210526314,8.157905340194702
deepseek/deepseek-v3.2,dictator,20,95,3,I share 40 dollars.,40.0,0.42105263157894735,4.731484413146973
deepseek/deepseek-v3.2,dictator,20,63,1,I share 28 dollars.,28.0,0.4444444444444444,11.62740969657898
deepseek/deepseek-v3.2,dictator,20,63,2,I share 31 dollars.,31.0,0.49206349206349204,14.285953760147095
deepseek/deepseek-v3.2,dictator,20,63,3,I share 20 dollars.,20.0,0.31746031746031744,6.199591159820557
deepseek/deepseek-v3.2,dictator,20,144,1,I share 72 dollars.,72.0,0.5,5.366611957550049
deepseek/deepseek-v3.2,dictator,20,144,2,I share 36 dollars.,36.0,0.25,6.487255573272705
deepseek/deepseek-v3.2,dictator,20,144,3,I share 72 dollars.,72.0,0.5,7.4255547523498535
deepseek/deepseek-v3.2,dictator,20,496,1,I share 248 dollars.,248.0,0.5,6.381223201751709
deepseek/deepseek-v3.2,dictator,20,496,2,I share 248 dollars.,248.0,0.5,7.905828475952148
deepseek/deepseek-v3.2,dictator,20,496,3,I share 200 dollars.,200.0,0.4032258064516129,11.054861068725586
deepseek/deepseek-v3.2,dictator,20,217,1,I share 50 dollars,50.0,0.2304147465437788,4.866983652114868
deepseek/deepseek-v3.2,dictator,20,217,2,I share 65 dollars.,65.0,0.2995391705069124,24.05891704559326
deepseek/deepseek-v3.2,dictator,20,217,3,I share 80 dollars.,80.0,0.3686635944700461,10.135514497756958
deepseek/deepseek-v3.2,dictator,20,328,1,I share 164 dollars,164.0,0.5,13.561239004135132
deepseek/deepseek-v3.2,dictator,20,328,2,I share 50 dollars.,50.0,0.1524390243902439,7.977599859237671
deepseek/deepseek-v3.2,dictator,20,328,3,I share 100 dollars.,100.0,0.3048780487804878,6.219895601272583
deepseek/deepseek-v3.2,dictator,20,751,1,I share 300 dollars.,300.0,0.3994673768308921,3.108374834060669
deepseek/deepseek-v3.2,dictator,20,751,2,I share 300 dollars,300.0,0.3994673768308921,10.721106052398682
deepseek/deepseek-v3.2,dictator,20,751,3,I share 225 dollars.,225.0,0.2996005326231691,7.703445911407471
deepseek/deepseek-v3.2,dictator,20,1717,1,I share 429 dollars.,429.0,0.24985439720442632,6.173406600952148
deepseek/deepseek-v3.2,dictator,20,1717,2,I share 600 dollars.,600.0,0.34944670937682004,7.919751882553101
deepseek/deepseek-v3.2,dictator,20,1717,3,I share 500 dollars.,500.0,0.29120559114735,4.052693843841553
deepseek/deepseek-v3.2,dictator,20,1135,1,I share 567 dollars.,567.0,0.4995594713656388,6.643871307373047
deepseek/deepseek-v3.2,dictator,20,1135,2,I share 565 dollars.,565.0,0.4977973568281938,6.197293996810913
deepseek/deepseek-v3.2,dictator,20,1135,3,I share 400 dollars.,400.0,0.3524229074889868,8.572386264801025
deepseek/deepseek-v3.2,dictator,20,2596,1,"I share $1,298 dollars",1298.0,0.5,8.196055889129639
deepseek/deepseek-v3.2,dictator,20,2596,2,"I share $1,000 dollars.",1000.0,0.3852080123266564,2.971226692199707
deepseek/deepseek-v3.2,dictator,20,2596,3,I share 1298 dollars.,1298.0,0.5,12.571639776229858
deepseek/deepseek-v3.2,dictator,20,3926,1,I share 980 dollars.,980.0,0.24961793173713703,7.695284128189087
deepseek/deepseek-v3.2,dictator,20,3926,2,I share 786 dollars.,786.0,0.20020376974019358,4.769514799118042
deepseek/deepseek-v3.2,dictator,20,3926,3,"I share $1,962 dollars.",1962.0,0.499745287824758,6.287665128707886
deepseek/deepseek-v3.2,dictator,20,13578,1,"I share 5,000 dollars",5000.0,0.3682427456179113,7.264631986618042
deepseek/deepseek-v3.2,dictator,20,13578,2,"I share 4,534 dollars.",4534.0,0.333922521726322,5.885247468948364
deepseek/deepseek-v3.2,dictator,20,13578,3,I share 4000 dollars.,4000.0,0.29459419649432905,4.971845626831055
deepseek/deepseek-v3.2,dictator,20,5938,1,I share 2970 dollars,2970.0,0.5001684068710003,8.802671194076538
deepseek/deepseek-v3.2,dictator,20,5938,2,I share 1200 dollars.,1200.0,0.20208824520040417,5.528945684432983
deepseek/deepseek-v3.2,dictator,20,5938,3,I share 0 dollars.,0.0,0.0,7.753396511077881
deepseek/deepseek-v3.2,dictator,20,20531,1,I share 8200 dollars,8200.0,0.3993960352637475,10.914774656295776
deepseek/deepseek-v3.2,dictator,20,20531,2,"I share $7,000 dollars.",7000.0,0.34094783498124787,14.236943483352661
deepseek/deepseek-v3.2,dictator,20,20531,3,"I share $8,000 dollars.",8000.0,0.3896546685499976,3.711961030960083
deepseek/deepseek-v3.2,dictator,20,31054,1,"I share 15,527 dollars.",15527.0,0.5,8.619903564453125
deepseek/deepseek-v3.2,dictator,20,31054,2,"I share 10,000 dollars.",10000.0,0.3220197076061055,11.044162034988403
deepseek/deepseek-v3.2,dictator,20,31054,3,"I share 15,527 dollars.",15527.0,0.5,3.8333611488342285
deepseek/deepseek-v3.2,dictator,20,8979,1,I share 3000 dollars.,3000.0,0.3341129301703976,8.345104455947876
deepseek/deepseek-v3.2,dictator,20,8979,2,I share 4000 dollars.,4000.0,0.44548390689386347,9.186033725738525
deepseek/deepseek-v3.2,dictator,20,8979,3,I share 4490 dollars.,4490.0,0.5000556854883618,12.906156539916992
deepseek/deepseek-v3.2,dictator,20,46962,1,"I share 15,000 dollars.",15000.0,0.3194071802734125,8.147258520126343
deepseek/deepseek-v3.2,dictator,20,46962,2,I share 15000 dollars.,15000.0,0.3194071802734125,6.881308078765869
deepseek/deepseek-v3.2,dictator,20,46962,3,"I share 15,000 dollars.",15000.0,0.3194071802734125,7.32235860824585
deepseek/deepseek-v3.2,dictator,20,107392,1,"I share $53,696 dollars.",53696.0,0.5,3.0565927028656006
deepseek/deepseek-v3.2,dictator,20,107392,2,"I share 53,696 dollars.",53696.0,0.5,3.957366704940796
deepseek/deepseek-v3.2,dictator,20,107392,3,I share 50000 dollars.,50000.0,0.4655840286054827,1.3332462310791016
deepseek/deepseek-v3.2,dictator,20,71000,1,I share 35500 dollars,35500.0,0.5,6.432493209838867
deepseek/deepseek-v3.2,dictator,20,71000,2,"I share 20,000 dollars.",20000.0,0.28169014084507044,7.5927042961120605
deepseek/deepseek-v3.2,dictator,20,71000,3,"I share 12,000 dollars.",12000.0,0.16901408450704225,7.372570753097534
deepseek/deepseek-v3.2,dictator,20,162379,1,"I share 30,000 dollars",30000.0,0.18475295450766416,1.9180850982666016
deepseek/deepseek-v3.2,dictator,20,162379,2,"I share 60,000 dollars.",60000.0,0.3695059090153283,7.058187007904053
deepseek/deepseek-v3.2,dictator,20,162379,3,"I share 40,000 dollars",40000.0,0.24633727267688557,5.337908029556274
deepseek/deepseek-v3.2,dictator,20,250000,1,I share 80000 dollars,80000.0,0.32,7.28049111366272
deepseek/deepseek-v3.2,dictator,20,250000,2,"I share 40,000 dollars",40000.0,0.16,5.692015171051025
deepseek/deepseek-v3.2,dictator,20,250000,3,"I share 125,000 dollars.",125000.0,0.5,8.640939474105835
deepseek/deepseek-v3.2,dictator,22,1,1,I share 0.40 dollars.,0.4,0.4,6.6224541664123535
deepseek/deepseek-v3.2,dictator,22,1,2,I share 0.50 dollars.,0.5,0.5,7.136123895645142
deepseek/deepseek-v3.2,dictator,22,1,3,I share 0.40 dollars.,0.4,0.4,11.496792078018188
deepseek/deepseek-v3.2,dictator,22,3,1,I share 1 dollar.,1.0,0.3333333333333333,18.25302767753601
deepseek/deepseek-v3.2,dictator,22,3,2,I share $1.50 dollars.,1.5,0.5,1.7407219409942627
deepseek/deepseek-v3.2,dictator,22,3,3,I share $1.50 dollars.,1.5,0.5,8.680973052978516
deepseek/deepseek-v3.2,dictator,22,2,1,I share 1 dollar.,1.0,0.5,7.850964784622192
deepseek/deepseek-v3.2,dictator,22,2,2,I share 1 dollar.,1.0,0.5,2.740307569503784
deepseek/deepseek-v3.2,dictator,22,2,3,I share 0.50 dollars,0.5,0.25,34.27470827102661
deepseek/deepseek-v3.2,dictator,22,5,1,I share 2 dollars,2.0,0.4,18.58784508705139
deepseek/deepseek-v3.2,dictator,22,5,2,I share 2 dollars.,2.0,0.4,5.545513153076172
deepseek/deepseek-v3.2,dictator,22,5,3,I share 2 dollars,2.0,0.4,7.412937879562378
deepseek/deepseek-v3.2,dictator,22,8,1,I share 3 dollars.,3.0,0.375,19.898555994033813
deepseek/deepseek-v3.2,dictator,22,8,2,I share 3 dollars,3.0,0.375,8.651036739349365
deepseek/deepseek-v3.2,dictator,22,8,3,I share 4 dollars.,4.0,0.5,8.843123435974121
deepseek/deepseek-v3.2,dictator,22,12,1,I share 4 dollars.,4.0,0.3333333333333333,9.722499132156372
deepseek/deepseek-v3.2,dictator,22,12,2,I share 4 dollars,4.0,0.3333333333333333,12.198601961135864
deepseek/deepseek-v3.2,dictator,22,12,3,I share 6 dollars,6.0,0.5,2.3375377655029297
deepseek/deepseek-v3.2,dictator,22,18,1,I share 9 dollars.,9.0,0.5,5.570217609405518
deepseek/deepseek-v3.2,dictator,22,18,2,I share 6 dollars.,6.0,0.3333333333333333,13.725385904312134
deepseek/deepseek-v3.2,dictator,22,18,3,I share 9 dollars.,9.0,0.5,4.110981464385986
deepseek/deepseek-v3.2,dictator,22,27,1,I share 9 dollars.,9.0,0.3333333333333333,7.068845987319946
deepseek/deepseek-v3.2,dictator,22,27,2,I share 10 dollars.,10.0,0.37037037037037035,8.026631832122803
deepseek/deepseek-v3.2,dictator,22,27,3,I share 9 dollars.,9.0,0.3333333333333333,5.045497179031372
deepseek/deepseek-v3.2,dictator,22,10,1,I share 4 dollars.,4.0,0.4,7.648021221160889
deepseek/deepseek-v3.2,dictator,22,10,2,I share 4 dollars.,4.0,0.4,7.4671032428741455
deepseek/deepseek-v3.2,dictator,22,10,3,I share 3 dollars.,3.0,0.3,2.6620466709136963
deepseek/deepseek-v3.2,dictator,22,63,1,I share 28 dollars.,28.0,0.4444444444444444,8.824936628341675
deepseek/deepseek-v3.2,dictator,22,63,2,I share 32 dollars.,32.0,0.5079365079365079,5.662543535232544
deepseek/deepseek-v3.2,dictator,22,63,3,I share 31 dollars.,31.0,0.49206349206349204,6.094401836395264
deepseek/deepseek-v3.2,dictator,22,144,1,I share 72 dollars.,72.0,0.5,6.5521018505096436
deepseek/deepseek-v3.2,dictator,22,144,2,I share 72 dollars.,72.0,0.5,5.658213376998901
deepseek/deepseek-v3.2,dictator,22,144,3,I share 72 dollars.,72.0,0.5,2.2567319869995117
deepseek/deepseek-v3.2,dictator,22,41,1,I share 15 dollars.,15.0,0.36585365853658536,11.020020961761475
deepseek/deepseek-v3.2,dictator,22,41,2,I share 8 dollars.,8.0,0.1951219512195122,13.841988801956177
deepseek/deepseek-v3.2,dictator,22,41,3,I share 15 dollars.,15.0,0.36585365853658536,7.90125846862793
deepseek/deepseek-v3.2,dictator,22,95,1,I share 38 dollars.,38.0,0.4,17.9594829082489
deepseek/deepseek-v3.2,dictator,22,95,2,I share 38 dollars.,38.0,0.4,8.229746341705322
deepseek/deepseek-v3.2,dictator,22,95,3,I share 38 dollars,38.0,0.4,5.759932518005371
deepseek/deepseek-v3.2,dictator,22,328,1,I share 110 dollars.,110.0,0.3353658536585366,3.7577593326568604
deepseek/deepseek-v3.2,dictator,22,328,2,I share 164 dollars.,164.0,0.5,5.48096489906311
deepseek/deepseek-v3.2,dictator,22,328,3,I share 110 dollars.,110.0,0.3353658536585366,4.659426689147949
deepseek/deepseek-v3.2,dictator,22,751,1,I share 188 dollars.,188.0,0.25033288948069243,5.4265971183776855
deepseek/deepseek-v3.2,dictator,22,751,2,I share 200 dollars.,200.0,0.2663115845539281,7.170270681381226
deepseek/deepseek-v3.2,dictator,22,751,3,I share 300 dollars.,300.0,0.3994673768308921,8.499463558197021
deepseek/deepseek-v3.2,dictator,22,1135,1,I share 565 dollars.,565.0,0.4977973568281938,1.9393854141235352
deepseek/deepseek-v3.2,dictator,22,1135,2,I share 340 dollars.,340.0,0.29955947136563876,6.791266441345215
deepseek/deepseek-v3.2,dictator,22,1135,3,I share 400 dollars.,400.0,0.3524229074889868,7.951562166213989
deepseek/deepseek-v3.2,dictator,22,217,1,I share 70 dollars.,70.0,0.3225806451612903,15.919570922851562
deepseek/deepseek-v3.2,dictator,22,217,2,I share 107 dollars.,107.0,0.4930875576036866,6.861707448959351
deepseek/deepseek-v3.2,dictator,22,217,3,I share 87 dollars.,87.0,0.4009216589861751,19.532480001449585
deepseek/deepseek-v3.2,dictator,22,496,1,I share 248 dollars.,248.0,0.5,4.527546167373657
deepseek/deepseek-v3.2,dictator,22,496,2,I share 200 dollars.,200.0,0.4032258064516129,8.302801132202148
deepseek/deepseek-v3.2,dictator,22,496,3,I share 150 dollars,150.0,0.3024193548387097,4.481282472610474
deepseek/deepseek-v3.2,dictator,22,2596,1,I share 1298 dollars.,1298.0,0.5,5.033766508102417
deepseek/deepseek-v3.2,dictator,22,2596,2,I share $520 dollars.,520.0,0.20030816640986132,7.324634552001953
deepseek/deepseek-v3.2,dictator,22,2596,3,I share 1298 dollars.,1298.0,0.5,2.3830604553222656
deepseek/deepseek-v3.2,dictator,22,5938,1,"I share 1,500 dollars.",1500.0,0.2526103065005052,2.1787657737731934
deepseek/deepseek-v3.2,dictator,22,5938,2,I share $0 dollars.,0.0,0.0,6.243722438812256
deepseek/deepseek-v3.2,dictator,22,5938,3,I share 2970 dollars.,2970.0,0.5001684068710003,6.4149298667907715
deepseek/deepseek-v3.2,dictator,22,1717,1,I share 858 dollars.,858.0,0.49970879440885263,5.4025163650512695
deepseek/deepseek-v3.2,dictator,22,1717,2,I share 858 dollars.,858.0,0.49970879440885263,8.049091577529907
deepseek/deepseek-v3.2,dictator,22,1717,3,I share 600 dollars.,600.0,0.34944670937682004,6.260090351104736
deepseek/deepseek-v3.2,dictator,22,3926,1,"I share $1,200 dollars.",1200.0,0.3056546102903719,2.4766910076141357
deepseek/deepseek-v3.2,dictator,22,3926,2,I share 1374 dollars.,1374.0,0.3499745287824758,6.990184783935547
deepseek/deepseek-v3.2,dictator,22,3926,3,I share 1178 dollars.,1178.0,0.3000509424350484,7.198091983795166
deepseek/deepseek-v3.2,dictator,22,31054,1,"I share 9,316 dollars",9316.0,0.2999935596058479,7.1533730030059814
deepseek/deepseek-v3.2,dictator,22,31054,2,"I share $15,527 dollars.",15527.0,0.5,3.533419132232666
deepseek/deepseek-v3.2,dictator,22,31054,3,"I share 10,000 dollars.",10000.0,0.3220197076061055,5.676572799682617
deepseek/deepseek-v3.2,dictator,22,13578,1,"I share 4,500 dollars.",4500.0,0.3314184710561202,6.067407608032227
deepseek/deepseek-v3.2,dictator,22,13578,2,I share 6789 dollars.,6789.0,0.5,5.553774833679199
deepseek/deepseek-v3.2,dictator,22,13578,3,I share 5431 dollars.,5431.0,0.3999852702901753,5.83587646484375
deepseek/deepseek-v3.2,dictator,22,20531,1,I share 10265 dollars.,10265.0,0.49997564658321564,8.830130577087402
deepseek/deepseek-v3.2,dictator,22,20531,2,"I share 4,000 dollars",4000.0,0.1948273342749988,3.2809362411499023
deepseek/deepseek-v3.2,dictator,22,20531,3,I share 8040 dollars.,8040.0,0.3916029418927475,5.388124704360962
deepseek/deepseek-v3.2,dictator,22,71000,1,"I share 22,000 dollars.",22000.0,0.30985915492957744,5.567097902297974
deepseek/deepseek-v3.2,dictator,22,71000,2,"I share 25,000 dollars.",25000.0,0.352112676056338,4.26251745223999
deepseek/deepseek-v3.2,dictator,22,71000,3,I share 24805 dollars.,24805.0,0.3493661971830986,8.221824169158936
deepseek/deepseek-v3.2,dictator,22,46962,1,"I share $20,000 dollars.",20000.0,0.4258762403645501,6.309264898300171
deepseek/deepseek-v3.2,dictator,22,46962,2,"I share 15,000 dollars.",15000.0,0.3194071802734125,3.9184319972991943
deepseek/deepseek-v3.2,dictator,22,46962,3,I share 10000 dollars.,10000.0,0.21293812018227504,8.577114343643188
deepseek/deepseek-v3.2,dictator,22,107392,1,"I share 20,000 dollars.",20000.0,0.18623361144219308,5.949623346328735
deepseek/deepseek-v3.2,dictator,22,107392,2,"I share 40,000 dollars.",40000.0,0.37246722288438616,6.9886839389801025
deepseek/deepseek-v3.2,dictator,22,107392,3,"I share $42,956.80 dollars.",42956.8,0.4,10.563758611679077
deepseek/deepseek-v3.2,dictator,22,250000,1,I share 100000 dollars.,100000.0,0.4,7.791477203369141
deepseek/deepseek-v3.2,dictator,22,250000,2,I share 80000 dollars,80000.0,0.32,6.454421043395996
deepseek/deepseek-v3.2,dictator,22,250000,3,I share 0 dollars.,0.0,0.0,5.823616027832031
deepseek/deepseek-v3.2,dictator,24,1,1,I share 0.50 dollars.,0.5,0.5,8.368374347686768
deepseek/deepseek-v3.2,dictator,24,1,2,I share 0.40 dollars.,0.4,0.4,5.729033470153809
deepseek/deepseek-v3.2,dictator,24,1,3,I share 0.35 dollars.,0.35,0.35,14.683517932891846
deepseek/deepseek-v3.2,dictator,22,162379,1,"I share $81,189 dollars",81189.0,0.4999969207840915,5.444848537445068
deepseek/deepseek-v3.2,dictator,22,162379,2,"I share $40,000 dollars.",40000.0,0.24633727267688557,20.853331565856934
deepseek/deepseek-v3.2,dictator,22,162379,3,"I share $40,000 dollars.",40000.0,0.24633727267688557,17.982181549072266
deepseek/deepseek-v3.2,dictator,22,8979,1,I share 4490 dollars.,4490.0,0.5000556854883618,27.048489093780518
deepseek/deepseek-v3.2,dictator,22,8979,2,I share 4000 dollars,4000.0,0.44548390689386347,16.138293504714966
deepseek/deepseek-v3.2,dictator,22,8979,3,I share 3500 dollars.,3500.0,0.38979841853213054,1.6145484447479248
deepseek/deepseek-v3.2,dictator,24,8,1,I share 4 dollars.,4.0,0.5,5.970425367355347
deepseek/deepseek-v3.2,dictator,24,8,2,I share 3 dollars.,3.0,0.375,5.21653938293457
deepseek/deepseek-v3.2,dictator,24,8,3,I share 3 dollars.,3.0,0.375,4.402414083480835
deepseek/deepseek-v3.2,dictator,24,2,1,I share 1 dollar.,1.0,0.5,17.32670497894287
deepseek/deepseek-v3.2,dictator,24,2,2,I share 1 dollar.,1.0,0.5,7.970455169677734
deepseek/deepseek-v3.2,dictator,24,2,3,I share 1 dollar.,1.0,0.5,17.094697952270508
deepseek/deepseek-v3.2,dictator,24,5,1,I share 2 dollars.,2.0,0.4,1.9775850772857666
deepseek/deepseek-v3.2,dictator,24,5,2,I share 2 dollars.,2.0,0.4,6.220416307449341
deepseek/deepseek-v3.2,dictator,24,5,3,I share 2 dollars.,2.0,0.4,6.957584857940674
deepseek/deepseek-v3.2,dictator,24,3,1,I share 1 dollar.,1.0,0.3333333333333333,8.633721351623535
deepseek/deepseek-v3.2,dictator,24,3,2,I share 1 dollar,1.0,0.3333333333333333,5.528396844863892
deepseek/deepseek-v3.2,dictator,24,3,3,I share 1 dollar.,1.0,0.3333333333333333,6.951196193695068
deepseek/deepseek-v3.2,dictator,24,12,1,I share 6 dollars.,6.0,0.5,2.265514850616455
deepseek/deepseek-v3.2,dictator,24,12,2,I share 6 dollars.,6.0,0.5,7.074875831604004
deepseek/deepseek-v3.2,dictator,24,12,3,I share 4 dollars.,4.0,0.3333333333333333,4.336242914199829
deepseek/deepseek-v3.2,dictator,24,18,1,I share 7 dollars.,7.0,0.3888888888888889,8.9760582447052
deepseek/deepseek-v3.2,dictator,24,18,2,I share 9 dollars.,9.0,0.5,3.691246271133423
deepseek/deepseek-v3.2,dictator,24,18,3,I share 9 dollars.,9.0,0.5,5.633337020874023
deepseek/deepseek-v3.2,dictator,24,41,1,I share 18 dollars.,18.0,0.43902439024390244,5.361349105834961
deepseek/deepseek-v3.2,dictator,24,41,2,I share $20 dollars.,20.0,0.4878048780487805,5.887168645858765
deepseek/deepseek-v3.2,dictator,24,41,3,I share 15 dollars.,15.0,0.36585365853658536,6.363322019577026
deepseek/deepseek-v3.2,dictator,24,63,1,I share 24 dollars.,24.0,0.38095238095238093,5.832963943481445
deepseek/deepseek-v3.2,dictator,24,63,2,I share 20 dollars.,20.0,0.31746031746031744,16.254904985427856
deepseek/deepseek-v3.2,dictator,24,63,3,I share 30 dollars.,30.0,0.47619047619047616,5.63402795791626
deepseek/deepseek-v3.2,dictator,24,27,1,I share $8 dollars.,8.0,0.2962962962962963,9.115193367004395
deepseek/deepseek-v3.2,dictator,24,27,2,I share 10 dollars.,10.0,0.37037037037037035,11.714970111846924
deepseek/deepseek-v3.2,dictator,24,27,3,I share 8 dollars.,8.0,0.2962962962962963,9.876349449157715
deepseek/deepseek-v3.2,dictator,24,95,1,I share 38 dollars.,38.0,0.4,9.20857548713684
deepseek/deepseek-v3.2,dictator,24,95,2,I share 47 dollars.,47.0,0.49473684210526314,4.73245644569397
deepseek/deepseek-v3.2,dictator,24,95,3,I share 48 dollars.,48.0,0.5052631578947369,6.206495046615601
deepseek/deepseek-v3.2,dictator,24,217,1,I share 72 dollars.,72.0,0.3317972350230415,6.906257390975952
deepseek/deepseek-v3.2,dictator,24,217,2,I share 50 dollars.,50.0,0.2304147465437788,5.697196006774902
deepseek/deepseek-v3.2,dictator,24,217,3,I share 70 dollars.,70.0,0.3225806451612903,10.853383779525757
deepseek/deepseek-v3.2,dictator,24,328,1,I share 140 dollars.,140.0,0.4268292682926829,6.6277947425842285
deepseek/deepseek-v3.2,dictator,24,328,2,I share 164 dollars.,164.0,0.5,9.161921262741089
deepseek/deepseek-v3.2,dictator,24,328,3,I share 164 dollars.,164.0,0.5,7.476713418960571
deepseek/deepseek-v3.2,dictator,24,144,1,I share 48 dollars.,48.0,0.3333333333333333,7.168444633483887
deepseek/deepseek-v3.2,dictator,24,144,2,I share 72 dollars.,72.0,0.5,7.213029146194458
deepseek/deepseek-v3.2,dictator,24,144,3,I share 72 dollars.,72.0,0.5,4.550267934799194
deepseek/deepseek-v3.2,dictator,24,496,1,I share 160 dollars.,160.0,0.3225806451612903,6.571937084197998
deepseek/deepseek-v3.2,dictator,24,496,2,I share 248 dollars.,248.0,0.5,5.846953868865967
deepseek/deepseek-v3.2,dictator,24,496,3,I share 248 dollars.,248.0,0.5,11.934886932373047
deepseek/deepseek-v3.2,dictator,24,751,1,I share 250 dollars.,250.0,0.33288948069241014,5.172417879104614
deepseek/deepseek-v3.2,dictator,24,751,2,I share 300 dollars.,300.0,0.3994673768308921,15.750664949417114
deepseek/deepseek-v3.2,dictator,24,751,3,I share 225 dollars.,225.0,0.2996005326231691,3.0794777870178223
deepseek/deepseek-v3.2,dictator,24,1135,1,I share 340 dollars.,340.0,0.29955947136563876,13.129152059555054
deepseek/deepseek-v3.2,dictator,24,1135,2,I share 200 dollars.,200.0,0.1762114537444934,6.223591089248657
deepseek/deepseek-v3.2,dictator,24,1135,3,I share 400 dollars.,400.0,0.3524229074889868,6.291739463806152
deepseek/deepseek-v3.2,dictator,24,1717,1,I share 800 dollars.,800.0,0.46592894583576006,5.979402303695679
deepseek/deepseek-v3.2,dictator,24,1717,2,I share 858 dollars.,858.0,0.49970879440885263,6.579224109649658
deepseek/deepseek-v3.2,dictator,24,1717,3,I share 858 dollars.,858.0,0.49970879440885263,9.928542375564575
deepseek/deepseek-v3.2,dictator,24,2596,1,I share 1200 dollars.,1200.0,0.4622496147919877,5.480225563049316
deepseek/deepseek-v3.2,dictator,24,2596,2,I share 648 dollars,648.0,0.24961479198767333,11.1068274974823
deepseek/deepseek-v3.2,dictator,24,2596,3,I share 648 dollars.,648.0,0.24961479198767333,6.713025331497192
deepseek/deepseek-v3.2,dictator,24,10,1,I share 4 dollars.,4.0,0.4,4.479706048965454
deepseek/deepseek-v3.2,dictator,24,10,2,I share 4 dollars.,4.0,0.4,12.277348756790161
deepseek/deepseek-v3.2,dictator,24,10,3,I share 5 dollars.,5.0,0.5,9.405220746994019
deepseek/deepseek-v3.2,dictator,24,3926,1,I share 785 dollars.,785.0,0.1999490575649516,15.277855157852173
deepseek/deepseek-v3.2,dictator,24,3926,2,I share 1400 dollars.,1400.0,0.3565970453387672,6.339993238449097
deepseek/deepseek-v3.2,dictator,24,3926,3,"I share $1,570 dollars.",1570.0,0.3998981151299032,6.372877597808838
deepseek/deepseek-v3.2,dictator,10,144,1,I share 72 dollars.,72.0,0.5,9.674052953720093
deepseek/deepseek-v3.2,dictator,10,144,2,I share 72 dollars,72.0,0.5,3.71665620803833
deepseek/deepseek-v3.2,dictator,10,144,3,I share 72 dollars,72.0,0.5,3.2884254455566406
deepseek/deepseek-v3.2,dictator,24,8979,1,I share 2000 dollars.,2000.0,0.22274195344693173,5.8850367069244385
deepseek/deepseek-v3.2,dictator,24,8979,2,I share 1500 dollars.,1500.0,0.1670564650851988,4.923647165298462
deepseek/deepseek-v3.2,dictator,24,8979,3,I share 2693 dollars.,2693.0,0.29992204031629355,5.489254951477051
deepseek/deepseek-v3.2,dictator,24,5938,1,I share 2970 dollars.,2970.0,0.5001684068710003,17.47850227355957
deepseek/deepseek-v3.2,dictator,24,5938,2,I share 2500 dollars.,2500.0,0.42101717750084205,6.964881181716919
deepseek/deepseek-v3.2,dictator,24,5938,3,I share 2970 dollars.,2970.0,0.5001684068710003,2.7620022296905518
deepseek/deepseek-v3.2,dictator,24,20531,1,I share 10265 dollars.,10265.0,0.49997564658321564,3.886197090148926
deepseek/deepseek-v3.2,dictator,24,20531,2,"I share 5,000 dollars.",5000.0,0.24353416784374848,6.301681280136108
deepseek/deepseek-v3.2,dictator,24,20531,3,I share 8200 dollars.,8200.0,0.3993960352637475,5.794036865234375
deepseek/deepseek-v3.2,dictator,24,31054,1,I share 12000 dollars,12000.0,0.3864236491273266,4.486097812652588
deepseek/deepseek-v3.2,dictator,24,31054,2,"I share $12,000 dollars.",12000.0,0.3864236491273266,8.1123788356781
deepseek/deepseek-v3.2,dictator,24,31054,3,"I share 10,000 dollars.",10000.0,0.3220197076061055,3.366274118423462
deepseek/deepseek-v3.2,dictator,24,46962,1,I share 15000 dollars,15000.0,0.3194071802734125,7.432947158813477
deepseek/deepseek-v3.2,dictator,24,46962,2,"I share 23,481 dollars.",23481.0,0.5,1.4325950145721436
deepseek/deepseek-v3.2,dictator,24,46962,3,"I share 15,000 dollars.",15000.0,0.3194071802734125,6.495408535003662
deepseek/deepseek-v3.2,dictator,24,13578,1,I share 5000 dollars,5000.0,0.3682427456179113,18.104411602020264
deepseek/deepseek-v3.2,dictator,24,13578,2,I share 6789 dollars,6789.0,0.5,3.4284749031066895
deepseek/deepseek-v3.2,dictator,24,13578,3,I share 4000 dollars.,4000.0,0.29459419649432905,8.629557132720947
deepseek/deepseek-v3.2,dictator,24,71000,1,"I share 25,000 dollars",25000.0,0.352112676056338,4.659270524978638
deepseek/deepseek-v3.2,dictator,24,71000,2,"I share 24,000 dollars.",24000.0,0.3380281690140845,6.2962658405303955
deepseek/deepseek-v3.2,dictator,24,71000,3,I share 25000 dollars.,25000.0,0.352112676056338,11.093910217285156
deepseek/deepseek-v3.2,dictator,24,107392,1,"I share 40,000 dollars.",40000.0,0.37246722288438616,4.476952791213989
deepseek/deepseek-v3.2,dictator,24,107392,2,"I share $50,000 dollars.",50000.0,0.4655840286054827,10.735670804977417
deepseek/deepseek-v3.2,dictator,24,107392,3,I share 25000 dollars.,25000.0,0.23279201430274135,8.606784343719482
deepseek/deepseek-v3.2,dictator,24,250000,1,I share 100000 dollars,100000.0,0.4,10.246707439422607
deepseek/deepseek-v3.2,dictator,24,250000,2,"I share $50,000 dollars.",50000.0,0.2,7.947748422622681
deepseek/deepseek-v3.2,dictator,24,250000,3,"I share 40,000 dollars.",40000.0,0.16,11.920559167861938
deepseek/deepseek-v3.2,dictator,26,1,1,I share 0.50 dollars.,0.5,0.5,9.060498237609863
deepseek/deepseek-v3.2,dictator,26,1,2,I share 0.50 dollars.,0.5,0.5,8.5006103515625
deepseek/deepseek-v3.2,dictator,26,1,3,I share 0.30 dollars.,0.3,0.3,16.10836410522461
deepseek/deepseek-v3.2,dictator,24,162379,1,"I share $64,951 dollars.",64951.0,0.3999963049409098,10.945631980895996
deepseek/deepseek-v3.2,dictator,24,162379,2,"I share $81,189.50 dollars.",81189.5,0.5,7.184907913208008
deepseek/deepseek-v3.2,dictator,24,162379,3,"I share $54,126 dollars.",54126.0,0.3333312805227277,5.490265369415283
deepseek/deepseek-v3.2,dictator,14,12,1,I share 6 dollars.,6.0,0.5,5.681456565856934
deepseek/deepseek-v3.2,dictator,14,12,2,I share 6 dollars.,6.0,0.5,4.7800211906433105
deepseek/deepseek-v3.2,dictator,14,12,3,I share 6 dollars.,6.0,0.5,1.4186508655548096
deepseek/deepseek-v3.2,dictator,26,2,1,I share 1 dollar.,1.0,0.5,9.888553619384766
deepseek/deepseek-v3.2,dictator,26,2,2,I share 0.80 dollars,0.8,0.4,9.468275785446167
deepseek/deepseek-v3.2,dictator,26,2,3,I share $0.90 dollars.,0.9,0.45,7.232860565185547
deepseek/deepseek-v3.2,dictator,26,5,1,I share 2 dollars.,2.0,0.4,5.310070514678955
deepseek/deepseek-v3.2,dictator,26,5,2,I share 2 dollars.,2.0,0.4,2.89794921875
deepseek/deepseek-v3.2,dictator,26,5,3,I share 1 dollar.,1.0,0.2,7.037883996963501
deepseek/deepseek-v3.2,dictator,26,12,1,I share 4 dollars.,4.0,0.3333333333333333,2.5584089756011963
deepseek/deepseek-v3.2,dictator,26,12,2,I share 6 dollars.,6.0,0.5,5.635796308517456
deepseek/deepseek-v3.2,dictator,26,12,3,I share 4 dollars.,4.0,0.3333333333333333,4.666830539703369
deepseek/deepseek-v3.2,dictator,26,3,1,I share 1 dollar.,1.0,0.3333333333333333,2.0021703243255615
deepseek/deepseek-v3.2,dictator,26,3,2,I share 1 dollar.,1.0,0.3333333333333333,6.705655097961426
deepseek/deepseek-v3.2,dictator,26,3,3,I share $1.50 dollars.,1.5,0.5,4.9511330127716064
deepseek/deepseek-v3.2,dictator,26,18,1,I share 8 dollars.,8.0,0.4444444444444444,4.124804735183716
deepseek/deepseek-v3.2,dictator,26,18,2,I share 8 dollars.,8.0,0.4444444444444444,3.4678289890289307
deepseek/deepseek-v3.2,dictator,26,18,3,I share 9 dollars.,9.0,0.5,5.937762022018433
deepseek/deepseek-v3.2,dictator,26,27,1,I share 13 dollars.,13.0,0.48148148148148145,7.005805492401123
deepseek/deepseek-v3.2,dictator,26,27,2,I share $13 dollars.,13.0,0.48148148148148145,4.459265232086182
deepseek/deepseek-v3.2,dictator,26,27,3,I share 9 dollars.,9.0,0.3333333333333333,5.242197275161743
deepseek/deepseek-v3.2,dictator,26,10,1,I share 4 dollars.,4.0,0.4,3.2466771602630615
deepseek/deepseek-v3.2,dictator,26,10,2,I share 5 dollars.,5.0,0.5,7.002246141433716
deepseek/deepseek-v3.2,dictator,26,10,3,I share 5 dollars.,5.0,0.5,17.22698187828064
deepseek/deepseek-v3.2,dictator,26,41,1,I share $20 dollars.,20.0,0.4878048780487805,5.25619649887085
deepseek/deepseek-v3.2,dictator,26,41,2,I share $13 dollars.,13.0,0.3170731707317073,7.069047689437866
deepseek/deepseek-v3.2,dictator,26,41,3,I share 10 dollars.,10.0,0.24390243902439024,8.21924352645874
deepseek/deepseek-v3.2,dictator,26,95,1,I share 40 dollars.,40.0,0.42105263157894735,5.049131393432617
deepseek/deepseek-v3.2,dictator,26,95,2,I share 40 dollars.,40.0,0.42105263157894735,12.177899837493896
deepseek/deepseek-v3.2,dictator,26,95,3,I share 38 dollars.,38.0,0.4,5.010514736175537
deepseek/deepseek-v3.2,dictator,26,63,1,I share 20 dollars.,20.0,0.31746031746031744,16.396225690841675
deepseek/deepseek-v3.2,dictator,26,63,2,I share 31 dollars.,31.0,0.49206349206349204,7.416797876358032
deepseek/deepseek-v3.2,dictator,26,63,3,I share 31 dollars.,31.0,0.49206349206349204,5.639737844467163
deepseek/deepseek-v3.2,dictator,26,217,1,I share 87 dollars.,87.0,0.4009216589861751,7.85650110244751
deepseek/deepseek-v3.2,dictator,26,217,2,I share 90 dollars.,90.0,0.4147465437788018,5.842000961303711
deepseek/deepseek-v3.2,dictator,26,217,3,I share 100 dollars,100.0,0.4608294930875576,8.477950096130371
deepseek/deepseek-v3.2,dictator,26,328,1,I share 100 dollars.,100.0,0.3048780487804878,2.5997769832611084
deepseek/deepseek-v3.2,dictator,26,328,2,I share 120 dollars.,120.0,0.36585365853658536,7.111934661865234
deepseek/deepseek-v3.2,dictator,26,328,3,I share 98 dollars.,98.0,0.29878048780487804,17.315751791000366
deepseek/deepseek-v3.2,dictator,26,8,1,I share 3 dollars.,3.0,0.375,5.87869119644165
deepseek/deepseek-v3.2,dictator,26,8,2,I share 4 dollars,4.0,0.5,4.705214500427246
deepseek/deepseek-v3.2,dictator,26,8,3,I share 4 dollars.,4.0,0.5,9.932270765304565
deepseek/deepseek-v3.2,dictator,26,496,1,I share 124 dollars.,124.0,0.25,6.598491668701172
deepseek/deepseek-v3.2,dictator,26,496,2,I share 124 dollars.,124.0,0.25,17.768040418624878
deepseek/deepseek-v3.2,dictator,26,496,3,I share 248 dollars.,248.0,0.5,6.876021146774292
deepseek/deepseek-v3.2,dictator,26,751,1,I share 300 dollars.,300.0,0.3994673768308921,7.225841760635376
deepseek/deepseek-v3.2,dictator,26,751,2,I share 200 dollars.,200.0,0.2663115845539281,15.518787622451782
deepseek/deepseek-v3.2,dictator,26,751,3,I share 300 dollars.,300.0,0.3994673768308921,7.117063283920288
deepseek/deepseek-v3.2,dictator,26,1135,1,I share 340 dollars.,340.0,0.29955947136563876,14.20059871673584
deepseek/deepseek-v3.2,dictator,26,1135,2,I share 400 dollars.,400.0,0.3524229074889868,5.896888732910156
deepseek/deepseek-v3.2,dictator,26,1135,3,I share 320 dollars.,320.0,0.28193832599118945,14.632883787155151
deepseek/deepseek-v3.2,dictator,26,1717,1,I share 400 dollars.,400.0,0.23296447291788003,5.58096170425415
deepseek/deepseek-v3.2,dictator,26,1717,2,I share 430 dollars.,430.0,0.250436808386721,5.086453199386597
deepseek/deepseek-v3.2,dictator,26,1717,3,I share 400 dollars.,400.0,0.23296447291788003,15.15733027458191
deepseek/deepseek-v3.2,dictator,26,144,1,I share 72 dollars.,72.0,0.5,18.333874940872192
deepseek/deepseek-v3.2,dictator,26,144,2,I share 72 dollars.,72.0,0.5,6.2211830615997314
deepseek/deepseek-v3.2,dictator,26,144,3,I share 72 dollars,72.0,0.5,6.26441216468811
deepseek/deepseek-v3.2,dictator,26,2596,1,"I share $1,298 dollars.",1298.0,0.5,13.978707313537598
deepseek/deepseek-v3.2,dictator,26,2596,2,I share 600 dollars,600.0,0.23112480739599384,17.2237389087677
deepseek/deepseek-v3.2,dictator,26,2596,3,I share 1000 dollars.,1000.0,0.3852080123266564,3.3190114498138428
deepseek/deepseek-v3.2,dictator,26,5938,1,"I share $2,500 dollars.",2500.0,0.42101717750084205,9.053547620773315
deepseek/deepseek-v3.2,dictator,26,5938,2,I share 1484 dollars.,1484.0,0.24991579656449983,6.120697975158691
deepseek/deepseek-v3.2,dictator,26,5938,3,I share 2970 dollars,2970.0,0.5001684068710003,13.314805746078491
deepseek/deepseek-v3.2,dictator,26,3926,1,"I share $1,200 dollars.",1200.0,0.3056546102903719,13.460256338119507
deepseek/deepseek-v3.2,dictator,26,3926,2,I share 785 dollars.,785.0,0.1999490575649516,7.544435977935791
deepseek/deepseek-v3.2,dictator,26,3926,3,I share 785 dollars,785.0,0.1999490575649516,13.415289402008057
deepseek/deepseek-v3.2,dictator,26,8979,1,I share 2993 dollars.,2993.0,0.3333333333333333,3.385906219482422
deepseek/deepseek-v3.2,dictator,26,8979,2,I share 4000 dollars.,4000.0,0.44548390689386347,12.070490837097168
deepseek/deepseek-v3.2,dictator,26,8979,3,I share 1795 dollars.,1795.0,0.19991090321862123,4.520888090133667
deepseek/deepseek-v3.2,dictator,26,13578,1,"I share 5,000 dollars.",5000.0,0.3682427456179113,3.627993106842041
deepseek/deepseek-v3.2,dictator,26,13578,2,I share 4500 dollars.,4500.0,0.3314184710561202,18.48332929611206
deepseek/deepseek-v3.2,dictator,26,13578,3,I share 3000 dollars.,3000.0,0.2209456473707468,3.6996240615844727
deepseek/deepseek-v3.2,dictator,26,46962,1,"I share 15,000 dollars.",15000.0,0.3194071802734125,4.413574695587158
deepseek/deepseek-v3.2,dictator,26,46962,2,"I share 23,481 dollars.",23481.0,0.5,6.460371255874634
deepseek/deepseek-v3.2,dictator,26,46962,3,"I share 23,481 dollars.",23481.0,0.5,9.456896543502808
deepseek/deepseek-v3.2,dictator,26,71000,1,I share 26500 dollars.,26500.0,0.3732394366197183,4.796925067901611
deepseek/deepseek-v3.2,dictator,26,71000,2,"I share 30,000 dollars",30000.0,0.4225352112676056,5.5881853103637695
deepseek/deepseek-v3.2,dictator,26,71000,3,I share 21300 dollars,21300.0,0.3,10.935539245605469
deepseek/deepseek-v3.2,dictator,26,20531,1,I share 8212 dollars.,8212.0,0.3999805172665725,26.13679003715515
deepseek/deepseek-v3.2,dictator,26,20531,2,"I share 10,265 dollars",10265.0,0.49997564658321564,9.390828847885132
deepseek/deepseek-v3.2,dictator,26,20531,3,I share 8200 dollars,8200.0,0.3993960352637475,5.267929792404175
deepseek/deepseek-v3.2,dictator,26,31054,1,"I share 10,000 dollars.",10000.0,0.3220197076061055,7.123148202896118
deepseek/deepseek-v3.2,dictator,26,31054,2,"I share 10,350 dollars.",10350.0,0.3332903973723192,16.11820101737976
deepseek/deepseek-v3.2,dictator,26,31054,3,"I share $15,527 dollars.",15527.0,0.5,6.420089960098267
deepseek/deepseek-v3.2,dictator,26,107392,1,"I share 30,000 dollars.",30000.0,0.2793504171632896,6.636853218078613
deepseek/deepseek-v3.2,dictator,26,107392,2,I share 0 dollars.,0.0,0.0,10.816916227340698
deepseek/deepseek-v3.2,dictator,26,107392,3,"I share $30,000 dollars.",30000.0,0.2793504171632896,6.8097920417785645
deepseek/deepseek-v3.2,dictator,26,250000,1,"I share 100,000 dollars.",100000.0,0.4,2.451185464859009
deepseek/deepseek-v3.2,dictator,26,250000,2,"I share 100,000 dollars.",100000.0,0.4,4.601893901824951
deepseek/deepseek-v3.2,dictator,26,250000,3,I share 50000 dollars,50000.0,0.2,6.726329326629639
deepseek/deepseek-v3.2,dictator,28,2,1,I share 1 dollar.,1.0,0.5,7.052736520767212
deepseek/deepseek-v3.2,dictator,28,2,2,I share 1 dollar.,1.0,0.5,3.461247205734253
deepseek/deepseek-v3.2,dictator,28,2,3,I share 1 dollar.,1.0,0.5,12.744431495666504
deepseek/deepseek-v3.2,dictator,28,3,1,I share 1.50 dollars.,1.5,0.5,6.254879951477051
deepseek/deepseek-v3.2,dictator,28,3,2,I share 1 dollar.,1.0,0.3333333333333333,3.070465564727783
deepseek/deepseek-v3.2,dictator,28,3,3,I share 1 dollar.,1.0,0.3333333333333333,13.565133094787598
deepseek/deepseek-v3.2,dictator,28,1,1,I share 0.50 dollars.,0.5,0.5,3.4586286544799805
deepseek/deepseek-v3.2,dictator,28,1,2,I share 0.50 dollars.,0.5,0.5,11.27005410194397
deepseek/deepseek-v3.2,dictator,28,1,3,I share 0.50 dollars.,0.5,0.5,8.405188083648682
deepseek/deepseek-v3.2,dictator,26,162379,1,"I share $32,475 dollars.",32475.0,0.19999507325454646,9.90769624710083
deepseek/deepseek-v3.2,dictator,26,162379,2,I share 40595 dollars,40595.0,0.25000153960795424,2.702773332595825
deepseek/deepseek-v3.2,dictator,26,162379,3,"I share 40,000 dollars.",40000.0,0.24633727267688557,5.449558973312378
deepseek/deepseek-v3.2,dictator,28,8,1,I share 4 dollars.,4.0,0.5,6.581089019775391
deepseek/deepseek-v3.2,dictator,28,8,2,I share 3 dollars.,3.0,0.375,13.45772671699524
deepseek/deepseek-v3.2,dictator,28,8,3,I share 4 dollars.,4.0,0.5,12.210969924926758
deepseek/deepseek-v3.2,dictator,28,12,1,I share 4 dollars.,4.0,0.3333333333333333,5.7257866859436035
deepseek/deepseek-v3.2,dictator,28,12,2,I share 5 dollars.,5.0,0.4166666666666667,6.180375337600708
deepseek/deepseek-v3.2,dictator,28,12,3,I share 3 dollars.,3.0,0.25,8.66215968132019
deepseek/deepseek-v3.2,dictator,28,10,1,I share 4 dollars,4.0,0.4,6.294548273086548
deepseek/deepseek-v3.2,dictator,28,10,2,I share 4 dollars.,4.0,0.4,4.901932001113892
deepseek/deepseek-v3.2,dictator,28,10,3,I share 4 dollars.,4.0,0.4,11.464461088180542
deepseek/deepseek-v3.2,dictator,28,5,1,I share $2 dollars.,2.0,0.4,5.548620939254761
deepseek/deepseek-v3.2,dictator,28,5,2,I share 2 dollars.,2.0,0.4,14.819698095321655
deepseek/deepseek-v3.2,dictator,28,5,3,I share 2 dollars.,2.0,0.4,16.366366863250732
deepseek/deepseek-v3.2,dictator,28,27,1,I share 8 dollars.,8.0,0.2962962962962963,6.533204793930054
deepseek/deepseek-v3.2,dictator,28,27,2,I share 10 dollars.,10.0,0.37037037037037035,4.857049465179443
deepseek/deepseek-v3.2,dictator,28,27,3,I share 7 dollars.,7.0,0.25925925925925924,10.807999849319458
deepseek/deepseek-v3.2,dictator,28,18,1,I share 6 dollars.,6.0,0.3333333333333333,3.77299427986145
deepseek/deepseek-v3.2,dictator,28,18,2,I share 9 dollars.,9.0,0.5,7.654465675354004
deepseek/deepseek-v3.2,dictator,28,18,3,I share 9 dollars.,9.0,0.5,14.46506929397583
deepseek/deepseek-v3.2,dictator,28,41,1,I share $20 dollars.,20.0,0.4878048780487805,6.938941478729248
deepseek/deepseek-v3.2,dictator,28,41,2,I share 12 dollars.,12.0,0.2926829268292683,12.141875743865967
deepseek/deepseek-v3.2,dictator,28,41,3,I share 15 dollars.,15.0,0.36585365853658536,5.350580453872681
deepseek/deepseek-v3.2,dictator,28,63,1,I share 31 dollars.,31.0,0.49206349206349204,15.310482263565063
deepseek/deepseek-v3.2,dictator,28,63,2,I share 31 dollars.,31.0,0.49206349206349204,6.5134687423706055
deepseek/deepseek-v3.2,dictator,28,63,3,I share 31 dollars.,31.0,0.49206349206349204,7.967217445373535
deepseek/deepseek-v3.2,dictator,28,95,1,I share 38 dollars.,38.0,0.4,10.506800413131714
deepseek/deepseek-v3.2,dictator,28,95,2,I share 40 dollars.,40.0,0.42105263157894735,6.537116527557373
deepseek/deepseek-v3.2,dictator,28,95,3,I share 40 dollars.,40.0,0.42105263157894735,11.861470222473145
deepseek/deepseek-v3.2,dictator,28,328,1,I share 164 dollars.,164.0,0.5,6.050060987472534
deepseek/deepseek-v3.2,dictator,28,328,2,I share 164 dollars.,164.0,0.5,11.739925146102905
deepseek/deepseek-v3.2,dictator,28,328,3,I share 128 dollars.,128.0,0.3902439024390244,9.472676515579224
deepseek/deepseek-v3.2,dictator,28,144,1,I share 72 dollars.,72.0,0.5,4.120251655578613
deepseek/deepseek-v3.2,dictator,28,144,2,I share 50 dollars,50.0,0.3472222222222222,9.9300696849823
deepseek/deepseek-v3.2,dictator,28,144,3,I share 40 dollars.,40.0,0.2777777777777778,12.016152381896973
deepseek/deepseek-v3.2,dictator,28,217,1,I share 70 dollars,70.0,0.3225806451612903,6.937949895858765
deepseek/deepseek-v3.2,dictator,28,217,2,I share 54 dollars,54.0,0.2488479262672811,5.868189811706543
deepseek/deepseek-v3.2,dictator,28,217,3,I share 65 dollars.,65.0,0.2995391705069124,4.645946025848389
deepseek/deepseek-v3.2,dictator,28,496,1,I share 160 dollars.,160.0,0.3225806451612903,11.122572660446167
deepseek/deepseek-v3.2,dictator,28,496,2,I share 248 dollars.,248.0,0.5,10.62595510482788
deepseek/deepseek-v3.2,dictator,28,496,3,I share 124 dollars.,124.0,0.25,5.90645170211792
deepseek/deepseek-v3.2,dictator,28,1717,1,I share 858 dollars.,858.0,0.49970879440885263,7.039969205856323
deepseek/deepseek-v3.2,dictator,28,1717,2,I share 860 dollars,860.0,0.500873616773442,4.670679092407227
deepseek/deepseek-v3.2,dictator,28,1717,3,I share 858 dollars,858.0,0.49970879440885263,5.497751235961914
deepseek/deepseek-v3.2,dictator,28,2596,1,"I share $1,298 dollars",1298.0,0.5,5.255829334259033
deepseek/deepseek-v3.2,dictator,28,2596,2,"I share $1,298 dollars.",1298.0,0.5,5.812792062759399
deepseek/deepseek-v3.2,dictator,28,2596,3,"I share 1,298 dollars.",1298.0,0.5,5.674812078475952
deepseek/deepseek-v3.2,dictator,28,751,1,I share 125 dollars.,125.0,0.16644474034620507,11.367335319519043
deepseek/deepseek-v3.2,dictator,28,751,2,I share $250 dollars.,250.0,0.33288948069241014,8.459941864013672
deepseek/deepseek-v3.2,dictator,28,751,3,I share 250 dollars.,250.0,0.33288948069241014,8.130122661590576
deepseek/deepseek-v3.2,dictator,28,3926,1,I share 500 dollars.,500.0,0.1273560876209883,5.8101277351379395
deepseek/deepseek-v3.2,dictator,28,3926,2,"I share 1,000 dollars.",1000.0,0.2547121752419766,5.8378379344940186
deepseek/deepseek-v3.2,dictator,28,3926,3,I share 1963 dollars.,1963.0,0.5,12.689591646194458
deepseek/deepseek-v3.2,dictator,28,5938,1,I share 1484 dollars.,1484.0,0.24991579656449983,6.448696613311768
deepseek/deepseek-v3.2,dictator,28,5938,2,I share 2000 dollars.,2000.0,0.33681374200067365,4.318233013153076
deepseek/deepseek-v3.2,dictator,28,5938,3,"I share $1,500 dollars.",1500.0,0.2526103065005052,16.207664489746094
deepseek/deepseek-v3.2,dictator,28,20531,1,"I share $9,000 dollars.",9000.0,0.43836150211874725,11.959950923919678
deepseek/deepseek-v3.2,dictator,28,20531,2,"I share 9,531 dollars.",9531.0,0.46422483074375337,7.450281381607056
deepseek/deepseek-v3.2,dictator,28,20531,3,I share 8200 dollars.,8200.0,0.3993960352637475,11.097985982894897
deepseek/deepseek-v3.2,dictator,28,31054,1,"I share $6,211 dollars.",6211.0,0.20000644039415214,7.052872896194458
deepseek/deepseek-v3.2,dictator,28,31054,2,"I share 10,000 dollars.",10000.0,0.3220197076061055,4.671217918395996
deepseek/deepseek-v3.2,dictator,28,31054,3,"I share $10,000 dollars.",10000.0,0.3220197076061055,9.786641597747803
deepseek/deepseek-v3.2,dictator,28,13578,1,I share 4000 dollars.,4000.0,0.29459419649432905,12.402321577072144
deepseek/deepseek-v3.2,dictator,28,13578,2,I share 6789 dollars.,6789.0,0.5,12.40282940864563
deepseek/deepseek-v3.2,dictator,28,13578,3,"I share $4,000 dollars.",4000.0,0.29459419649432905,5.669764041900635
deepseek/deepseek-v3.2,dictator,28,46962,1,"I share $18,785 dollars.",18785.0,0.40000425876240364,9.94310736656189
deepseek/deepseek-v3.2,dictator,28,46962,2,I share 15000 dollars.,15000.0,0.3194071802734125,7.876841306686401
deepseek/deepseek-v3.2,dictator,28,46962,3,"I share 9,392 dollars.",9392.0,0.19999148247519272,6.724435567855835
deepseek/deepseek-v3.2,dictator,28,8979,1,I share 1796 dollars.,1796.0,0.20002227419534468,12.888916015625
deepseek/deepseek-v3.2,dictator,28,8979,2,"I share $1,795 dollars.",1795.0,0.19991090321862123,10.67559814453125
deepseek/deepseek-v3.2,dictator,28,8979,3,I share 4000 dollars,4000.0,0.44548390689386347,12.293487548828125
deepseek/deepseek-v3.2,dictator,28,107392,1,I share 25000 dollars.,25000.0,0.23279201430274135,5.284806966781616
deepseek/deepseek-v3.2,dictator,28,107392,2,I share 0 dollars.,0.0,0.0,5.593809366226196
deepseek/deepseek-v3.2,dictator,28,107392,3,"I share $35,000 dollars.",35000.0,0.3259088200238379,17.29284143447876
deepseek/deepseek-v3.2,dictator,28,71000,1,I share 35500 dollars,35500.0,0.5,4.206140518188477
deepseek/deepseek-v3.2,dictator,28,71000,2,"I share 25,000 dollars.",25000.0,0.352112676056338,11.375476837158203
deepseek/deepseek-v3.2,dictator,28,71000,3,I share 19880 dollars.,19880.0,0.28,17.401174783706665
deepseek/deepseek-v3.2,dictator,30,1,1,I share 0.30 dollars.,0.3,0.3,16.160301446914673
deepseek/deepseek-v3.2,dictator,30,1,2,I share 0.40 dollars.,0.4,0.4,5.440870523452759
deepseek/deepseek-v3.2,dictator,30,1,3,I share 0.30 dollars,0.3,0.3,5.417768478393555
deepseek/deepseek-v3.2,dictator,30,2,1,I share 1 dollar.,1.0,0.5,3.9871883392333984
deepseek/deepseek-v3.2,dictator,30,2,2,I share 0.50 dollars.,0.5,0.25,4.175281286239624
deepseek/deepseek-v3.2,dictator,30,2,3,I share 1 dollar.,1.0,0.5,7.019681453704834
deepseek/deepseek-v3.2,dictator,30,3,1,I share 1 dollar.,1.0,0.3333333333333333,4.009382009506226
deepseek/deepseek-v3.2,dictator,30,3,2,I share 1.50 dollars.,1.5,0.5,9.522469758987427
deepseek/deepseek-v3.2,dictator,30,3,3,I share 1 dollar.,1.0,0.3333333333333333,11.151528358459473
deepseek/deepseek-v3.2,dictator,28,162379,1,"I share 56,000 dollars.",56000.0,0.3448721817476398,7.443922996520996
deepseek/deepseek-v3.2,dictator,28,162379,2,"I share $65,000 dollars.",65000.0,0.400298068099939,26.44539213180542
deepseek/deepseek-v3.2,dictator,28,162379,3,"I share $60,000 dollars.",60000.0,0.3695059090153283,9.710245847702026
deepseek/deepseek-v3.2,dictator,28,250000,1,"I share 110,000 dollars.",110000.0,0.44,5.135450839996338
deepseek/deepseek-v3.2,dictator,28,250000,2,"I share 50,000 dollars",50000.0,0.2,6.405900001525879
deepseek/deepseek-v3.2,dictator,28,250000,3,"I share 90,000 dollars.",90000.0,0.36,12.622606754302979
deepseek/deepseek-v3.2,dictator,30,10,1,I share 4 dollars.,4.0,0.4,6.557775974273682
deepseek/deepseek-v3.2,dictator,30,10,2,I share 2 dollars.,2.0,0.2,6.62555718421936
deepseek/deepseek-v3.2,dictator,30,10,3,I share 2 dollars.,2.0,0.2,4.426489353179932
deepseek/deepseek-v3.2,dictator,30,5,1,I share 2 dollars.,2.0,0.4,6.59743070602417
deepseek/deepseek-v3.2,dictator,30,5,2,I share 2 dollars.,2.0,0.4,17.202744722366333
deepseek/deepseek-v3.2,dictator,30,5,3,I share $2.50 dollars.,2.5,0.5,8.328130006790161
deepseek/deepseek-v3.2,dictator,30,12,1,I share 6 dollars.,6.0,0.5,4.075134754180908
deepseek/deepseek-v3.2,dictator,30,12,2,I share 4 dollars.,4.0,0.3333333333333333,8.173190355300903
deepseek/deepseek-v3.2,dictator,30,12,3,I share 4 dollars.,4.0,0.3333333333333333,5.468204736709595
deepseek/deepseek-v3.2,dictator,30,8,1,I share 3 dollars.,3.0,0.375,10.79848027229309
deepseek/deepseek-v3.2,dictator,30,8,2,I share 2 dollars,2.0,0.25,16.360340356826782
deepseek/deepseek-v3.2,dictator,30,8,3,I share 3 dollars.,3.0,0.375,6.4766459465026855
deepseek/deepseek-v3.2,dictator,30,18,1,I share 6 dollars.,6.0,0.3333333333333333,9.011013746261597
deepseek/deepseek-v3.2,dictator,30,18,2,I share 6 dollars.,6.0,0.3333333333333333,2.521878719329834
deepseek/deepseek-v3.2,dictator,30,18,3,I share 7 dollars,7.0,0.3888888888888889,5.655980110168457
deepseek/deepseek-v3.2,dictator,30,27,1,I share 13 dollars.,13.0,0.48148148148148145,9.72733211517334
deepseek/deepseek-v3.2,dictator,30,27,2,I share $10 dollars.,10.0,0.37037037037037035,5.8871259689331055
deepseek/deepseek-v3.2,dictator,30,27,3,I share 10 dollars.,10.0,0.37037037037037035,5.8473780155181885
deepseek/deepseek-v3.2,dictator,30,41,1,I share $20 dollars.,20.0,0.4878048780487805,6.814358949661255
deepseek/deepseek-v3.2,dictator,30,41,2,I share 15 dollars.,15.0,0.36585365853658536,6.401221036911011
deepseek/deepseek-v3.2,dictator,30,41,3,I share $16 dollars.,16.0,0.3902439024390244,9.505386352539062
deepseek/deepseek-v3.2,dictator,30,95,1,I share 35 dollars.,35.0,0.3684210526315789,7.704636096954346
deepseek/deepseek-v3.2,dictator,30,95,2,I share 28 dollars.,28.0,0.29473684210526313,6.036054849624634
deepseek/deepseek-v3.2,dictator,30,95,3,I share 30 dollars.,30.0,0.3157894736842105,6.841010093688965
deepseek/deepseek-v3.2,dictator,30,144,1,I share 72 dollars.,72.0,0.5,5.7202231884002686
deepseek/deepseek-v3.2,dictator,30,144,2,I share 60 dollars,60.0,0.4166666666666667,7.044255971908569
deepseek/deepseek-v3.2,dictator,30,144,3,I share 50 dollars.,50.0,0.3472222222222222,4.836047649383545
deepseek/deepseek-v3.2,dictator,30,217,1,I share 50 dollars.,50.0,0.2304147465437788,7.37912130355835
deepseek/deepseek-v3.2,dictator,30,217,2,I share 65 dollars.,65.0,0.2995391705069124,4.005358934402466
deepseek/deepseek-v3.2,dictator,30,217,3,I share 87 dollars.,87.0,0.4009216589861751,4.238577127456665
deepseek/deepseek-v3.2,dictator,30,328,1,I share 80 dollars.,80.0,0.24390243902439024,8.151008129119873
deepseek/deepseek-v3.2,dictator,30,328,2,I share 110 dollars.,110.0,0.3353658536585366,5.92860746383667
deepseek/deepseek-v3.2,dictator,30,328,3,I share 80 dollars.,80.0,0.24390243902439024,5.877954721450806
deepseek/deepseek-v3.2,dictator,30,496,1,I share 150 dollars.,150.0,0.3024193548387097,4.432899236679077
deepseek/deepseek-v3.2,dictator,30,496,2,I share 248 dollars.,248.0,0.5,6.111170291900635
deepseek/deepseek-v3.2,dictator,30,496,3,I share 100 dollars.,100.0,0.20161290322580644,6.529201030731201
deepseek/deepseek-v3.2,dictator,30,63,1,I share 21 dollars.,21.0,0.3333333333333333,6.8521599769592285
deepseek/deepseek-v3.2,dictator,30,63,2,I share $20 dollars.,20.0,0.31746031746031744,7.8061487674713135
deepseek/deepseek-v3.2,dictator,30,63,3,I share 20 dollars.,20.0,0.31746031746031744,2.9710986614227295
deepseek/deepseek-v3.2,dictator,30,751,1,I share 250 dollars.,250.0,0.33288948069241014,9.291902303695679
deepseek/deepseek-v3.2,dictator,30,751,2,I share 200 dollars,200.0,0.2663115845539281,7.965519905090332
deepseek/deepseek-v3.2,dictator,30,751,3,I share 225 dollars.,225.0,0.2996005326231691,7.90312933921814
deepseek/deepseek-v3.2,dictator,30,1135,1,I share 400 dollars,400.0,0.3524229074889868,5.342321157455444
deepseek/deepseek-v3.2,dictator,30,1135,2,I share 400 dollars,400.0,0.3524229074889868,10.327016592025757
deepseek/deepseek-v3.2,dictator,30,1135,3,I share 378 dollars.,378.0,0.33303964757709253,7.693443775177002
deepseek/deepseek-v3.2,dictator,30,1717,1,I share 343 dollars.,343.0,0.1997670355270821,6.472343921661377
deepseek/deepseek-v3.2,dictator,30,1717,2,I share 858 dollars.,858.0,0.49970879440885263,4.392206907272339
deepseek/deepseek-v3.2,dictator,30,1717,3,I share 343 dollars.,343.0,0.1997670355270821,6.70687198638916
deepseek/deepseek-v3.2,dictator,30,2596,1,I share 1298 dollars.,1298.0,0.5,4.665365219116211
deepseek/deepseek-v3.2,dictator,30,2596,2,"I share $1,298 dollars.",1298.0,0.5,5.49090313911438
deepseek/deepseek-v3.2,dictator,30,2596,3,I share $519 dollars.,519.0,0.19992295839753466,6.7366063594818115
deepseek/deepseek-v3.2,dictator,30,13578,1,I share 4000 dollars.,4000.0,0.29459419649432905,10.57768440246582
deepseek/deepseek-v3.2,dictator,30,13578,2,I share 6789 dollars.,6789.0,0.5,6.509809970855713
deepseek/deepseek-v3.2,dictator,30,13578,3,"I share 4,074 dollars.",4074.0,0.30004418912947417,8.647445678710938
deepseek/deepseek-v3.2,dictator,30,5938,1,I share 2500 dollars,2500.0,0.42101717750084205,10.352207899093628
deepseek/deepseek-v3.2,dictator,30,5938,2,I share 1200 dollars.,1200.0,0.20208824520040417,10.921005487442017
deepseek/deepseek-v3.2,dictator,30,5938,3,"I share 2,969 dollars.",2969.0,0.5,9.443236112594604
deepseek/deepseek-v3.2,dictator,30,20531,1,"I share 8,000 dollars.",8000.0,0.3896546685499976,10.426526308059692
deepseek/deepseek-v3.2,dictator,30,20531,2,I share 10031 dollars.,10031.0,0.4885782475281282,6.337062358856201
deepseek/deepseek-v3.2,dictator,30,20531,3,"I share 10,265 dollars.",10265.0,0.49997564658321564,9.676876306533813
deepseek/deepseek-v3.2,dictator,30,3926,1,"I share 1,200 dollars",1200.0,0.3056546102903719,6.450201511383057
deepseek/deepseek-v3.2,dictator,30,3926,2,I share 1200 dollars.,1200.0,0.3056546102903719,5.358565807342529
deepseek/deepseek-v3.2,dictator,30,3926,3,I share 1177 dollars.,1177.0,0.2997962302598064,11.245873212814331
deepseek/deepseek-v3.2,dictator,30,8979,1,I share 2693 dollars.,2693.0,0.29992204031629355,9.952657699584961
deepseek/deepseek-v3.2,dictator,30,8979,2,I share 2000 dollars,2000.0,0.22274195344693173,5.742343902587891
deepseek/deepseek-v3.2,dictator,30,8979,3,I share 2500 dollars.,2500.0,0.2784274418086647,11.114779710769653
deepseek/deepseek-v3.2,dictator,30,107392,1,"I share 40,000 dollars.",40000.0,0.37246722288438616,4.467028379440308
deepseek/deepseek-v3.2,dictator,30,107392,2,"I share $40,000 dollars.",40000.0,0.37246722288438616,5.3699867725372314
deepseek/deepseek-v3.2,dictator,30,107392,3,"I share 20,000 dollars.",20000.0,0.18623361144219308,7.137032508850098
deepseek/deepseek-v3.2,dictator,30,31054,1,"I share $15,527 dollars.",15527.0,0.5,5.815704345703125
deepseek/deepseek-v3.2,dictator,30,31054,2,"I share $9,316 dollars.",9316.0,0.2999935596058479,5.046355724334717
deepseek/deepseek-v3.2,dictator,30,31054,3,"I share 15,527 dollars.",15527.0,0.5,7.490075349807739
deepseek/deepseek-v3.2,dictator,30,71000,1,"I share $18,000 dollars.",18000.0,0.2535211267605634,4.885087013244629
deepseek/deepseek-v3.2,dictator,30,71000,2,"I share 18,000 dollars.",18000.0,0.2535211267605634,5.448740482330322
deepseek/deepseek-v3.2,dictator,30,71000,3,"I share $24,000 dollars.",24000.0,0.3380281690140845,8.223429679870605
deepseek/deepseek-v3.2,dictator,30,162379,1,"I share $54,126 dollars.",54126.0,0.3333312805227277,4.987356901168823
deepseek/deepseek-v3.2,dictator,30,162379,2,"I share $54,000 dollars",54000.0,0.3325553181137955,8.606936931610107
deepseek/deepseek-v3.2,dictator,30,162379,3,"I share $60,000 dollars.",60000.0,0.3695059090153283,4.753712177276611
deepseek/deepseek-v3.2,dictator,30,46962,1,"I share 5,000 dollars.",5000.0,0.10646906009113752,5.894169807434082
deepseek/deepseek-v3.2,dictator,30,46962,2,"I share 10,000 dollars.",10000.0,0.21293812018227504,15.119118452072144
deepseek/deepseek-v3.2,dictator,30,46962,3,"I share 14,088 dollars.",14088.0,0.2999872237127891,2.6131432056427
deepseek/deepseek-v3.2,dictator,32,3,1,I share 1 dollars,1.0,0.3333333333333333,7.207753419876099
deepseek/deepseek-v3.2,dictator,32,3,2,I share 1 dollar.,1.0,0.3333333333333333,9.791029930114746
deepseek/deepseek-v3.2,dictator,32,3,3,I share 1 dollar.,1.0,0.3333333333333333,6.890493869781494
deepseek/deepseek-v3.2,dictator,32,5,1,I share 2 dollars.,2.0,0.4,7.482832670211792
deepseek/deepseek-v3.2,dictator,32,5,2,I share $2 dollars.,2.0,0.4,9.385955095291138
deepseek/deepseek-v3.2,dictator,32,5,3,I share $2.50 dollars.,2.5,0.5,7.085072040557861
deepseek/deepseek-v3.2,dictator,30,250000,1,"I share 85,000 dollars.",85000.0,0.34,6.520049333572388
deepseek/deepseek-v3.2,dictator,30,250000,2,"I share 75,000 dollars.",75000.0,0.3,5.320309162139893
deepseek/deepseek-v3.2,dictator,30,250000,3,"I share 80,000 dollars.",80000.0,0.32,8.887481927871704
deepseek/deepseek-v3.2,dictator,32,1,1,I share 0.50 dollars.,0.5,0.5,5.800716876983643
deepseek/deepseek-v3.2,dictator,32,1,2,I share 0.40 dollars.,0.4,0.4,18.102460384368896
deepseek/deepseek-v3.2,dictator,32,1,3,I share 0 dollars,0.0,0.0,9.464822769165039
deepseek/deepseek-v3.2,dictator,32,2,1,I share 1 dollar.,1.0,0.5,15.00004243850708
deepseek/deepseek-v3.2,dictator,32,2,2,I share 1 dollar.,1.0,0.5,6.502985715866089
deepseek/deepseek-v3.2,dictator,32,2,3,I share 0.50 dollars.,0.5,0.25,7.020327091217041
deepseek/deepseek-v3.2,dictator,32,8,1,I share 3 dollars.,3.0,0.375,6.067527532577515
deepseek/deepseek-v3.2,dictator,32,8,2,I share 3 dollars.,3.0,0.375,8.352766275405884
deepseek/deepseek-v3.2,dictator,32,8,3,I share 4 dollars.,4.0,0.5,6.807664394378662
deepseek/deepseek-v3.2,dictator,32,12,1,I share 6 dollars.,6.0,0.5,6.307737588882446
deepseek/deepseek-v3.2,dictator,32,12,2,I share 4 dollars.,4.0,0.3333333333333333,6.068661212921143
deepseek/deepseek-v3.2,dictator,32,12,3,I share 3 dollars.,3.0,0.25,4.018730878829956
deepseek/deepseek-v3.2,dictator,32,10,1,I share 5 dollars.,5.0,0.5,6.3854169845581055
deepseek/deepseek-v3.2,dictator,32,10,2,I share 3 dollars.,3.0,0.3,9.450031757354736
deepseek/deepseek-v3.2,dictator,32,10,3,I share 5 dollars.,5.0,0.5,7.952665567398071
deepseek/deepseek-v3.2,dictator,32,18,1,I share 8 dollars.,8.0,0.4444444444444444,6.499183416366577
deepseek/deepseek-v3.2,dictator,32,18,2,I share 6 dollars.,6.0,0.3333333333333333,9.408418655395508
deepseek/deepseek-v3.2,dictator,32,18,3,I share 9 dollars.,9.0,0.5,2.8905985355377197
deepseek/deepseek-v3.2,dictator,32,27,1,I share 13 dollars.,13.0,0.48148148148148145,12.979288339614868
deepseek/deepseek-v3.2,dictator,32,27,2,I share 10 dollars.,10.0,0.37037037037037035,2.5261621475219727
deepseek/deepseek-v3.2,dictator,32,27,3,I share 10 dollars,10.0,0.37037037037037035,5.839445352554321
deepseek/deepseek-v3.2,dictator,32,95,1,I share 40 dollars.,40.0,0.42105263157894735,5.616009950637817
deepseek/deepseek-v3.2,dictator,32,95,2,I share 32 dollars.,32.0,0.3368421052631579,4.102310657501221
deepseek/deepseek-v3.2,dictator,32,95,3,I share 30 dollars.,30.0,0.3157894736842105,6.206558704376221
deepseek/deepseek-v3.2,dictator,32,41,1,I share 16 dollars.,16.0,0.3902439024390244,8.675736427307129
deepseek/deepseek-v3.2,dictator,32,41,2,I share 16 dollars.,16.0,0.3902439024390244,3.7171995639801025
deepseek/deepseek-v3.2,dictator,32,41,3,I share $20 dollars.,20.0,0.4878048780487805,6.280228853225708
deepseek/deepseek-v3.2,dictator,32,63,1,I share 22 dollars.,22.0,0.3492063492063492,7.100438594818115
deepseek/deepseek-v3.2,dictator,32,63,2,I share 28 dollars.,28.0,0.4444444444444444,3.375715732574463
deepseek/deepseek-v3.2,dictator,32,63,3,I share 25 dollars.,25.0,0.3968253968253968,6.441138744354248
deepseek/deepseek-v3.2,dictator,28,1135,1,I share 340 dollars.,340.0,0.29955947136563876,10.330042362213135
deepseek/deepseek-v3.2,dictator,28,1135,2,I share 400 dollars,400.0,0.3524229074889868,5.968116521835327
deepseek/deepseek-v3.2,dictator,28,1135,3,I share 260 dollars.,260.0,0.2290748898678414,6.863121032714844
deepseek/deepseek-v3.2,dictator,32,217,1,I share 60 dollars.,60.0,0.2764976958525346,6.62113356590271
deepseek/deepseek-v3.2,dictator,32,217,2,I share 109 dollars.,109.0,0.5023041474654378,12.03687572479248
deepseek/deepseek-v3.2,dictator,32,217,3,I share 108 dollars.,108.0,0.4976958525345622,5.48427414894104
deepseek/deepseek-v3.2,dictator,32,328,1,I share 96 dollars.,96.0,0.2926829268292683,8.890034914016724
deepseek/deepseek-v3.2,dictator,32,328,2,I share 120 dollars.,120.0,0.36585365853658536,9.646554231643677
deepseek/deepseek-v3.2,dictator,32,328,3,I share 100 dollars.,100.0,0.3048780487804878,5.969854354858398
deepseek/deepseek-v3.2,dictator,32,496,1,I share 200 dollars.,200.0,0.4032258064516129,14.111497163772583
deepseek/deepseek-v3.2,dictator,32,496,2,I share 124 dollars.,124.0,0.25,4.587763786315918
deepseek/deepseek-v3.2,dictator,32,496,3,I share $248 dollars.,248.0,0.5,6.544017553329468
deepseek/deepseek-v3.2,dictator,32,751,1,I share 200 dollars.,200.0,0.2663115845539281,6.674233675003052
deepseek/deepseek-v3.2,dictator,32,751,2,I share 225 dollars,225.0,0.2996005326231691,13.262511014938354
deepseek/deepseek-v3.2,dictator,32,751,3,I share 200 dollars.,200.0,0.2663115845539281,5.01351523399353
deepseek/deepseek-v3.2,dictator,32,1135,1,I share 400 dollars.,400.0,0.3524229074889868,12.285077571868896
deepseek/deepseek-v3.2,dictator,32,1135,2,I share 400 dollars.,400.0,0.3524229074889868,5.544487953186035
deepseek/deepseek-v3.2,dictator,32,1135,3,I share 500 dollars.,500.0,0.44052863436123346,5.78354549407959
deepseek/deepseek-v3.2,dictator,32,144,1,I share 72 dollars,72.0,0.5,6.091961860656738
deepseek/deepseek-v3.2,dictator,32,144,2,I share 72 dollars.,72.0,0.5,13.051509857177734
deepseek/deepseek-v3.2,dictator,32,144,3,I share 48 dollars.,48.0,0.3333333333333333,17.913480520248413
deepseek/deepseek-v3.2,dictator,32,3926,1,I share 1400 dollars.,1400.0,0.3565970453387672,3.9899392127990723
deepseek/deepseek-v3.2,dictator,32,3926,2,I share 1570 dollars.,1570.0,0.3998981151299032,9.381967306137085
deepseek/deepseek-v3.2,dictator,32,3926,3,I share 1200 dollars.,1200.0,0.3056546102903719,3.1347172260284424
deepseek/deepseek-v3.2,dictator,32,2596,1,I share 500 dollars.,500.0,0.1926040061633282,4.703804969787598
deepseek/deepseek-v3.2,dictator,32,2596,2,I share 780 dollars.,780.0,0.300462249614792,9.47813868522644
deepseek/deepseek-v3.2,dictator,32,2596,3,I share 500 dollars.,500.0,0.1926040061633282,8.872117280960083
deepseek/deepseek-v3.2,dictator,32,5938,1,I share 1500 dollars.,1500.0,0.2526103065005052,4.489757299423218
deepseek/deepseek-v3.2,dictator,32,5938,2,I share 2970 dollars.,2970.0,0.5001684068710003,8.104922771453857
deepseek/deepseek-v3.2,dictator,32,5938,3,"I share 1,800 dollars",1800.0,0.30313236780060626,4.5848939418792725
deepseek/deepseek-v3.2,dictator,32,1717,1,I share 300 dollars.,300.0,0.17472335468841002,6.941081762313843
deepseek/deepseek-v3.2,dictator,32,1717,2,I share 858 dollars.,858.0,0.49970879440885263,9.802721738815308
deepseek/deepseek-v3.2,dictator,32,1717,3,I share 500 dollars,500.0,0.29120559114735,13.815284013748169
deepseek/deepseek-v3.2,dictator,32,13578,1,I share 2715 dollars.,2715.0,0.19995581087052586,8.28943133354187
deepseek/deepseek-v3.2,dictator,32,13578,2,I share 4000 dollars,4000.0,0.29459419649432905,14.011203527450562
deepseek/deepseek-v3.2,dictator,32,13578,3,I share 4532 dollars.,4532.0,0.33377522462807485,4.969347953796387
deepseek/deepseek-v3.2,dictator,32,8979,1,I share 3000 dollars.,3000.0,0.3341129301703976,9.219122648239136
deepseek/deepseek-v3.2,dictator,32,8979,2,I share 2997 dollars.,2997.0,0.3337788172402272,12.322760820388794
deepseek/deepseek-v3.2,dictator,32,8979,3,I share 1796 dollars.,1796.0,0.20002227419534468,6.572261333465576
deepseek/deepseek-v3.2,dictator,32,20531,1,I share 8200 dollars.,8200.0,0.3993960352637475,9.516197681427002
deepseek/deepseek-v3.2,dictator,32,20531,2,I share 6743 dollars,6743.0,0.3284301787540792,7.724843263626099
deepseek/deepseek-v3.2,dictator,32,20531,3,I share 10265 dollars.,10265.0,0.49997564658321564,4.169360399246216
deepseek/deepseek-v3.2,dictator,32,71000,1,"I share 25,000 dollars.",25000.0,0.352112676056338,9.840781450271606
deepseek/deepseek-v3.2,dictator,32,71000,2,"I share $17,750 dollars.",17750.0,0.25,3.3689489364624023
deepseek/deepseek-v3.2,dictator,32,71000,3,"I share 20,000 dollars.",20000.0,0.28169014084507044,6.544065237045288
deepseek/deepseek-v3.2,dictator,32,46962,1,"I share 9,392 dollars.",9392.0,0.19999148247519272,6.623184680938721
deepseek/deepseek-v3.2,dictator,32,46962,2,"I share 15,000 dollars.",15000.0,0.3194071802734125,9.147608518600464
deepseek/deepseek-v3.2,dictator,32,46962,3,I share 15000 dollars.,15000.0,0.3194071802734125,9.484707117080688
deepseek/deepseek-v3.2,dictator,32,107392,1,"I share $40,000 dollars.",40000.0,0.37246722288438616,6.309558153152466
deepseek/deepseek-v3.2,dictator,32,107392,2,"I share $48,000 dollars.",48000.0,0.4469606674612634,5.277228832244873
deepseek/deepseek-v3.2,dictator,32,107392,3,"I share 40,000 dollars.",40000.0,0.37246722288438616,9.516357183456421
deepseek/deepseek-v3.2,dictator,32,31054,1,"I share 10,000 dollars.",10000.0,0.3220197076061055,4.776735067367554
deepseek/deepseek-v3.2,dictator,32,31054,2,"I share $15,527 dollars.",15527.0,0.5,21.949768781661987
deepseek/deepseek-v3.2,dictator,32,31054,3,"I share 12,000 dollars.",12000.0,0.3864236491273266,5.777819633483887
deepseek/deepseek-v3.2,dictator,32,250000,1,"I share 50,000 dollars.",50000.0,0.2,5.8965277671813965
deepseek/deepseek-v3.2,dictator,32,250000,2,"I share $62,500 dollars.",62500.0,0.25,4.945200681686401
deepseek/deepseek-v3.2,dictator,32,250000,3,"I share $62,500 dollars.",62500.0,0.25,8.714183568954468
deepseek/deepseek-v3.2,dictator,34,1,1,I share 0.50 dollars.,0.5,0.5,4.924705266952515
deepseek/deepseek-v3.2,dictator,34,1,2,I share 0.50 dollars.,0.5,0.5,8.142861604690552
deepseek/deepseek-v3.2,dictator,34,1,3,I share 0.50 dollars,0.5,0.5,4.5205888748168945
deepseek/deepseek-v3.2,dictator,34,8,1,I share 3 dollars.,3.0,0.375,3.586951494216919
deepseek/deepseek-v3.2,dictator,34,8,2,I share 3 dollars.,3.0,0.375,5.03914475440979
deepseek/deepseek-v3.2,dictator,34,8,3,I share 4 dollars.,4.0,0.5,6.747452974319458
deepseek/deepseek-v3.2,dictator,34,2,1,I share 0 dollars.,0.0,0.0,2.889711856842041
deepseek/deepseek-v3.2,dictator,34,2,2,I share 1 dollars,1.0,0.5,11.278560876846313
deepseek/deepseek-v3.2,dictator,34,2,3,I share 1 dollars.,1.0,0.5,6.641790151596069
deepseek/deepseek-v3.2,dictator,34,5,1,I share 1 dollar.,1.0,0.2,7.007798671722412
deepseek/deepseek-v3.2,dictator,34,5,2,I share 2 dollars.,2.0,0.4,4.8707146644592285
deepseek/deepseek-v3.2,dictator,34,5,3,I share 2 dollars.,2.0,0.4,6.258534669876099
deepseek/deepseek-v3.2,dictator,34,3,1,I share 1 dollar.,1.0,0.3333333333333333,7.85729193687439
deepseek/deepseek-v3.2,dictator,34,3,2,I share 1 dollar.,1.0,0.3333333333333333,10.01459789276123
deepseek/deepseek-v3.2,dictator,34,3,3,I share 1.50 dollars.,1.5,0.5,7.650110483169556
deepseek/deepseek-v3.2,dictator,34,10,1,I share 4 dollars.,4.0,0.4,4.904277563095093
deepseek/deepseek-v3.2,dictator,34,10,2,I share 4 dollars.,4.0,0.4,19.399233102798462
deepseek/deepseek-v3.2,dictator,34,10,3,I share 5 dollars.,5.0,0.5,4.878808975219727
deepseek/deepseek-v3.2,dictator,34,12,1,I share 4 dollars.,4.0,0.3333333333333333,12.988751888275146
deepseek/deepseek-v3.2,dictator,34,12,2,I share $6 dollars.,6.0,0.5,5.2771384716033936
deepseek/deepseek-v3.2,dictator,34,12,3,I share 4 dollars.,4.0,0.3333333333333333,4.7561750411987305
deepseek/deepseek-v3.2,dictator,34,18,1,I share 6 dollars.,6.0,0.3333333333333333,11.669573545455933
deepseek/deepseek-v3.2,dictator,34,18,2,I share 6 dollars.,6.0,0.3333333333333333,6.5416717529296875
deepseek/deepseek-v3.2,dictator,34,18,3,I share 6 dollars.,6.0,0.3333333333333333,7.214607238769531
deepseek/deepseek-v3.2,dictator,34,27,1,I share 13 dollars.,13.0,0.48148148148148145,11.659597158432007
deepseek/deepseek-v3.2,dictator,34,27,2,I share 13 dollars.,13.0,0.48148148148148145,10.36091923713684
deepseek/deepseek-v3.2,dictator,34,27,3,I share 9 dollars.,9.0,0.3333333333333333,7.569535255432129
deepseek/deepseek-v3.2,dictator,32,162379,1,I share 56000 dollars.,56000.0,0.3448721817476398,12.744598865509033
deepseek/deepseek-v3.2,dictator,32,162379,2,"I share $70,000 dollars.",70000.0,0.4310902271845497,1.6552324295043945
deepseek/deepseek-v3.2,dictator,32,162379,3,"I share $54,126 dollars.",54126.0,0.3333312805227277,8.406164646148682
deepseek/deepseek-v3.2,dictator,34,144,1,I share 48 dollars.,48.0,0.3333333333333333,5.38016939163208
deepseek/deepseek-v3.2,dictator,34,144,2,I share 72 dollars.,72.0,0.5,2.0192108154296875
deepseek/deepseek-v3.2,dictator,34,144,3,I share 72 dollars.,72.0,0.5,8.057005405426025
deepseek/deepseek-v3.2,dictator,34,95,1,I share 38 dollars.,38.0,0.4,5.486118316650391
deepseek/deepseek-v3.2,dictator,34,95,2,I share 40 dollars.,40.0,0.42105263157894735,5.193390369415283
deepseek/deepseek-v3.2,dictator,34,95,3,I share 25 dollars.,25.0,0.2631578947368421,7.687939405441284
deepseek/deepseek-v3.2,dictator,34,63,1,I share 15 dollars.,15.0,0.23809523809523808,5.261557340621948
deepseek/deepseek-v3.2,dictator,34,63,2,I share 20 dollars.,20.0,0.31746031746031744,5.976231575012207
deepseek/deepseek-v3.2,dictator,34,63,3,I share 20 dollars.,20.0,0.31746031746031744,7.559402227401733
deepseek/deepseek-v3.2,dictator,34,217,1,I share 75 dollars.,75.0,0.3456221198156682,4.792791366577148
deepseek/deepseek-v3.2,dictator,34,217,2,I share 100 dollars.,100.0,0.4608294930875576,6.982918977737427
deepseek/deepseek-v3.2,dictator,34,217,3,I share 80 dollars.,80.0,0.3686635944700461,12.057339906692505
deepseek/deepseek-v3.2,dictator,34,328,1,I share 109 dollars.,109.0,0.3323170731707317,6.648015737533569
deepseek/deepseek-v3.2,dictator,34,328,2,I share 98 dollars.,98.0,0.29878048780487804,10.013725280761719
deepseek/deepseek-v3.2,dictator,34,328,3,I share 98 dollars.,98.0,0.29878048780487804,7.65320611000061
deepseek/deepseek-v3.2,dictator,34,496,1,I share 248 dollars,248.0,0.5,10.62241268157959
deepseek/deepseek-v3.2,dictator,34,496,2,I share 160 dollars.,160.0,0.3225806451612903,7.929550647735596
deepseek/deepseek-v3.2,dictator,34,496,3,I share 124 dollars.,124.0,0.25,4.585310697555542
deepseek/deepseek-v3.2,dictator,34,751,1,I share 200 dollars,200.0,0.2663115845539281,12.109501600265503
deepseek/deepseek-v3.2,dictator,34,751,2,I share 200 dollars,200.0,0.2663115845539281,4.642776727676392
deepseek/deepseek-v3.2,dictator,34,751,3,I share 375 dollars.,375.0,0.4993342210386152,6.447901964187622
deepseek/deepseek-v3.2,dictator,34,41,1,I share 20 dollars.,20.0,0.4878048780487805,11.802904844284058
deepseek/deepseek-v3.2,dictator,34,41,2,I share 20 dollars.,20.0,0.4878048780487805,12.341689348220825
deepseek/deepseek-v3.2,dictator,34,41,3,I share 12 dollars.,12.0,0.2926829268292683,10.94468879699707
deepseek/deepseek-v3.2,dictator,34,1135,1,I share 284 dollars.,284.0,0.25022026431718064,10.236901760101318
deepseek/deepseek-v3.2,dictator,34,1135,2,I share 567 dollars.,567.0,0.4995594713656388,5.922966241836548
deepseek/deepseek-v3.2,dictator,34,1135,3,I share 340 dollars.,340.0,0.29955947136563876,12.474407434463501
deepseek/deepseek-v3.2,dictator,34,1717,1,I share 450 dollars.,450.0,0.262085032032615,5.162481784820557
deepseek/deepseek-v3.2,dictator,34,1717,2,I share 343 dollars.,343.0,0.1997670355270821,5.852927207946777
deepseek/deepseek-v3.2,dictator,34,1717,3,I share 686 dollars,686.0,0.3995340710541642,5.541888475418091
deepseek/deepseek-v3.2,dictator,34,2596,1,I share 1000 dollars.,1000.0,0.3852080123266564,4.592417478561401
deepseek/deepseek-v3.2,dictator,34,2596,2,I share 1298 dollars.,1298.0,0.5,12.674243211746216
deepseek/deepseek-v3.2,dictator,34,2596,3,I share 900 dollars.,900.0,0.34668721109399075,3.984018087387085
deepseek/deepseek-v3.2,dictator,34,8979,1,I share 3000 dollars.,3000.0,0.3341129301703976,7.728952169418335
deepseek/deepseek-v3.2,dictator,34,8979,2,I share 1796 dollars.,1796.0,0.20002227419534468,8.50046682357788
deepseek/deepseek-v3.2,dictator,34,8979,3,I share 3500 dollars.,3500.0,0.38979841853213054,3.833373785018921
deepseek/deepseek-v3.2,dictator,34,5938,1,I share 2970 dollars,2970.0,0.5001684068710003,10.166082859039307
deepseek/deepseek-v3.2,dictator,34,5938,2,I share 2969 dollars.,2969.0,0.5,6.643088340759277
deepseek/deepseek-v3.2,dictator,34,5938,3,I share 2000 dollars.,2000.0,0.33681374200067365,7.542317867279053
deepseek/deepseek-v3.2,dictator,34,13578,1,I share 6789 dollars.,6789.0,0.5,5.287484884262085
deepseek/deepseek-v3.2,dictator,34,13578,2,I share 4500 dollars.,4500.0,0.3314184710561202,6.514333486557007
deepseek/deepseek-v3.2,dictator,34,13578,3,"I share 3,000 dollars.",3000.0,0.2209456473707468,5.096048593521118
deepseek/deepseek-v3.2,dictator,34,20531,1,I share 6747 dollars.,6747.0,0.3286250060883542,8.496795892715454
deepseek/deepseek-v3.2,dictator,34,20531,2,"I share $10,266 dollars.",10266.0,0.5000243534167844,3.473200798034668
deepseek/deepseek-v3.2,dictator,34,20531,3,I share 8000 dollars.,8000.0,0.3896546685499976,5.3871588706970215
deepseek/deepseek-v3.2,dictator,34,3926,1,I share 785 dollars.,785.0,0.1999490575649516,11.694478750228882
deepseek/deepseek-v3.2,dictator,34,3926,2,"I share $1,400 dollars.",1400.0,0.3565970453387672,6.417656183242798
deepseek/deepseek-v3.2,dictator,34,3926,3,I share 784 dollars.,784.0,0.19969434538970962,16.491747617721558
deepseek/deepseek-v3.2,dictator,34,31054,1,"I share 5,000 dollars.",5000.0,0.16100985380305274,7.271240234375
deepseek/deepseek-v3.2,dictator,34,31054,2,"I share 10,000 dollars.",10000.0,0.3220197076061055,3.7723376750946045
deepseek/deepseek-v3.2,dictator,34,31054,3,"I share 15,527 dollars.",15527.0,0.5,7.028333902359009
deepseek/deepseek-v3.2,dictator,34,71000,1,I share 35500 dollars.,35500.0,0.5,4.353537559509277
deepseek/deepseek-v3.2,dictator,34,71000,2,"I share $35,500 dollars.",35500.0,0.5,4.397560358047485
deepseek/deepseek-v3.2,dictator,34,71000,3,I share 20000 dollars.,20000.0,0.28169014084507044,13.698548555374146
deepseek/deepseek-v3.2,dictator,34,107392,1,I share 25000 dollars.,25000.0,0.23279201430274135,5.7718000411987305
deepseek/deepseek-v3.2,dictator,34,107392,2,"I share $35,000 dollars",35000.0,0.3259088200238379,14.13516354560852
deepseek/deepseek-v3.2,dictator,34,107392,3,"I share 40,000 dollars.",40000.0,0.37246722288438616,1.9491751194000244
deepseek/deepseek-v3.2,dictator,34,250000,1,I share 85000 dollars.,85000.0,0.34,10.837568283081055
deepseek/deepseek-v3.2,dictator,34,250000,2,"I share 100,000 dollars.",100000.0,0.4,5.382633447647095
deepseek/deepseek-v3.2,dictator,34,250000,3,"I share 80,000 dollars.",80000.0,0.32,7.623957633972168
deepseek/deepseek-v3.2,dictator,36,2,1,I share 0.80 dollars.,0.8,0.4,3.3512651920318604
deepseek/deepseek-v3.2,dictator,36,2,2,I share 0.80 dollars.,0.8,0.4,8.691903352737427
deepseek/deepseek-v3.2,dictator,36,2,3,I share 1 dollars,1.0,0.5,11.302660703659058
deepseek/deepseek-v3.2,dictator,36,1,1,I share 0.30 dollars.,0.3,0.3,5.35472297668457
deepseek/deepseek-v3.2,dictator,36,1,2,I share 0.40 dollars.,0.4,0.4,8.787845611572266
deepseek/deepseek-v3.2,dictator,36,1,3,I share 0.30 dollars.,0.3,0.3,12.449094533920288
deepseek/deepseek-v3.2,dictator,34,162379,1,I share 48676 dollars,48676.0,0.29976782712050204,11.35552191734314
deepseek/deepseek-v3.2,dictator,34,162379,2,"I share $54,000 dollars.",54000.0,0.3325553181137955,14.981389045715332
deepseek/deepseek-v3.2,dictator,34,162379,3,"I share $48,713 dollars.",48713.0,0.29999568909772817,15.805237293243408
deepseek/deepseek-v3.2,dictator,36,3,1,I share 1 dollars.,1.0,0.3333333333333333,9.645196676254272
deepseek/deepseek-v3.2,dictator,36,3,2,I share 1.50 dollars,1.5,0.5,10.737847805023193
deepseek/deepseek-v3.2,dictator,36,3,3,I share 1 dollars.,1.0,0.3333333333333333,7.688616991043091
deepseek/deepseek-v3.2,dictator,34,46962,1,"I share $14,000 dollars",14000.0,0.29811336825518503,7.494423151016235
deepseek/deepseek-v3.2,dictator,34,46962,2,I share 23500 dollars.,23500.0,0.5004045824283463,23.205501794815063
deepseek/deepseek-v3.2,dictator,34,46962,3,I share 15000 dollars.,15000.0,0.3194071802734125,6.8651652336120605
deepseek/deepseek-v3.2,dictator,36,5,1,I share 2 dollars.,2.0,0.4,12.724428653717041
deepseek/deepseek-v3.2,dictator,36,5,2,I share 2 dollars.,2.0,0.4,7.241360187530518
deepseek/deepseek-v3.2,dictator,36,5,3,I share 2.50 dollars.,2.5,0.5,6.502516746520996
deepseek/deepseek-v3.2,dictator,36,8,1,I share 3 dollars.,3.0,0.375,7.316989421844482
deepseek/deepseek-v3.2,dictator,36,8,2,I share 2 dollars.,2.0,0.25,7.908947229385376
deepseek/deepseek-v3.2,dictator,36,8,3,I share 3 dollars.,3.0,0.375,8.267324686050415
deepseek/deepseek-v3.2,dictator,36,12,1,I share 6 dollars.,6.0,0.5,3.672320604324341
deepseek/deepseek-v3.2,dictator,36,12,2,I share 4 dollars,4.0,0.3333333333333333,3.7026171684265137
deepseek/deepseek-v3.2,dictator,36,12,3,I share 5 dollars.,5.0,0.4166666666666667,11.026351690292358
deepseek/deepseek-v3.2,dictator,36,10,1,I share 5 dollars.,5.0,0.5,6.392911911010742
deepseek/deepseek-v3.2,dictator,36,10,2,I share 4 dollars.,4.0,0.4,5.13855242729187
deepseek/deepseek-v3.2,dictator,36,10,3,I share 4 dollars,4.0,0.4,10.525301456451416
deepseek/deepseek-v3.2,dictator,36,18,1,I share 9 dollars.,9.0,0.5,5.356579303741455
deepseek/deepseek-v3.2,dictator,36,18,2,I share 9 dollars.,9.0,0.5,2.5034544467926025
deepseek/deepseek-v3.2,dictator,36,18,3,I share 9 dollars.,9.0,0.5,11.866337299346924
deepseek/deepseek-v3.2,dictator,36,144,1,I share 72 dollars.,72.0,0.5,6.8678529262542725
deepseek/deepseek-v3.2,dictator,36,144,2,I share 0 dollars.,0.0,0.0,11.785980224609375
deepseek/deepseek-v3.2,dictator,36,144,3,I share 72 dollars,72.0,0.5,9.426687479019165
deepseek/deepseek-v3.2,dictator,36,41,1,I share 15 dollars.,15.0,0.36585365853658536,9.816505670547485
deepseek/deepseek-v3.2,dictator,36,41,2,I share 16 dollars.,16.0,0.3902439024390244,8.228909730911255
deepseek/deepseek-v3.2,dictator,36,41,3,I share 15 dollars.,15.0,0.36585365853658536,8.781872987747192
deepseek/deepseek-v3.2,dictator,36,95,1,I share 35 dollars.,35.0,0.3684210526315789,7.449554443359375
deepseek/deepseek-v3.2,dictator,36,95,2,I share 40 dollars.,40.0,0.42105263157894735,12.402844429016113
deepseek/deepseek-v3.2,dictator,36,95,3,I share 47 dollars.,47.0,0.49473684210526314,9.29516887664795
deepseek/deepseek-v3.2,dictator,36,63,1,I share $32 dollars.,32.0,0.5079365079365079,2.806056022644043
deepseek/deepseek-v3.2,dictator,36,63,2,I share 21 dollars.,21.0,0.3333333333333333,10.49730658531189
deepseek/deepseek-v3.2,dictator,36,63,3,I share 15 dollars.,15.0,0.23809523809523808,13.298991441726685
deepseek/deepseek-v3.2,dictator,36,751,1,I share 300 dollars.,300.0,0.3994673768308921,8.801855564117432
deepseek/deepseek-v3.2,dictator,36,751,2,I share 250 dollars.,250.0,0.33288948069241014,6.059086084365845
deepseek/deepseek-v3.2,dictator,36,751,3,I share 200 dollars.,200.0,0.2663115845539281,3.2884154319763184
deepseek/deepseek-v3.2,dictator,36,328,1,I share 120 dollars.,120.0,0.36585365853658536,7.119255542755127
deepseek/deepseek-v3.2,dictator,36,328,2,I share 164 dollars.,164.0,0.5,5.692119598388672
deepseek/deepseek-v3.2,dictator,36,328,3,I share 164 dollars.,164.0,0.5,6.115500211715698
deepseek/deepseek-v3.2,dictator,36,27,1,I share 11 dollars.,11.0,0.4074074074074074,11.191800117492676
deepseek/deepseek-v3.2,dictator,36,27,2,I share 10 dollars.,10.0,0.37037037037037035,5.480000972747803
deepseek/deepseek-v3.2,dictator,36,27,3,I share 10 dollars.,10.0,0.37037037037037035,7.249833345413208
deepseek/deepseek-v3.2,dictator,36,217,1,I share 60 dollars.,60.0,0.2764976958525346,9.394127607345581
deepseek/deepseek-v3.2,dictator,36,217,2,I share 108 dollars.,108.0,0.4976958525345622,7.041337728500366
deepseek/deepseek-v3.2,dictator,36,217,3,I share $80 dollars.,80.0,0.3686635944700461,13.499314069747925
deepseek/deepseek-v3.2,dictator,36,496,1,I share 248 dollars.,248.0,0.5,6.169196844100952
deepseek/deepseek-v3.2,dictator,36,496,2,I share 150 dollars.,150.0,0.3024193548387097,13.282644987106323
deepseek/deepseek-v3.2,dictator,36,496,3,I share 100 dollars.,100.0,0.20161290322580644,8.925523042678833
deepseek/deepseek-v3.2,dictator,36,2596,1,I share 800 dollars.,800.0,0.3081664098613251,4.984338760375977
deepseek/deepseek-v3.2,dictator,36,2596,2,I share 1298 dollars,1298.0,0.5,8.617953538894653
deepseek/deepseek-v3.2,dictator,36,2596,3,I share 1298 dollars.,1298.0,0.5,5.9485557079315186
deepseek/deepseek-v3.2,dictator,36,3926,1,I share 392 dollars.,392.0,0.09984717269485481,5.336996793746948
deepseek/deepseek-v3.2,dictator,36,3926,2,I share 1963 dollars.,1963.0,0.5,5.2203285694122314
deepseek/deepseek-v3.2,dictator,36,3926,3,I share $1400 dollars.,1400.0,0.3565970453387672,8.325275421142578
deepseek/deepseek-v3.2,dictator,36,1717,1,I share 716 dollars.,716.0,0.41700640652300525,6.142330646514893
deepseek/deepseek-v3.2,dictator,36,1717,2,I share 859 dollars.,859.0,0.5002912055911474,5.888139724731445
deepseek/deepseek-v3.2,dictator,36,1717,3,I share 700 dollars.,700.0,0.40768782760629,9.015862703323364
deepseek/deepseek-v3.2,dictator,36,5938,1,I share 2000 dollars.,2000.0,0.33681374200067365,6.369999170303345
deepseek/deepseek-v3.2,dictator,36,5938,2,I share 1484 dollars.,1484.0,0.24991579656449983,6.965351581573486
deepseek/deepseek-v3.2,dictator,36,5938,3,I share 500 dollars.,500.0,0.08420343550016841,5.0195770263671875
deepseek/deepseek-v3.2,dictator,36,8979,1,I share 2000 dollars,2000.0,0.22274195344693173,2.2976858615875244
deepseek/deepseek-v3.2,dictator,36,8979,2,I share 3000 dollars.,3000.0,0.3341129301703976,8.257926225662231
deepseek/deepseek-v3.2,dictator,36,8979,3,I share 2000 dollars.,2000.0,0.22274195344693173,5.0454277992248535
deepseek/deepseek-v3.2,dictator,36,31054,1,"I share $15,000 dollars.",15000.0,0.48302956140915826,6.339381217956543
deepseek/deepseek-v3.2,dictator,36,31054,2,"I share 15,527 dollars.",15527.0,0.5,4.724633455276489
deepseek/deepseek-v3.2,dictator,36,31054,3,I share 6000 dollars.,6000.0,0.1932118245636633,5.724409580230713
deepseek/deepseek-v3.2,dictator,36,1135,1,I share 340 dollars.,340.0,0.29955947136563876,9.754533290863037
deepseek/deepseek-v3.2,dictator,36,1135,2,I share 250 dollars,250.0,0.22026431718061673,6.8490025997161865
deepseek/deepseek-v3.2,dictator,36,1135,3,I share 200 dollars.,200.0,0.1762114537444934,10.756521224975586
deepseek/deepseek-v3.2,dictator,36,71000,1,I share 24860 dollars.,24860.0,0.35014084507042254,5.160391807556152
deepseek/deepseek-v3.2,dictator,36,71000,2,I share 20000 dollars.,20000.0,0.28169014084507044,6.919918537139893
deepseek/deepseek-v3.2,dictator,36,71000,3,I share 24800 dollars.,24800.0,0.3492957746478873,4.649686336517334
deepseek/deepseek-v3.2,dictator,36,13578,1,I share 6789 dollars.,6789.0,0.5,6.402449369430542
deepseek/deepseek-v3.2,dictator,36,13578,2,"I share 4,500 dollars.",4500.0,0.3314184710561202,6.967038869857788
deepseek/deepseek-v3.2,dictator,36,13578,3,"I share 6,789 dollars.",6789.0,0.5,4.290571212768555
deepseek/deepseek-v3.2,dictator,36,20531,1,"I share 10,265 dollars.",10265.0,0.49997564658321564,4.95712685585022
deepseek/deepseek-v3.2,dictator,36,20531,2,I share 8200 dollars.,8200.0,0.3993960352637475,3.153742790222168
deepseek/deepseek-v3.2,dictator,36,20531,3,"I share 7,500 dollars.",7500.0,0.3653012517656227,7.876387357711792
deepseek/deepseek-v3.2,dictator,36,107392,1,"I share 53,696 dollars.",53696.0,0.5,12.315211296081543
deepseek/deepseek-v3.2,dictator,36,107392,2,"I share 30,000 dollars.",30000.0,0.2793504171632896,4.946392059326172
deepseek/deepseek-v3.2,dictator,36,107392,3,I share 45000 dollars,45000.0,0.41902562574493446,9.367637872695923
deepseek/deepseek-v3.2,dictator,36,250000,1,"I share $75,000 dollars.",75000.0,0.3,6.188399314880371
deepseek/deepseek-v3.2,dictator,36,250000,2,I share 125000 dollars,125000.0,0.5,6.650906801223755
deepseek/deepseek-v3.2,dictator,36,250000,3,"I share $75,000 dollars.",75000.0,0.3,9.328693628311157
deepseek/deepseek-v3.2,dictator,38,1,1,I share 0.50 dollars.,0.5,0.5,5.479161739349365
deepseek/deepseek-v3.2,dictator,38,1,2,I share 0.40 dollars.,0.4,0.4,14.269994020462036
deepseek/deepseek-v3.2,dictator,38,1,3,I share 0.38 dollars.,0.38,0.38,2.837385416030884
deepseek/deepseek-v3.2,dictator,38,3,1,I share 1 dollar.,1.0,0.3333333333333333,6.900624752044678
deepseek/deepseek-v3.2,dictator,38,3,2,I share $1.50 dollars.,1.5,0.5,6.3437652587890625
deepseek/deepseek-v3.2,dictator,38,3,3,I share 1.20 dollars.,1.2,0.39999999999999997,8.650745153427124
deepseek/deepseek-v3.2,dictator,38,5,1,I share 2 dollars.,2.0,0.4,7.022765636444092
deepseek/deepseek-v3.2,dictator,38,5,2,I share $2 dollars.,2.0,0.4,7.09424614906311
deepseek/deepseek-v3.2,dictator,38,5,3,I share 2 dollars.,2.0,0.4,7.89643120765686
deepseek/deepseek-v3.2,dictator,36,46962,1,I share 15000 dollars.,15000.0,0.3194071802734125,13.083210945129395
deepseek/deepseek-v3.2,dictator,36,46962,2,"I share $14,000 dollars.",14000.0,0.29811336825518503,20.412508249282837
deepseek/deepseek-v3.2,dictator,36,46962,3,I share 10000 dollars,10000.0,0.21293812018227504,5.058495044708252
deepseek/deepseek-v3.2,dictator,38,8,1,I share 4 dollars.,4.0,0.5,5.7109763622283936
deepseek/deepseek-v3.2,dictator,38,8,2,I share 4 dollars.,4.0,0.5,14.419653177261353
deepseek/deepseek-v3.2,dictator,38,8,3,I share 2 dollars,2.0,0.25,6.6098222732543945
deepseek/deepseek-v3.2,dictator,38,2,1,I share 0.80 dollars.,0.8,0.4,7.11889386177063
deepseek/deepseek-v3.2,dictator,38,2,2,I share 1 dollar.,1.0,0.5,7.953221082687378
deepseek/deepseek-v3.2,dictator,38,2,3,I share 1 dollar.,1.0,0.5,13.423199892044067
deepseek/deepseek-v3.2,dictator,36,162379,1,I share 48000 dollars.,48000.0,0.29560472721226266,19.410316705703735
deepseek/deepseek-v3.2,dictator,36,162379,2,"I share $81,190 dollars.",81190.0,0.5000030792159085,9.415504217147827
deepseek/deepseek-v3.2,dictator,36,162379,3,"I share 40,000 dollars",40000.0,0.24633727267688557,14.173806428909302
deepseek/deepseek-v3.2,dictator,38,10,1,I share 3 dollars.,3.0,0.3,11.725594520568848
deepseek/deepseek-v3.2,dictator,38,10,2,I share 4 dollars.,4.0,0.4,7.722160339355469
deepseek/deepseek-v3.2,dictator,38,10,3,I share 4 dollars,4.0,0.4,3.5185184478759766
deepseek/deepseek-v3.2,dictator,38,18,1,I share 7 dollars.,7.0,0.3888888888888889,9.764359951019287
deepseek/deepseek-v3.2,dictator,38,18,2,I share 5 dollars.,5.0,0.2777777777777778,10.962518215179443
deepseek/deepseek-v3.2,dictator,38,18,3,I share 6 dollars.,6.0,0.3333333333333333,5.6133294105529785
deepseek/deepseek-v3.2,dictator,38,27,1,I share 12 dollars.,12.0,0.4444444444444444,6.317554473876953
deepseek/deepseek-v3.2,dictator,38,27,2,I share 10 dollars.,10.0,0.37037037037037035,3.5084357261657715
deepseek/deepseek-v3.2,dictator,38,27,3,I share 13 dollars.,13.0,0.48148148148148145,10.379767656326294
deepseek/deepseek-v3.2,dictator,38,63,1,I share 28 dollars.,28.0,0.4444444444444444,6.6784827709198
deepseek/deepseek-v3.2,dictator,38,63,2,I share 31 dollars.,31.0,0.49206349206349204,4.741626501083374
deepseek/deepseek-v3.2,dictator,38,63,3,I share 24 dollars.,24.0,0.38095238095238093,10.616806268692017
deepseek/deepseek-v3.2,dictator,38,12,1,I share 4 dollars.,4.0,0.3333333333333333,14.11714506149292
deepseek/deepseek-v3.2,dictator,38,12,2,I share 5 dollars.,5.0,0.4166666666666667,3.537614583969116
deepseek/deepseek-v3.2,dictator,38,12,3,I share 4 dollars.,4.0,0.3333333333333333,10.688527584075928
deepseek/deepseek-v3.2,dictator,38,95,1,I share 40 dollars.,40.0,0.42105263157894735,5.729114770889282
deepseek/deepseek-v3.2,dictator,38,95,2,I share 38 dollars.,38.0,0.4,9.91286039352417
deepseek/deepseek-v3.2,dictator,38,95,3,I share 0 dollars.,0.0,0.0,17.464145183563232
deepseek/deepseek-v3.2,dictator,38,41,1,I share $20 dollars.,20.0,0.4878048780487805,9.168555974960327
deepseek/deepseek-v3.2,dictator,38,41,2,I share 16 dollars.,16.0,0.3902439024390244,5.872476577758789
deepseek/deepseek-v3.2,dictator,38,41,3,I share 10 dollars.,10.0,0.24390243902439024,3.4245855808258057
deepseek/deepseek-v3.2,dictator,38,144,1,I share 50 dollars.,50.0,0.3472222222222222,10.6527419090271
deepseek/deepseek-v3.2,dictator,38,144,2,I share 60 dollars.,60.0,0.4166666666666667,16.771719217300415
deepseek/deepseek-v3.2,dictator,38,144,3,I share 72 dollars.,72.0,0.5,8.781411170959473
deepseek/deepseek-v3.2,dictator,38,328,1,I share 164 dollars.,164.0,0.5,17.39881992340088
deepseek/deepseek-v3.2,dictator,38,328,2,I share 98 dollars.,98.0,0.29878048780487804,7.369613170623779
deepseek/deepseek-v3.2,dictator,38,328,3,I share 100 dollars.,100.0,0.3048780487804878,11.923967838287354
deepseek/deepseek-v3.2,dictator,38,496,1,I share 100 dollars.,100.0,0.20161290322580644,17.22540783882141
deepseek/deepseek-v3.2,dictator,38,496,2,I share 100 dollars.,100.0,0.20161290322580644,7.771579265594482
deepseek/deepseek-v3.2,dictator,38,496,3,I share 124 dollars.,124.0,0.25,11.749671697616577
deepseek/deepseek-v3.2,dictator,38,217,1,I share 50 dollars.,50.0,0.2304147465437788,17.586975574493408
deepseek/deepseek-v3.2,dictator,38,217,2,I share 80 dollars.,80.0,0.3686635944700461,10.678750276565552
deepseek/deepseek-v3.2,dictator,38,217,3,I share 87 dollars.,87.0,0.4009216589861751,6.291595458984375
deepseek/deepseek-v3.2,dictator,38,1135,1,I share 400 dollars.,400.0,0.3524229074889868,13.402599573135376
deepseek/deepseek-v3.2,dictator,38,1135,2,I share 567 dollars.,567.0,0.4995594713656388,4.977490186691284
deepseek/deepseek-v3.2,dictator,38,1135,3,I share 550 dollars.,550.0,0.4845814977973568,9.802177906036377
deepseek/deepseek-v3.2,dictator,38,1717,1,I share 858 dollars.,858.0,0.49970879440885263,10.639527797698975
deepseek/deepseek-v3.2,dictator,38,1717,2,I share 500 dollars.,500.0,0.29120559114735,6.064883470535278
deepseek/deepseek-v3.2,dictator,38,1717,3,I share 859 dollars,859.0,0.5002912055911474,12.790683269500732
deepseek/deepseek-v3.2,dictator,38,2596,1,I share 100 dollars.,100.0,0.03852080123266564,6.334300756454468
deepseek/deepseek-v3.2,dictator,38,2596,2,"I share 1,298 dollars",1298.0,0.5,9.36763596534729
deepseek/deepseek-v3.2,dictator,38,2596,3,"I share $1,298 dollars.",1298.0,0.5,5.218560695648193
deepseek/deepseek-v3.2,dictator,38,3926,1,"I share $1,570 dollars",1570.0,0.3998981151299032,4.4376630783081055
deepseek/deepseek-v3.2,dictator,38,3926,2,I share 982 dollars.,982.0,0.250127356087621,15.852315425872803
deepseek/deepseek-v3.2,dictator,38,3926,3,I share 800 dollars.,800.0,0.20376974019358127,6.220699071884155
deepseek/deepseek-v3.2,dictator,38,751,1,I share 300 dollars.,300.0,0.3994673768308921,10.217694520950317
deepseek/deepseek-v3.2,dictator,38,751,2,I share 200 dollars,200.0,0.2663115845539281,16.59456968307495
deepseek/deepseek-v3.2,dictator,38,751,3,I share 200 dollars.,200.0,0.2663115845539281,7.241866588592529
deepseek/deepseek-v3.2,dictator,38,8979,1,I share 3000 dollars,3000.0,0.3341129301703976,5.076382398605347
deepseek/deepseek-v3.2,dictator,38,8979,2,I share 1795 dollars.,1795.0,0.19991090321862123,6.144810199737549
deepseek/deepseek-v3.2,dictator,38,8979,3,I share 4490 dollars,4490.0,0.5000556854883618,5.9901978969573975
deepseek/deepseek-v3.2,dictator,38,5938,1,I share 2000 dollars.,2000.0,0.33681374200067365,13.696036338806152
deepseek/deepseek-v3.2,dictator,38,5938,2,I share 2970 dollars.,2970.0,0.5001684068710003,7.320655584335327
deepseek/deepseek-v3.2,dictator,38,5938,3,"I share $1,000 dollars.",1000.0,0.16840687100033683,8.859467267990112
deepseek/deepseek-v3.2,dictator,38,13578,1,I share 0 dollars.,0.0,0.0,3.20863938331604
deepseek/deepseek-v3.2,dictator,38,13578,2,I share 6789 dollars.,6789.0,0.5,4.6036717891693115
deepseek/deepseek-v3.2,dictator,38,13578,3,"I share 4,000 dollars.",4000.0,0.29459419649432905,3.4192116260528564
deepseek/deepseek-v3.2,dictator,38,46962,1,"I share $15,000 dollars.",15000.0,0.3194071802734125,3.5302228927612305
deepseek/deepseek-v3.2,dictator,38,46962,2,I share 15000 dollars,15000.0,0.3194071802734125,5.287250280380249
deepseek/deepseek-v3.2,dictator,38,46962,3,"I share 10,000 dollars.",10000.0,0.21293812018227504,1.3595120906829834
deepseek/deepseek-v3.2,dictator,38,20531,1,"I share 10,265 dollars",10265.0,0.49997564658321564,10.099500894546509
deepseek/deepseek-v3.2,dictator,38,20531,2,"I share 10,265 dollars.",10265.0,0.49997564658321564,7.370802640914917
deepseek/deepseek-v3.2,dictator,38,20531,3,I share 8200 dollars.,8200.0,0.3993960352637475,7.3343024253845215
deepseek/deepseek-v3.2,dictator,38,71000,1,I share 35500 dollars,35500.0,0.5,6.370496988296509
deepseek/deepseek-v3.2,dictator,38,71000,2,"I share $25,000 dollars.",25000.0,0.352112676056338,5.401288270950317
deepseek/deepseek-v3.2,dictator,38,71000,3,I share 20000 dollars.,20000.0,0.28169014084507044,5.0251429080963135
deepseek/deepseek-v3.2,dictator,38,107392,1,I share 50000 dollars.,50000.0,0.4655840286054827,3.9645824432373047
deepseek/deepseek-v3.2,dictator,38,107392,2,I share 0 dollars.,0.0,0.0,6.216659784317017
deepseek/deepseek-v3.2,dictator,38,107392,3,I share 0 dollars.,0.0,0.0,5.6001036167144775
deepseek/deepseek-v3.2,dictator,38,31054,1,"I share 10,000 dollars.",10000.0,0.3220197076061055,5.301415205001831
deepseek/deepseek-v3.2,dictator,38,31054,2,"I share 6,000 dollars.",6000.0,0.1932118245636633,7.215826511383057
deepseek/deepseek-v3.2,dictator,38,31054,3,"I share 10,000 dollars.",10000.0,0.3220197076061055,5.059956789016724
deepseek/deepseek-v3.2,dictator,38,250000,1,"I share 100,000 dollars",100000.0,0.4,6.437475681304932
deepseek/deepseek-v3.2,dictator,38,250000,2,"I share 40,000 dollars.",40000.0,0.16,5.945059061050415
deepseek/deepseek-v3.2,dictator,38,250000,3,"I share $100,000 dollars.",100000.0,0.4,6.163408994674683
deepseek/deepseek-v3.2,dictator,40,1,1,I share 0.30 dollars.,0.3,0.3,6.795505523681641
deepseek/deepseek-v3.2,dictator,40,1,2,I share 0.40 dollars.,0.4,0.4,5.805228233337402
deepseek/deepseek-v3.2,dictator,40,1,3,I share 0.40 dollars.,0.4,0.4,7.2618632316589355
deepseek/deepseek-v3.2,dictator,38,162379,1,I share 64800 dollars,64800.0,0.3990663817365546,5.16352391242981
deepseek/deepseek-v3.2,dictator,38,162379,2,I share 48640 dollars,48640.0,0.29954612357509286,6.200352907180786
deepseek/deepseek-v3.2,dictator,38,162379,3,I share 50000 dollars.,50000.0,0.30792159084610693,11.76981258392334
deepseek/deepseek-v3.2,dictator,40,5,1,I share 2 dollars.,2.0,0.4,7.647636413574219
deepseek/deepseek-v3.2,dictator,40,5,2,I share $2.50 dollars.,2.5,0.5,4.059388637542725
deepseek/deepseek-v3.2,dictator,40,5,3,I share 2 dollars.,2.0,0.4,11.615065336227417
deepseek/deepseek-v3.2,dictator,40,2,1,I share 1 dollar.,1.0,0.5,7.769704580307007
deepseek/deepseek-v3.2,dictator,40,2,2,I share 1 dollar.,1.0,0.5,16.116989612579346
deepseek/deepseek-v3.2,dictator,40,2,3,I share 1 dollars,1.0,0.5,2.1565799713134766
deepseek/deepseek-v3.2,dictator,40,3,1,I share 1 dollar.,1.0,0.3333333333333333,5.379876136779785
deepseek/deepseek-v3.2,dictator,40,3,2,I share 1 dollar.,1.0,0.3333333333333333,18.076425075531006
deepseek/deepseek-v3.2,dictator,40,3,3,I share 1 dollar,1.0,0.3333333333333333,2.402475357055664
deepseek/deepseek-v3.2,dictator,40,8,1,I share 3 dollars.,3.0,0.375,7.241380214691162
deepseek/deepseek-v3.2,dictator,40,8,2,I share 4 dollars.,4.0,0.5,11.358206272125244
deepseek/deepseek-v3.2,dictator,40,8,3,I share 3 dollars.,3.0,0.375,11.751070499420166
deepseek/deepseek-v3.2,dictator,40,10,1,I share 4 dollars.,4.0,0.4,11.547794342041016
deepseek/deepseek-v3.2,dictator,40,10,2,I share 4 dollars.,4.0,0.4,15.659660577774048
deepseek/deepseek-v3.2,dictator,40,10,3,I share 4 dollars,4.0,0.4,2.125746726989746
deepseek/deepseek-v3.2,dictator,40,12,1,I share 5 dollars.,5.0,0.4166666666666667,2.596388101577759
deepseek/deepseek-v3.2,dictator,40,12,2,I share 6 dollars.,6.0,0.5,10.539494752883911
deepseek/deepseek-v3.2,dictator,40,12,3,I share 5 dollars.,5.0,0.4166666666666667,6.928856611251831
deepseek/deepseek-v3.2,dictator,40,18,1,I share 9 dollars.,9.0,0.5,3.4284372329711914
deepseek/deepseek-v3.2,dictator,40,18,2,I share 9 dollars.,9.0,0.5,9.63502287864685
deepseek/deepseek-v3.2,dictator,40,18,3,I share 9 dollars.,9.0,0.5,7.979342460632324
deepseek/deepseek-v3.2,dictator,40,27,1,I share 8 dollars.,8.0,0.2962962962962963,11.54298210144043
deepseek/deepseek-v3.2,dictator,40,27,2,I share $11 dollars.,11.0,0.4074074074074074,7.108649015426636
deepseek/deepseek-v3.2,dictator,40,27,3,I share 10 dollars.,10.0,0.37037037037037035,12.596659421920776
deepseek/deepseek-v3.2,dictator,40,63,1,I share 30 dollars.,30.0,0.47619047619047616,9.586445331573486
deepseek/deepseek-v3.2,dictator,40,63,2,I share 20 dollars.,20.0,0.31746031746031744,10.842039108276367
deepseek/deepseek-v3.2,dictator,40,63,3,I share 24 dollars.,24.0,0.38095238095238093,3.401812791824341
deepseek/deepseek-v3.2,dictator,40,41,1,I share 20 dollars.,20.0,0.4878048780487805,2.0964293479919434
deepseek/deepseek-v3.2,dictator,40,41,2,I share $20 dollars.,20.0,0.4878048780487805,11.748704671859741
deepseek/deepseek-v3.2,dictator,40,41,3,I share 20 dollars.,20.0,0.4878048780487805,4.657277345657349
deepseek/deepseek-v3.2,dictator,40,217,1,I share 60 dollars.,60.0,0.2764976958525346,11.713719367980957
deepseek/deepseek-v3.2,dictator,40,217,2,I share 90 dollars.,90.0,0.4147465437788018,4.592506170272827
deepseek/deepseek-v3.2,dictator,40,217,3,I share 86 dollars,86.0,0.39631336405529954,5.585177898406982
deepseek/deepseek-v3.2,dictator,40,144,1,I share 72 dollars.,72.0,0.5,3.4863741397857666
deepseek/deepseek-v3.2,dictator,40,144,2,I share 72 dollars.,72.0,0.5,5.922385215759277
deepseek/deepseek-v3.2,dictator,40,144,3,I share 72 dollars.,72.0,0.5,5.771886110305786
deepseek/deepseek-v3.2,dictator,40,328,1,I share 85 dollars.,85.0,0.25914634146341464,6.416488409042358
deepseek/deepseek-v3.2,dictator,40,328,2,I share 65 dollars.,65.0,0.19817073170731708,4.207330703735352
deepseek/deepseek-v3.2,dictator,40,328,3,I share 65 dollars.,65.0,0.19817073170731708,5.6634674072265625
deepseek/deepseek-v3.2,dictator,40,751,1,I share 200 dollars.,200.0,0.2663115845539281,5.353046178817749
deepseek/deepseek-v3.2,dictator,40,751,2,I share 150 dollars.,150.0,0.19973368841544606,6.575811147689819
deepseek/deepseek-v3.2,dictator,40,751,3,I share 200 dollars.,200.0,0.2663115845539281,9.344452381134033
deepseek/deepseek-v3.2,dictator,40,496,1,I share 248 dollars.,248.0,0.5,5.1285319328308105
deepseek/deepseek-v3.2,dictator,40,496,2,I share 149 dollars,149.0,0.3004032258064516,6.476190090179443
deepseek/deepseek-v3.2,dictator,40,496,3,I share $99 dollars.,99.0,0.19959677419354838,11.360593795776367
deepseek/deepseek-v3.2,dictator,40,95,1,I share 30 dollars.,30.0,0.3157894736842105,11.617998838424683
deepseek/deepseek-v3.2,dictator,40,95,2,I share 40 dollars.,40.0,0.42105263157894735,6.416444540023804
deepseek/deepseek-v3.2,dictator,40,95,3,I share 40 dollars.,40.0,0.42105263157894735,12.545171737670898
deepseek/deepseek-v3.2,dictator,40,1717,1,I share 850 dollars.,850.0,0.49504950495049505,11.988425731658936
deepseek/deepseek-v3.2,dictator,40,1717,2,I share 343 dollars.,343.0,0.1997670355270821,6.103973865509033
deepseek/deepseek-v3.2,dictator,40,1717,3,I share 858 dollars.,858.0,0.49970879440885263,5.3910534381866455
deepseek/deepseek-v3.2,dictator,40,3926,1,I share 1000 dollars.,1000.0,0.2547121752419766,1.972611427307129
deepseek/deepseek-v3.2,dictator,40,3926,2,I share 1470 dollars.,1470.0,0.3744268976057056,6.977337837219238
deepseek/deepseek-v3.2,dictator,40,3926,3,I share 800 dollars.,800.0,0.20376974019358127,5.140923500061035
deepseek/deepseek-v3.2,dictator,40,2596,1,I share 1298 dollars.,1298.0,0.5,10.738207578659058
deepseek/deepseek-v3.2,dictator,40,2596,2,I share 800 dollars.,800.0,0.3081664098613251,7.491010427474976
deepseek/deepseek-v3.2,dictator,40,2596,3,"I share $1,298 dollars.",1298.0,0.5,5.235461950302124
deepseek/deepseek-v3.2,dictator,40,1135,1,I share 500 dollars,500.0,0.44052863436123346,5.803082704544067
deepseek/deepseek-v3.2,dictator,40,1135,2,I share 450 dollars.,450.0,0.3964757709251101,14.268635749816895
deepseek/deepseek-v3.2,dictator,40,1135,3,I share 450 dollars.,450.0,0.3964757709251101,6.7564857006073
deepseek/deepseek-v3.2,dictator,40,5938,1,I share 2000 dollars,2000.0,0.33681374200067365,7.118216276168823
deepseek/deepseek-v3.2,dictator,40,5938,2,I share 2000 dollars.,2000.0,0.33681374200067365,5.2738683223724365
deepseek/deepseek-v3.2,dictator,40,5938,3,I share 2000 dollars.,2000.0,0.33681374200067365,6.184908866882324
deepseek/deepseek-v3.2,dictator,40,8979,1,I share 3500 dollars.,3500.0,0.38979841853213054,4.562611103057861
deepseek/deepseek-v3.2,dictator,40,8979,2,I share 449 dollars,449.0,0.05000556854883617,5.180997848510742
deepseek/deepseek-v3.2,dictator,40,8979,3,I share 3000 dollars,3000.0,0.3341129301703976,6.991180896759033
deepseek/deepseek-v3.2,dictator,40,46962,1,I share 10000 dollars.,10000.0,0.21293812018227504,4.534644365310669
deepseek/deepseek-v3.2,dictator,40,46962,2,"I share $20,000 dollars.",20000.0,0.4258762403645501,0.7283627986907959
deepseek/deepseek-v3.2,dictator,40,46962,3,"I share $18,785 dollars.",18785.0,0.40000425876240364,6.391963243484497
deepseek/deepseek-v3.2,dictator,40,31054,1,I share 7000 dollars.,7000.0,0.22541379532427386,6.349149703979492
deepseek/deepseek-v3.2,dictator,40,31054,2,"I share 12,000 dollars",12000.0,0.3864236491273266,6.040098667144775
deepseek/deepseek-v3.2,dictator,40,31054,3,"I share 15,527 dollars.",15527.0,0.5,5.243409156799316
deepseek/deepseek-v3.2,dictator,40,20531,1,I share 8212 dollars,8212.0,0.3999805172665725,6.664559364318848
deepseek/deepseek-v3.2,dictator,40,20531,2,"I share 10,265 dollars.",10265.0,0.49997564658321564,6.132687568664551
deepseek/deepseek-v3.2,dictator,40,20531,3,I share 7500 dollars.,7500.0,0.3653012517656227,5.481152534484863
deepseek/deepseek-v3.2,dictator,40,107392,1,"I share 40,000 dollars.",40000.0,0.37246722288438616,6.359931707382202
deepseek/deepseek-v3.2,dictator,40,107392,2,I share 5000 dollars.,5000.0,0.04655840286054827,4.448362350463867
deepseek/deepseek-v3.2,dictator,40,107392,3,"I share 30,000 dollars.",30000.0,0.2793504171632896,6.0755040645599365
deepseek/deepseek-v3.2,dictator,40,71000,1,I share 28400 dollars,28400.0,0.4,9.410846948623657
deepseek/deepseek-v3.2,dictator,40,71000,2,I share 28400 dollars,28400.0,0.4,2.5113070011138916
deepseek/deepseek-v3.2,dictator,40,71000,3,I share 28400 dollars.,28400.0,0.4,6.958796739578247
deepseek/deepseek-v3.2,dictator,40,162379,1,I share 48638 dollars.,48638.0,0.299533806711459,4.373561382293701
deepseek/deepseek-v3.2,dictator,40,162379,2,"I share $64,951 dollars",64951.0,0.3999963049409098,6.2364983558654785
deepseek/deepseek-v3.2,dictator,40,162379,3,I share 64800 dollars,64800.0,0.3990663817365546,5.110457897186279
deepseek/deepseek-v3.2,dictator,40,250000,1,"I share 80,000 dollars.",80000.0,0.32,6.029703617095947
deepseek/deepseek-v3.2,dictator,40,250000,2,I share 100000 dollars.,100000.0,0.4,5.030163764953613
deepseek/deepseek-v3.2,dictator,40,250000,3,"I share 75,000 dollars.",75000.0,0.3,5.194651365280151
deepseek/deepseek-v3.2,dictator,42,1,1,I share 0.40 dollars.,0.4,0.4,6.338812828063965
deepseek/deepseek-v3.2,dictator,42,1,2,I share 0.50 dollars,0.5,0.5,4.826189041137695
deepseek/deepseek-v3.2,dictator,42,1,3,I share 0 dollars,0.0,0.0,6.395655870437622
deepseek/deepseek-v3.2,dictator,42,3,1,I share 1 dollar.,1.0,0.3333333333333333,5.181576728820801
deepseek/deepseek-v3.2,dictator,42,3,2,I share 1 dollar.,1.0,0.3333333333333333,5.809523582458496
deepseek/deepseek-v3.2,dictator,42,3,3,I share 1 dollar.,1.0,0.3333333333333333,8.882134199142456
deepseek/deepseek-v3.2,dictator,42,2,1,I share 1 dollar.,1.0,0.5,5.142535924911499
deepseek/deepseek-v3.2,dictator,42,2,2,I share 1 dollar.,1.0,0.5,6.497921705245972
deepseek/deepseek-v3.2,dictator,42,2,3,I share 0 dollars.,0.0,0.0,9.955541133880615
deepseek/deepseek-v3.2,dictator,42,5,1,I share 2 dollars.,2.0,0.4,7.731536388397217
deepseek/deepseek-v3.2,dictator,42,5,2,I share 2 dollars.,2.0,0.4,9.000873327255249
deepseek/deepseek-v3.2,dictator,42,5,3,I share 2 dollars.,2.0,0.4,4.80205512046814
deepseek/deepseek-v3.2,dictator,42,8,1,I share 4 dollars.,4.0,0.5,11.761282682418823
deepseek/deepseek-v3.2,dictator,42,8,2,I share 3 dollars.,3.0,0.375,4.130441427230835
deepseek/deepseek-v3.2,dictator,42,8,3,I share 3 dollars.,3.0,0.375,8.866005659103394
deepseek/deepseek-v3.2,dictator,42,12,1,I share 6 dollars.,6.0,0.5,4.825724363327026
deepseek/deepseek-v3.2,dictator,42,12,2,I share 6 dollars,6.0,0.5,5.460641384124756
deepseek/deepseek-v3.2,dictator,42,12,3,I share 5 dollars.,5.0,0.4166666666666667,4.1411778926849365
deepseek/deepseek-v3.2,dictator,42,10,1,I share 4 dollars.,4.0,0.4,15.336345195770264
deepseek/deepseek-v3.2,dictator,42,10,2,I share 4 dollars.,4.0,0.4,4.186813831329346
deepseek/deepseek-v3.2,dictator,42,10,3,I share 4 dollars.,4.0,0.4,4.4786787033081055
deepseek/deepseek-v3.2,dictator,42,27,1,I share 13 dollars.,13.0,0.48148148148148145,5.929198980331421
deepseek/deepseek-v3.2,dictator,42,27,2,I share 5 dollars.,5.0,0.18518518518518517,7.017120599746704
deepseek/deepseek-v3.2,dictator,42,27,3,I share $11 dollars.,11.0,0.4074074074074074,4.443955183029175
deepseek/deepseek-v3.2,dictator,42,41,1,I share $20 dollars,20.0,0.4878048780487805,4.009573221206665
deepseek/deepseek-v3.2,dictator,42,41,2,I share $20 dollars.,20.0,0.4878048780487805,4.474299669265747
deepseek/deepseek-v3.2,dictator,42,41,3,I share 20 dollars.,20.0,0.4878048780487805,3.8142054080963135
deepseek/deepseek-v3.2,dictator,42,95,1,I share 40 dollars.,40.0,0.42105263157894735,7.632336139678955
deepseek/deepseek-v3.2,dictator,42,95,2,I share 38 dollars.,38.0,0.4,4.859894275665283
deepseek/deepseek-v3.2,dictator,42,95,3,I share 0 dollars.,0.0,0.0,10.754630327224731
deepseek/deepseek-v3.2,dictator,42,144,1,I share 72 dollars,72.0,0.5,5.755679607391357
deepseek/deepseek-v3.2,dictator,42,144,2,I share 72 dollars.,72.0,0.5,4.9761552810668945
deepseek/deepseek-v3.2,dictator,42,144,3,I share 60 dollars.,60.0,0.4166666666666667,5.443323135375977
deepseek/deepseek-v3.2,dictator,42,63,1,I share 21 dollars.,21.0,0.3333333333333333,22.068699598312378
deepseek/deepseek-v3.2,dictator,42,63,2,I share 21 dollars.,21.0,0.3333333333333333,3.0261080265045166
deepseek/deepseek-v3.2,dictator,42,63,3,I share 21 dollars.,21.0,0.3333333333333333,15.091983556747437
deepseek/deepseek-v3.2,dictator,42,496,1,I share 248 dollars,248.0,0.5,10.138459920883179
deepseek/deepseek-v3.2,dictator,42,496,2,I share 124 dollars.,124.0,0.25,6.092193126678467
deepseek/deepseek-v3.2,dictator,42,496,3,I share 186 dollars.,186.0,0.375,3.2442593574523926
deepseek/deepseek-v3.2,dictator,42,217,1,I share $109 dollars.,109.0,0.5023041474654378,16.922080516815186
deepseek/deepseek-v3.2,dictator,42,217,2,I share 100 dollars.,100.0,0.4608294930875576,6.84140419960022
deepseek/deepseek-v3.2,dictator,42,217,3,I share 108 dollars.,108.0,0.4976958525345622,8.222415924072266
deepseek/deepseek-v3.2,dictator,42,328,1,I share 164 dollars.,164.0,0.5,11.572632074356079
deepseek/deepseek-v3.2,dictator,42,328,2,I share 110 dollars.,110.0,0.3353658536585366,4.631616830825806
deepseek/deepseek-v3.2,dictator,42,328,3,I share 110 dollars.,110.0,0.3353658536585366,5.077552080154419
deepseek/deepseek-v3.2,dictator,42,751,1,I share 300 dollars.,300.0,0.3994673768308921,5.818774461746216
deepseek/deepseek-v3.2,dictator,42,751,2,I share 225 dollars.,225.0,0.2996005326231691,3.97529935836792
deepseek/deepseek-v3.2,dictator,42,751,3,I share 250 dollars.,250.0,0.33288948069241014,7.627562522888184
deepseek/deepseek-v3.2,dictator,42,2596,1,"I share $1,298 dollars.",1298.0,0.5,4.71285605430603
deepseek/deepseek-v3.2,dictator,42,2596,2,I share 1200 dollars.,1200.0,0.4622496147919877,6.079771995544434
deepseek/deepseek-v3.2,dictator,42,2596,3,"I share 1,298 dollars.",1298.0,0.5,8.064798593521118
deepseek/deepseek-v3.2,dictator,42,1135,1,I share 567 dollars.,567.0,0.4995594713656388,7.44489598274231
deepseek/deepseek-v3.2,dictator,42,1135,2,I share 400 dollars.,400.0,0.3524229074889868,5.053253889083862
deepseek/deepseek-v3.2,dictator,42,1135,3,I share 425 dollars.,425.0,0.3744493392070485,8.181284189224243
deepseek/deepseek-v3.2,dictator,42,1717,1,I share 500 dollars.,500.0,0.29120559114735,6.1354756355285645
deepseek/deepseek-v3.2,dictator,42,1717,2,I share 858 dollars.,858.0,0.49970879440885263,7.605291128158569
deepseek/deepseek-v3.2,dictator,42,1717,3,I share 858 dollars,858.0,0.49970879440885263,13.98517394065857
deepseek/deepseek-v3.2,dictator,40,13578,1,I share 5500 dollars.,5500.0,0.4050670201797025,6.860400438308716
deepseek/deepseek-v3.2,dictator,40,13578,2,"I share 4,000 dollars.",4000.0,0.29459419649432905,4.849054336547852
deepseek/deepseek-v3.2,dictator,40,13578,3,"I share $6,789 dollars.",6789.0,0.5,14.119430541992188
deepseek/deepseek-v3.2,dictator,42,3926,1,I share 1000 dollars.,1000.0,0.2547121752419766,6.5937511920928955
deepseek/deepseek-v3.2,dictator,42,3926,2,I share 500 dollars.,500.0,0.1273560876209883,11.963497638702393
deepseek/deepseek-v3.2,dictator,42,3926,3,I share 1963 dollars.,1963.0,0.5,10.656731128692627
deepseek/deepseek-v3.2,dictator,42,8979,1,I share 3000 dollars,3000.0,0.3341129301703976,13.509084939956665
deepseek/deepseek-v3.2,dictator,42,8979,2,I share 2000 dollars.,2000.0,0.22274195344693173,9.280683994293213
deepseek/deepseek-v3.2,dictator,42,8979,3,I share $4490 dollars.,4490.0,0.5000556854883618,10.5880868434906
deepseek/deepseek-v3.2,dictator,42,20531,1,I share 8230 dollars,8230.0,0.40085724027081,8.168419122695923
deepseek/deepseek-v3.2,dictator,42,20531,2,"I share $8,000 dollars.",8000.0,0.3896546685499976,11.519798517227173
deepseek/deepseek-v3.2,dictator,42,20531,3,I share 10265 dollars.,10265.0,0.49997564658321564,6.490700006484985
deepseek/deepseek-v3.2,dictator,42,13578,1,"I share 6,789 dollars.",6789.0,0.5,10.649099349975586
deepseek/deepseek-v3.2,dictator,42,13578,2,I share 6789 dollars,6789.0,0.5,8.811980724334717
deepseek/deepseek-v3.2,dictator,42,13578,3,I share 5000 dollars.,5000.0,0.3682427456179113,8.357264757156372
deepseek/deepseek-v3.2,dictator,42,31054,1,"I share 10,000 dollars.",10000.0,0.3220197076061055,11.263401508331299
deepseek/deepseek-v3.2,dictator,42,31054,2,"I share 10,000 dollars",10000.0,0.3220197076061055,6.720370531082153
deepseek/deepseek-v3.2,dictator,42,31054,3,"I share 15,527 dollars.",15527.0,0.5,11.192904949188232
deepseek/deepseek-v3.2,dictator,42,5938,1,I share 2970 dollars.,2970.0,0.5001684068710003,16.07950496673584
deepseek/deepseek-v3.2,dictator,42,5938,2,I share 2970 dollars,2970.0,0.5001684068710003,33.035332918167114
deepseek/deepseek-v3.2,dictator,42,5938,3,I share 1484 dollars.,1484.0,0.24991579656449983,3.104174852371216
deepseek/deepseek-v3.2,dictator,42,46962,1,"I share $20,000 dollars.",20000.0,0.4258762403645501,5.5400261878967285
deepseek/deepseek-v3.2,dictator,42,46962,2,I share 15000 dollars.,15000.0,0.3194071802734125,10.71919584274292
deepseek/deepseek-v3.2,dictator,42,46962,3,"I share 14,000 dollars.",14000.0,0.29811336825518503,6.241851806640625
deepseek/deepseek-v3.2,dictator,42,162379,1,I share 50000 dollars.,50000.0,0.30792159084610693,4.11953330039978
deepseek/deepseek-v3.2,dictator,42,162379,2,"I share $81,190 dollars",81190.0,0.5000030792159085,0.7160301208496094
deepseek/deepseek-v3.2,dictator,42,162379,3,I share 64800 dollars.,64800.0,0.3990663817365546,0.9638521671295166
deepseek/deepseek-v3.2,dictator,42,107392,1,"I share 42,000 dollars.",42000.0,0.39109058402860547,9.96054720878601
deepseek/deepseek-v3.2,dictator,42,107392,2,"I share 42,000 dollars.",42000.0,0.39109058402860547,5.819812774658203
deepseek/deepseek-v3.2,dictator,42,107392,3,"I share $40,000 dollars.",40000.0,0.37246722288438616,12.71026873588562
deepseek/deepseek-v3.2,dictator,42,71000,1,"I share 14,200 dollars",14200.0,0.2,11.53256607055664
deepseek/deepseek-v3.2,dictator,42,71000,2,I share 24800 dollars,24800.0,0.3492957746478873,6.033837795257568
deepseek/deepseek-v3.2,dictator,42,71000,3,"I share 29,700 dollars.",29700.0,0.4183098591549296,13.221648454666138
deepseek/deepseek-v3.2,dictator,42,250000,1,"I share $85,000 dollars.",85000.0,0.34,5.127245664596558
deepseek/deepseek-v3.2,dictator,42,250000,2,"I share 125,000 dollars",125000.0,0.5,14.512649297714233
deepseek/deepseek-v3.2,dictator,42,250000,3,"I share $70,000 dollars.",70000.0,0.28,5.587532043457031
deepseek/deepseek-v3.2,dictator,44,1,1,I share $0.44 dollars.,0.44,0.44,3.711653232574463
deepseek/deepseek-v3.2,dictator,44,1,2,I share 0 dollars.,0.0,0.0,11.197583675384521
deepseek/deepseek-v3.2,dictator,44,1,3,I share 0.50 dollars.,0.5,0.5,9.011764526367188
deepseek/deepseek-v3.2,dictator,44,2,1,I share 1 dollar.,1.0,0.5,12.556435585021973
deepseek/deepseek-v3.2,dictator,44,2,2,I share 1 dollar.,1.0,0.5,7.133596181869507
deepseek/deepseek-v3.2,dictator,44,2,3,I share 1 dollar.,1.0,0.5,13.479465961456299
deepseek/deepseek-v3.2,dictator,44,8,1,I share 4 dollars.,4.0,0.5,15.007770776748657
deepseek/deepseek-v3.2,dictator,44,8,2,I share 3 dollars.,3.0,0.375,0.8880760669708252
deepseek/deepseek-v3.2,dictator,44,8,3,I share 3 dollars.,3.0,0.375,12.108384847640991
deepseek/deepseek-v3.2,dictator,44,3,1,I share 1 dollar.,1.0,0.3333333333333333,5.702996492385864
deepseek/deepseek-v3.2,dictator,44,3,2,I share 1 dollar.,1.0,0.3333333333333333,16.81211566925049
deepseek/deepseek-v3.2,dictator,44,3,3,I share 1 dollar.,1.0,0.3333333333333333,14.080256462097168
deepseek/deepseek-v3.2,dictator,44,5,1,I share 2 dollars.,2.0,0.4,6.696227788925171
deepseek/deepseek-v3.2,dictator,44,5,2,I share 2 dollars.,2.0,0.4,18.586435794830322
deepseek/deepseek-v3.2,dictator,44,5,3,I share 2 dollars.,2.0,0.4,11.435585260391235
deepseek/deepseek-v3.2,dictator,44,12,1,I share 6 dollars.,6.0,0.5,10.519126176834106
deepseek/deepseek-v3.2,dictator,44,12,2,I share 6 dollars.,6.0,0.5,4.2874040603637695
deepseek/deepseek-v3.2,dictator,44,12,3,I share 6 dollars.,6.0,0.5,5.494422435760498
deepseek/deepseek-v3.2,dictator,44,10,1,I share 4 dollars.,4.0,0.4,13.124459981918335
deepseek/deepseek-v3.2,dictator,44,10,2,I share 4 dollars.,4.0,0.4,13.107001304626465
deepseek/deepseek-v3.2,dictator,44,10,3,I share $4 dollars.,4.0,0.4,5.933271646499634
deepseek/deepseek-v3.2,dictator,44,18,1,I share 9 dollars.,9.0,0.5,6.128125190734863
deepseek/deepseek-v3.2,dictator,44,18,2,I share 9 dollars.,9.0,0.5,7.786234617233276
deepseek/deepseek-v3.2,dictator,44,18,3,I share 9 dollars.,9.0,0.5,3.9917140007019043
deepseek/deepseek-v3.2,dictator,44,27,1,I share $13.5 dollars.,13.5,0.5,6.165878534317017
deepseek/deepseek-v3.2,dictator,44,27,2,I share 13 dollars.,13.0,0.48148148148148145,7.737514495849609
deepseek/deepseek-v3.2,dictator,44,27,3,I share 9 dollars.,9.0,0.3333333333333333,3.499614953994751
deepseek/deepseek-v3.2,dictator,44,41,1,I share $20 dollars.,20.0,0.4878048780487805,5.586296081542969
deepseek/deepseek-v3.2,dictator,44,41,2,I share $18 dollars.,18.0,0.43902439024390244,7.271946668624878
deepseek/deepseek-v3.2,dictator,44,41,3,I share $20 dollars.,20.0,0.4878048780487805,4.672143459320068
deepseek/deepseek-v3.2,dictator,44,63,1,I share 0 dollars.,0.0,0.0,10.340637445449829
deepseek/deepseek-v3.2,dictator,44,63,2,I share 31 dollars.,31.0,0.49206349206349204,1.939269781112671
deepseek/deepseek-v3.2,dictator,44,63,3,I share 0 dollars.,0.0,0.0,11.346256494522095
deepseek/deepseek-v3.2,dictator,44,95,1,I share 43 dollars.,43.0,0.45263157894736844,8.906621932983398
deepseek/deepseek-v3.2,dictator,44,95,2,I share 38 dollars.,38.0,0.4,3.1030163764953613
deepseek/deepseek-v3.2,dictator,44,95,3,I share 38 dollars.,38.0,0.4,10.820031881332397
deepseek/deepseek-v3.2,dictator,44,144,1,I share 72 dollars.,72.0,0.5,10.673884391784668
deepseek/deepseek-v3.2,dictator,44,144,2,I share 72 dollars.,72.0,0.5,2.776432991027832
deepseek/deepseek-v3.2,dictator,44,144,3,I share 72 dollars.,72.0,0.5,5.861307621002197
deepseek/deepseek-v3.2,dictator,44,328,1,I share 100 dollars.,100.0,0.3048780487804878,10.262905359268188
deepseek/deepseek-v3.2,dictator,44,328,2,I share 164 dollars.,164.0,0.5,4.906992197036743
deepseek/deepseek-v3.2,dictator,44,328,3,I share 82 dollars.,82.0,0.25,2.4093003273010254
deepseek/deepseek-v3.2,dictator,44,496,1,I share 200 dollars.,200.0,0.4032258064516129,4.105210065841675
deepseek/deepseek-v3.2,dictator,44,496,2,I share 200 dollars.,200.0,0.4032258064516129,5.072633266448975
deepseek/deepseek-v3.2,dictator,44,496,3,I share 124 dollars,124.0,0.25,10.810115098953247
deepseek/deepseek-v3.2,dictator,44,1135,1,I share 567 dollars.,567.0,0.4995594713656388,11.50929594039917
deepseek/deepseek-v3.2,dictator,44,1135,2,I share 567 dollars.,567.0,0.4995594713656388,2.0476725101470947
deepseek/deepseek-v3.2,dictator,44,1135,3,I share 500 dollars,500.0,0.44052863436123346,5.226960897445679
deepseek/deepseek-v3.2,dictator,44,217,1,I share 108 dollars.,108.0,0.4976958525345622,16.229092121124268
deepseek/deepseek-v3.2,dictator,44,217,2,I share 108 dollars.,108.0,0.4976958525345622,3.8567874431610107
deepseek/deepseek-v3.2,dictator,44,217,3,I share 70 dollars,70.0,0.3225806451612903,6.016242265701294
deepseek/deepseek-v3.2,dictator,44,2596,1,I share 1298 dollars.,1298.0,0.5,0.6685638427734375
deepseek/deepseek-v3.2,dictator,44,2596,2,I share 648 dollars.,648.0,0.24961479198767333,5.183458566665649
deepseek/deepseek-v3.2,dictator,44,2596,3,I share 648 dollars.,648.0,0.24961479198767333,11.335476160049438
deepseek/deepseek-v3.2,dictator,44,1717,1,I share 573 dollars.,573.0,0.3337216074548631,11.6002516746521
deepseek/deepseek-v3.2,dictator,44,1717,2,I share 860 dollars.,860.0,0.500873616773442,9.728582859039307
deepseek/deepseek-v3.2,dictator,44,1717,3,I share 858 dollars,858.0,0.49970879440885263,8.791149377822876
deepseek/deepseek-v3.2,dictator,44,751,1,I share 225 dollars,225.0,0.2996005326231691,7.947169065475464
deepseek/deepseek-v3.2,dictator,44,751,2,I share 200 dollars.,200.0,0.2663115845539281,7.791091680526733
deepseek/deepseek-v3.2,dictator,44,751,3,I share 250 dollars,250.0,0.33288948069241014,6.026695013046265
deepseek/deepseek-v3.2,dictator,44,3926,1,"I share $1,500 dollars.",1500.0,0.38206826286296486,11.902149438858032
deepseek/deepseek-v3.2,dictator,44,3926,2,I share 1500 dollars.,1500.0,0.38206826286296486,5.351689100265503
deepseek/deepseek-v3.2,dictator,44,3926,3,I share 1646 dollars.,1646.0,0.4192562404482934,7.267107009887695
deepseek/deepseek-v3.2,dictator,44,5938,1,"I share 2,969 dollars.",2969.0,0.5,11.39050579071045
deepseek/deepseek-v3.2,dictator,44,5938,2,I share 2970 dollars.,2970.0,0.5001684068710003,7.0896947383880615
deepseek/deepseek-v3.2,dictator,44,5938,3,"I share 1,485 dollars.",1485.0,0.25008420343550014,7.28844141960144
deepseek/deepseek-v3.2,dictator,44,13578,1,I share 6000 dollars.,6000.0,0.4418912947414936,5.6331446170806885
deepseek/deepseek-v3.2,dictator,44,13578,2,I share 6789 dollars.,6789.0,0.5,7.188337087631226
deepseek/deepseek-v3.2,dictator,44,13578,3,I share 5000 dollars,5000.0,0.3682427456179113,6.019273281097412
deepseek/deepseek-v3.2,dictator,44,8979,1,I share 4000 dollars.,4000.0,0.44548390689386347,6.837897062301636
deepseek/deepseek-v3.2,dictator,44,8979,2,I share 3500 dollars.,3500.0,0.38979841853213054,7.131539583206177
deepseek/deepseek-v3.2,dictator,44,8979,3,I share 1500 dollars.,1500.0,0.1670564650851988,8.67203402519226
deepseek/deepseek-v3.2,dictator,44,46962,1,I share 20000 dollars,20000.0,0.4258762403645501,3.527254581451416
deepseek/deepseek-v3.2,dictator,44,46962,2,"I share 15,000 dollars.",15000.0,0.3194071802734125,5.111271858215332
deepseek/deepseek-v3.2,dictator,44,46962,3,I share 23500 dollars.,23500.0,0.5004045824283463,10.882164001464844
deepseek/deepseek-v3.2,dictator,44,20531,1,"I share 10,265 dollars",10265.0,0.49997564658321564,11.498936414718628
deepseek/deepseek-v3.2,dictator,44,20531,2,I share 10265 dollars,10265.0,0.49997564658321564,6.41116738319397
deepseek/deepseek-v3.2,dictator,44,20531,3,I share 10265 dollars.,10265.0,0.49997564658321564,11.571447849273682
deepseek/deepseek-v3.2,dictator,44,31054,1,"I share 4,000 dollars",4000.0,0.1288078830424422,6.563051700592041
deepseek/deepseek-v3.2,dictator,44,31054,2,"I share 15,527 dollars.",15527.0,0.5,4.116765975952148
deepseek/deepseek-v3.2,dictator,44,31054,3,"I share 8,000 dollars",8000.0,0.2576157660848844,13.062564849853516
deepseek/deepseek-v3.2,dictator,44,71000,1,"I share $31,240 dollars.",31240.0,0.44,4.9860522747039795
deepseek/deepseek-v3.2,dictator,44,71000,2,"I share $17,000 dollars",17000.0,0.23943661971830985,10.656914710998535
deepseek/deepseek-v3.2,dictator,44,71000,3,"I share 20,000 dollars",20000.0,0.28169014084507044,11.748632431030273
deepseek/deepseek-v3.2,dictator,44,107392,1,"I share 53,696 dollars.",53696.0,0.5,2.862247943878174
deepseek/deepseek-v3.2,dictator,44,107392,2,"I share 40,000 dollars.",40000.0,0.37246722288438616,10.445155143737793
deepseek/deepseek-v3.2,dictator,44,107392,3,"I share 30,000 dollars.",30000.0,0.2793504171632896,12.627698183059692
deepseek/deepseek-v3.2,dictator,46,1,1,I share 0.40 dollars.,0.4,0.4,8.509384870529175
deepseek/deepseek-v3.2,dictator,46,1,2,I share 0.30 dollars.,0.3,0.3,0.9714720249176025
deepseek/deepseek-v3.2,dictator,46,1,3,I share 0.50 dollars,0.5,0.5,5.609729290008545
deepseek/deepseek-v3.2,dictator,44,162379,1,"I share 48,713 dollars.",48713.0,0.29999568909772817,1.2761952877044678
deepseek/deepseek-v3.2,dictator,44,162379,2,I share 48637 dollars,48637.0,0.29952764827964207,11.406147003173828
deepseek/deepseek-v3.2,dictator,44,162379,3,I share 40000 dollars.,40000.0,0.24633727267688557,5.597828149795532
deepseek/deepseek-v3.2,dictator,44,250000,1,"I share 125,000 dollars.",125000.0,0.5,12.41891622543335
deepseek/deepseek-v3.2,dictator,44,250000,2,"I share $75,000 dollars.",75000.0,0.3,6.041800498962402
deepseek/deepseek-v3.2,dictator,44,250000,3,"I share 125,000 dollars",125000.0,0.5,6.3343665599823
deepseek/deepseek-v3.2,dictator,46,3,1,I share 1 dollar.,1.0,0.3333333333333333,4.763232231140137
deepseek/deepseek-v3.2,dictator,46,3,2,I share 1 dollar.,1.0,0.3333333333333333,5.343211889266968
deepseek/deepseek-v3.2,dictator,46,3,3,I share 1 dollar.,1.0,0.3333333333333333,5.887572526931763
deepseek/deepseek-v3.2,dictator,46,5,1,I share 2 dollars.,2.0,0.4,9.94700312614441
deepseek/deepseek-v3.2,dictator,46,5,2,I share 2 dollars.,2.0,0.4,2.948003053665161
deepseek/deepseek-v3.2,dictator,46,5,3,I share 2 dollars.,2.0,0.4,4.002419471740723
deepseek/deepseek-v3.2,dictator,46,2,1,I share 1 dollars,1.0,0.5,12.372381687164307
deepseek/deepseek-v3.2,dictator,46,2,2,I share 0 dollars.,0.0,0.0,5.285048723220825
deepseek/deepseek-v3.2,dictator,46,2,3,I share 0.75 dollars.,0.75,0.375,5.394542217254639
deepseek/deepseek-v3.2,dictator,46,10,1,I share 3 dollars.,3.0,0.3,6.7142016887664795
deepseek/deepseek-v3.2,dictator,46,10,2,I share 5 dollars.,5.0,0.5,11.326820850372314
deepseek/deepseek-v3.2,dictator,46,10,3,I share 5 dollars.,5.0,0.5,3.580810070037842
deepseek/deepseek-v3.2,dictator,46,27,1,I share 10 dollars.,10.0,0.37037037037037035,3.6229565143585205
deepseek/deepseek-v3.2,dictator,46,27,2,I share 13 dollars.,13.0,0.48148148148148145,10.26962423324585
deepseek/deepseek-v3.2,dictator,46,27,3,I share 13 dollars.,13.0,0.48148148148148145,8.235440969467163
deepseek/deepseek-v3.2,dictator,46,18,1,I share 9 dollars.,9.0,0.5,14.01586389541626
deepseek/deepseek-v3.2,dictator,46,18,2,I share 8 dollars.,8.0,0.4444444444444444,8.418893575668335
deepseek/deepseek-v3.2,dictator,46,18,3,I share 9 dollars.,9.0,0.5,6.772914886474609
deepseek/deepseek-v3.2,dictator,46,8,1,I share 3 dollars.,3.0,0.375,17.187346935272217
deepseek/deepseek-v3.2,dictator,46,8,2,I share 4 dollars.,4.0,0.5,30.631469011306763
deepseek/deepseek-v3.2,dictator,46,8,3,I share 4 dollars,4.0,0.5,4.8569488525390625
deepseek/deepseek-v3.2,dictator,46,12,1,I share 6 dollars.,6.0,0.5,6.852433204650879
deepseek/deepseek-v3.2,dictator,46,12,2,I share 4 dollars.,4.0,0.3333333333333333,27.754140377044678
deepseek/deepseek-v3.2,dictator,46,12,3,I share 3 dollars.,3.0,0.25,6.645451068878174
deepseek/deepseek-v3.2,dictator,46,95,1,I share 35 dollars,35.0,0.3684210526315789,9.4022958278656
deepseek/deepseek-v3.2,dictator,46,95,2,I share 45 dollars.,45.0,0.47368421052631576,2.4306414127349854
deepseek/deepseek-v3.2,dictator,46,95,3,I share 40 dollars.,40.0,0.42105263157894735,16.071592569351196
deepseek/deepseek-v3.2,dictator,46,217,1,I share 108 dollars.,108.0,0.4976958525345622,4.90220308303833
deepseek/deepseek-v3.2,dictator,46,217,2,I share 108 dollars.,108.0,0.4976958525345622,15.779338598251343
deepseek/deepseek-v3.2,dictator,46,217,3,I share 80 dollars.,80.0,0.3686635944700461,0.7888472080230713
deepseek/deepseek-v3.2,dictator,46,41,1,I share $20 dollars.,20.0,0.4878048780487805,23.973094940185547
deepseek/deepseek-v3.2,dictator,46,41,2,I share 20 dollars.,20.0,0.4878048780487805,5.065242767333984
deepseek/deepseek-v3.2,dictator,46,41,3,I share 0 dollars.,0.0,0.0,16.4727840423584
deepseek/deepseek-v3.2,dictator,46,63,1,I share 25 dollars.,25.0,0.3968253968253968,7.036516427993774
deepseek/deepseek-v3.2,dictator,46,63,2,I share 25 dollars.,25.0,0.3968253968253968,15.078001499176025
deepseek/deepseek-v3.2,dictator,46,63,3,I share 25 dollars.,25.0,0.3968253968253968,6.344761610031128
deepseek/deepseek-v3.2,dictator,46,328,1,I share $164 dollars,164.0,0.5,2.4349420070648193
deepseek/deepseek-v3.2,dictator,46,328,2,I share 90 dollars.,90.0,0.27439024390243905,5.1805150508880615
deepseek/deepseek-v3.2,dictator,46,328,3,I share 70 dollars.,70.0,0.21341463414634146,5.538083791732788
deepseek/deepseek-v3.2,dictator,46,144,1,I share 72 dollars.,72.0,0.5,7.1001646518707275
deepseek/deepseek-v3.2,dictator,46,144,2,I share 60 dollars.,60.0,0.4166666666666667,15.303838968276978
deepseek/deepseek-v3.2,dictator,46,144,3,I share 48 dollars.,48.0,0.3333333333333333,5.326160669326782
deepseek/deepseek-v3.2,dictator,46,496,1,I share 248 dollars,248.0,0.5,9.832866191864014
deepseek/deepseek-v3.2,dictator,46,496,2,I share 124 dollars.,124.0,0.25,2.6552345752716064
deepseek/deepseek-v3.2,dictator,46,496,3,I share $198 dollars.,198.0,0.39919354838709675,5.457157611846924
deepseek/deepseek-v3.2,dictator,46,751,1,I share 300 dollars.,300.0,0.3994673768308921,6.3834309577941895
deepseek/deepseek-v3.2,dictator,46,751,2,I share 376 dollars.,376.0,0.5006657789613849,5.2559897899627686
deepseek/deepseek-v3.2,dictator,46,751,3,I share 300 dollars.,300.0,0.3994673768308921,5.716857671737671
deepseek/deepseek-v3.2,dictator,46,1135,1,I share 300 dollars.,300.0,0.2643171806167401,4.6215527057647705
deepseek/deepseek-v3.2,dictator,46,1135,2,I share 400 dollars.,400.0,0.3524229074889868,5.278679609298706
deepseek/deepseek-v3.2,dictator,46,1135,3,I share 567 dollars.,567.0,0.4995594713656388,1.2626433372497559
deepseek/deepseek-v3.2,dictator,46,2596,1,I share 1000 dollars,1000.0,0.3852080123266564,4.772818326950073
deepseek/deepseek-v3.2,dictator,46,2596,2,I share 1298 dollars,1298.0,0.5,1.863063097000122
deepseek/deepseek-v3.2,dictator,46,2596,3,I share 1298 dollars.,1298.0,0.5,2.10200834274292
deepseek/deepseek-v3.2,dictator,46,3926,1,"I share 1,963 dollars",1963.0,0.5,1.6762845516204834
deepseek/deepseek-v3.2,dictator,46,3926,2,I share 750 dollars.,750.0,0.19103413143148243,2.592262029647827
deepseek/deepseek-v3.2,dictator,46,3926,3,I share 1500 dollars.,1500.0,0.38206826286296486,5.745802402496338
deepseek/deepseek-v3.2,dictator,46,8979,1,"I share $3,591 dollars.",3591.0,0.39993317741396595,1.9314367771148682
deepseek/deepseek-v3.2,dictator,46,8979,2,I share 4030 dollars.,4030.0,0.44882503619556746,3.105745315551758
deepseek/deepseek-v3.2,dictator,46,8979,3,I share 0 dollars.,0.0,0.0,4.831991910934448
deepseek/deepseek-v3.2,dictator,46,1717,1,I share 858 dollars.,858.0,0.49970879440885263,5.141081809997559
deepseek/deepseek-v3.2,dictator,46,1717,2,I share 858 dollars.,858.0,0.49970879440885263,2.8377437591552734
deepseek/deepseek-v3.2,dictator,46,1717,3,I share 600 dollars.,600.0,0.34944670937682004,7.6021623611450195
deepseek/deepseek-v3.2,dictator,46,5938,1,I share 2000 dollars.,2000.0,0.33681374200067365,2.4140214920043945
deepseek/deepseek-v3.2,dictator,46,5938,2,"I share $2,500 dollars.",2500.0,0.42101717750084205,7.216900110244751
deepseek/deepseek-v3.2,dictator,46,5938,3,"I share $1,500 dollars.",1500.0,0.2526103065005052,7.545666217803955
deepseek/deepseek-v3.2,dictator,46,13578,1,I share 6789 dollars.,6789.0,0.5,7.589155435562134
deepseek/deepseek-v3.2,dictator,46,13578,2,I share 3000 dollars.,3000.0,0.2209456473707468,4.584547519683838
deepseek/deepseek-v3.2,dictator,46,13578,3,I share 4526 dollars,4526.0,0.3333333333333333,10.912031650543213
deepseek/deepseek-v3.2,dictator,46,46962,1,I share 23481 dollars.,23481.0,0.5,6.113320589065552
deepseek/deepseek-v3.2,dictator,46,46962,2,I share 23500 dollars,23500.0,0.5004045824283463,10.35289454460144
deepseek/deepseek-v3.2,dictator,46,46962,3,I share 23500 dollars.,23500.0,0.5004045824283463,5.790151357650757
deepseek/deepseek-v3.2,dictator,46,20531,1,I share 8000 dollars,8000.0,0.3896546685499976,6.409359455108643
deepseek/deepseek-v3.2,dictator,46,20531,2,I share 10265 dollars.,10265.0,0.49997564658321564,11.37123990058899
deepseek/deepseek-v3.2,dictator,46,20531,3,I share 10265 dollars.,10265.0,0.49997564658321564,6.02236795425415
deepseek/deepseek-v3.2,dictator,46,31054,1,I share 6200 dollars,6200.0,0.1996522187157854,10.756383895874023
deepseek/deepseek-v3.2,dictator,46,31054,2,"I share 11,000 dollars.",11000.0,0.35422167836671603,5.743754625320435
deepseek/deepseek-v3.2,dictator,46,31054,3,"I share $15,527 dollars",15527.0,0.5,6.018154859542847
deepseek/deepseek-v3.2,dictator,46,71000,1,I share 24850 dollars,24850.0,0.35,10.270563840866089
deepseek/deepseek-v3.2,dictator,46,71000,2,I share 35500 dollars.,35500.0,0.5,6.039240121841431
deepseek/deepseek-v3.2,dictator,46,71000,3,I share 35500 dollars.,35500.0,0.5,5.869832992553711
deepseek/deepseek-v3.2,dictator,46,107392,1,I share 50000 dollars.,50000.0,0.4655840286054827,6.931699752807617
deepseek/deepseek-v3.2,dictator,46,107392,2,"I share $40,000 dollars.",40000.0,0.37246722288438616,5.489047527313232
deepseek/deepseek-v3.2,dictator,46,107392,3,I share 50000 dollars.,50000.0,0.4655840286054827,10.425803184509277
deepseek/deepseek-v3.2,dictator,46,162379,1,"I share $50,000 dollars",50000.0,0.30792159084610693,5.766847848892212
deepseek/deepseek-v3.2,dictator,46,162379,2,I share 48637 dollars,48637.0,0.29952764827964207,10.648267984390259
deepseek/deepseek-v3.2,dictator,46,162379,3,I share 81000 dollars.,81000.0,0.49883297717069325,5.466299772262573
deepseek/deepseek-v3.2,dictator,48,2,1,I share 1 dollar.,1.0,0.5,11.503023386001587
deepseek/deepseek-v3.2,dictator,48,2,2,I share 1 dollar.,1.0,0.5,3.2790517807006836
deepseek/deepseek-v3.2,dictator,48,2,3,I share 1 dollar.,1.0,0.5,4.874700546264648
deepseek/deepseek-v3.2,dictator,48,1,1,I share 0.50 dollars.,0.5,0.5,11.5666663646698
deepseek/deepseek-v3.2,dictator,48,1,2,I share 0.40 dollars.,0.4,0.4,5.484074831008911
deepseek/deepseek-v3.2,dictator,48,1,3,I share 0.48 dollars.,0.48,0.48,4.6409289836883545
deepseek/deepseek-v3.2,dictator,46,250000,1,I share 125000 dollars.,125000.0,0.5,5.569863796234131
deepseek/deepseek-v3.2,dictator,46,250000,2,"I share 100,000 dollars.",100000.0,0.4,10.652686595916748
deepseek/deepseek-v3.2,dictator,46,250000,3,I share 125000 dollars.,125000.0,0.5,12.75017762184143
deepseek/deepseek-v3.2,dictator,48,5,1,I share 2 dollars,2.0,0.4,6.022886514663696
deepseek/deepseek-v3.2,dictator,48,5,2,I share 2 dollars.,2.0,0.4,12.588730812072754
deepseek/deepseek-v3.2,dictator,48,5,3,I share 2 dollars.,2.0,0.4,9.956895351409912
deepseek/deepseek-v3.2,dictator,48,3,1,I share 1.50 dollars.,1.5,0.5,8.390560388565063
deepseek/deepseek-v3.2,dictator,48,3,2,I share $1.50 dollars.,1.5,0.5,14.983633518218994
deepseek/deepseek-v3.2,dictator,48,3,3,I share 1 dollar.,1.0,0.3333333333333333,11.383020162582397
deepseek/deepseek-v3.2,dictator,48,8,1,I share 4 dollars.,4.0,0.5,12.988982439041138
deepseek/deepseek-v3.2,dictator,48,8,2,I share 4 dollars.,4.0,0.5,9.973696231842041
deepseek/deepseek-v3.2,dictator,48,8,3,I share 4 dollars.,4.0,0.5,11.047131538391113
deepseek/deepseek-v3.2,dictator,48,10,1,I share 5 dollars.,5.0,0.5,12.479876041412354
deepseek/deepseek-v3.2,dictator,48,10,2,I share 5 dollars.,5.0,0.5,10.590473175048828
deepseek/deepseek-v3.2,dictator,48,10,3,I share 4 dollars.,4.0,0.4,11.163164377212524
deepseek/deepseek-v3.2,dictator,48,12,1,I share 4 dollars.,4.0,0.3333333333333333,11.711202621459961
deepseek/deepseek-v3.2,dictator,48,12,2,I share 6 dollars.,6.0,0.5,10.665226221084595
deepseek/deepseek-v3.2,dictator,48,12,3,I share 6 dollars.,6.0,0.5,3.7838940620422363
deepseek/deepseek-v3.2,dictator,48,63,1,I share 31 dollars,31.0,0.49206349206349204,2.5125784873962402
deepseek/deepseek-v3.2,dictator,48,63,2,I share 28 dollars.,28.0,0.4444444444444444,0.7401111125946045
deepseek/deepseek-v3.2,dictator,48,63,3,I share 24 dollars.,24.0,0.38095238095238093,1.0523872375488281
deepseek/deepseek-v3.2,dictator,48,41,1,I share $20 dollars.,20.0,0.4878048780487805,4.728077411651611
deepseek/deepseek-v3.2,dictator,48,41,2,I share 20 dollars.,20.0,0.4878048780487805,2.0283055305480957
deepseek/deepseek-v3.2,dictator,48,41,3,I share 20 dollars.,20.0,0.4878048780487805,5.43358850479126
deepseek/deepseek-v3.2,dictator,48,27,1,I share 13 dollars.,13.0,0.48148148148148145,8.822827339172363
deepseek/deepseek-v3.2,dictator,48,27,2,I share 9 dollars,9.0,0.3333333333333333,5.445762395858765
deepseek/deepseek-v3.2,dictator,48,27,3,I share 13 dollars.,13.0,0.48148148148148145,8.68669056892395
deepseek/deepseek-v3.2,dictator,48,95,1,I share 40 dollars.,40.0,0.42105263157894735,2.0370380878448486
deepseek/deepseek-v3.2,dictator,48,95,2,I share 40 dollars.,40.0,0.42105263157894735,5.624917507171631
deepseek/deepseek-v3.2,dictator,48,95,3,I share 35 dollars.,35.0,0.3684210526315789,5.344581604003906
deepseek/deepseek-v3.2,dictator,48,217,1,I share 100 dollars.,100.0,0.4608294930875576,5.77543306350708
deepseek/deepseek-v3.2,dictator,48,217,2,I share 108 dollars.,108.0,0.4976958525345622,6.354542016983032
deepseek/deepseek-v3.2,dictator,48,217,3,I share 108 dollars.,108.0,0.4976958525345622,8.575282573699951
deepseek/deepseek-v3.2,dictator,48,328,1,I share 164 dollars,164.0,0.5,4.630759000778198
deepseek/deepseek-v3.2,dictator,48,328,2,I share 164 dollars,164.0,0.5,10.620935440063477
deepseek/deepseek-v3.2,dictator,48,328,3,I share 120 dollars.,120.0,0.36585365853658536,4.485861778259277
deepseek/deepseek-v3.2,dictator,48,144,1,I share 72 dollars,72.0,0.5,6.7363059520721436
deepseek/deepseek-v3.2,dictator,48,144,2,I share 72 dollars.,72.0,0.5,5.540619373321533
deepseek/deepseek-v3.2,dictator,48,144,3,I share 72 dollars.,72.0,0.5,15.922110080718994
deepseek/deepseek-v3.2,dictator,48,496,1,I share 248 dollars.,248.0,0.5,4.88208532333374
deepseek/deepseek-v3.2,dictator,48,496,2,I share 248 dollars.,248.0,0.5,13.327608823776245
deepseek/deepseek-v3.2,dictator,48,496,3,I share 150 dollars.,150.0,0.3024193548387097,6.023087501525879
deepseek/deepseek-v3.2,dictator,48,1135,1,I share 567 dollars.,567.0,0.4995594713656388,4.310804843902588
deepseek/deepseek-v3.2,dictator,48,1135,2,I share 340 dollars.,340.0,0.29955947136563876,4.618080377578735
deepseek/deepseek-v3.2,dictator,48,1135,3,I share 567 dollars,567.0,0.4995594713656388,12.690771341323853
deepseek/deepseek-v3.2,dictator,48,751,1,I share 225 dollars.,225.0,0.2996005326231691,5.928528308868408
deepseek/deepseek-v3.2,dictator,48,751,2,I share 300 dollars.,300.0,0.3994673768308921,5.474184036254883
deepseek/deepseek-v3.2,dictator,48,751,3,I share 376 dollars.,376.0,0.5006657789613849,11.535136938095093
deepseek/deepseek-v3.2,dictator,48,1717,1,I share 718 dollars.,718.0,0.4181712288875946,7.9208362102508545
deepseek/deepseek-v3.2,dictator,48,1717,2,I share 858 dollars.,858.0,0.49970879440885263,3.9014742374420166
deepseek/deepseek-v3.2,dictator,48,1717,3,I share 858 dollars,858.0,0.49970879440885263,11.025707483291626
deepseek/deepseek-v3.2,dictator,48,2596,1,I share 1000 dollars.,1000.0,0.3852080123266564,10.708926439285278
deepseek/deepseek-v3.2,dictator,48,2596,2,I share 1300 dollars,1300.0,0.5007704160246533,6.360228538513184
deepseek/deepseek-v3.2,dictator,48,2596,3,I share 1298 dollars.,1298.0,0.5,11.552438259124756
deepseek/deepseek-v3.2,dictator,48,3926,1,I share 1000 dollars.,1000.0,0.2547121752419766,2.2746899127960205
deepseek/deepseek-v3.2,dictator,48,3926,2,"I share 1,963 dollars.",1963.0,0.5,6.032527923583984
deepseek/deepseek-v3.2,dictator,48,3926,3,I share 1963 dollars.,1963.0,0.5,12.022799253463745
deepseek/deepseek-v3.2,dictator,48,8979,1,I share 2694 dollars,2694.0,0.300033411293017,6.935794830322266
deepseek/deepseek-v3.2,dictator,48,8979,2,I share 4490 dollars,4490.0,0.5000556854883618,10.222692012786865
deepseek/deepseek-v3.2,dictator,48,8979,3,I share 4489 dollars.,4489.0,0.4999443145116383,6.846831798553467
deepseek/deepseek-v3.2,dictator,48,5938,1,I share 2000 dollars,2000.0,0.33681374200067365,7.832475900650024
deepseek/deepseek-v3.2,dictator,48,5938,2,I share 1188 dollars.,1188.0,0.20006736274840015,12.296348571777344
deepseek/deepseek-v3.2,dictator,48,5938,3,I share 2970 dollars.,2970.0,0.5001684068710003,5.0874950885772705
deepseek/deepseek-v3.2,dictator,48,13578,1,I share 6000 dollars.,6000.0,0.4418912947414936,7.158754110336304
deepseek/deepseek-v3.2,dictator,48,13578,2,I share 4000 dollars.,4000.0,0.29459419649432905,4.936605453491211
deepseek/deepseek-v3.2,dictator,48,13578,3,I share 5000 dollars.,5000.0,0.3682427456179113,6.021987199783325
deepseek/deepseek-v3.2,dictator,48,20531,1,"I share 10,265 dollars.",10265.0,0.49997564658321564,4.5282440185546875
deepseek/deepseek-v3.2,dictator,48,20531,2,I share 8200 dollars.,8200.0,0.3993960352637475,6.663282632827759
deepseek/deepseek-v3.2,dictator,48,20531,3,I share 10265 dollars,10265.0,0.49997564658321564,5.575761556625366
deepseek/deepseek-v3.2,dictator,48,31054,1,I share 5000 dollars.,5000.0,0.16100985380305274,4.901500940322876
deepseek/deepseek-v3.2,dictator,48,31054,2,"I share $15,527 dollars.",15527.0,0.5,5.849417209625244
deepseek/deepseek-v3.2,dictator,48,31054,3,I share 8000 dollars,8000.0,0.2576157660848844,4.34075403213501
deepseek/deepseek-v3.2,dictator,48,46962,1,"I share 10,000 dollars.",10000.0,0.21293812018227504,5.232477188110352
deepseek/deepseek-v3.2,dictator,48,46962,2,"I share 23,481 dollars.",23481.0,0.5,5.434937238693237
deepseek/deepseek-v3.2,dictator,48,46962,3,"I share 15,000 dollars.",15000.0,0.3194071802734125,4.335372447967529
deepseek/deepseek-v3.2,dictator,48,71000,1,I share 35500 dollars.,35500.0,0.5,5.319391965866089
deepseek/deepseek-v3.2,dictator,48,71000,2,"I share 35,500 dollars.",35500.0,0.5,5.208984851837158
deepseek/deepseek-v3.2,dictator,48,71000,3,I share 28400 dollars.,28400.0,0.4,9.594468832015991
deepseek/deepseek-v3.2,dictator,48,107392,1,I share 26848 dollars.,26848.0,0.25,4.223869323730469
deepseek/deepseek-v3.2,dictator,48,107392,2,I share 40000 dollars,40000.0,0.37246722288438616,5.114156246185303
deepseek/deepseek-v3.2,dictator,48,107392,3,I share 53696 dollars.,53696.0,0.5,11.079788208007812
deepseek/deepseek-v3.2,dictator,48,162379,1,"I share $81,189 dollars.",81189.0,0.4999969207840915,4.83064603805542
deepseek/deepseek-v3.2,dictator,48,162379,2,"I share $80,000 dollars.",80000.0,0.49267454535377114,10.988450765609741
deepseek/deepseek-v3.2,dictator,48,162379,3,I share 48600 dollars.,48600.0,0.29929978630241594,6.483999252319336
deepseek/deepseek-v3.2,dictator,48,250000,1,"I share 124,000 dollars.",124000.0,0.496,7.161234617233276
deepseek/deepseek-v3.2,dictator,48,250000,2,I share 50000 dollars.,50000.0,0.2,10.754016160964966
deepseek/deepseek-v3.2,dictator,48,250000,3,"I share $50,000 dollars.",50000.0,0.2,6.265780448913574
deepseek/deepseek-v3.2,dictator,50,2,1,I share 1 dollar,1.0,0.5,10.965218782424927
deepseek/deepseek-v3.2,dictator,50,2,2,I share 1 dollar.,1.0,0.5,5.708280801773071
deepseek/deepseek-v3.2,dictator,50,2,3,I share 1 dollar,1.0,0.5,6.493904113769531
deepseek/deepseek-v3.2,dictator,50,1,1,I share $0.40 dollars.,0.4,0.4,7.6296937465667725
deepseek/deepseek-v3.2,dictator,50,1,2,I share 0.50 dollars.,0.5,0.5,12.186478614807129
deepseek/deepseek-v3.2,dictator,50,1,3,I share 0.40 dollars.,0.4,0.4,6.362506866455078
deepseek/deepseek-v3.2,dictator,50,5,1,I share $2.50 dollars.,2.5,0.5,10.561064958572388
deepseek/deepseek-v3.2,dictator,50,5,2,I share 2.50 dollars.,2.5,0.5,5.503795862197876
deepseek/deepseek-v3.2,dictator,50,5,3,I share 2.50 dollars,2.5,0.5,6.2049689292907715
deepseek/deepseek-v3.2,dictator,50,3,1,I share 1 dollars,1.0,0.3333333333333333,15.156586170196533
deepseek/deepseek-v3.2,dictator,50,3,2,I share 1.50 dollars.,1.5,0.5,4.791290760040283
deepseek/deepseek-v3.2,dictator,50,3,3,I share $0 dollars.,0.0,0.0,6.5357115268707275
deepseek/deepseek-v3.2,dictator,50,10,1,I share 5 dollars.,5.0,0.5,5.486355304718018
deepseek/deepseek-v3.2,dictator,50,10,2,I share 4 dollars.,4.0,0.4,3.3279190063476562
deepseek/deepseek-v3.2,dictator,50,10,3,I share 4 dollars.,4.0,0.4,6.654998540878296
deepseek/deepseek-v3.2,dictator,50,8,1,I share 4 dollars.,4.0,0.5,8.350863456726074
deepseek/deepseek-v3.2,dictator,50,8,2,I share 4 dollars.,4.0,0.5,2.477116107940674
deepseek/deepseek-v3.2,dictator,50,8,3,I share 4 dollars.,4.0,0.5,8.168344974517822
deepseek/deepseek-v3.2,dictator,50,12,1,I share 6 dollars.,6.0,0.5,2.69092059135437
deepseek/deepseek-v3.2,dictator,50,12,2,I share 6 dollars,6.0,0.5,6.607772350311279
deepseek/deepseek-v3.2,dictator,50,12,3,I share 6 dollars,6.0,0.5,8.200882911682129
deepseek/deepseek-v3.2,dictator,50,18,1,I share 9 dollars.,9.0,0.5,3.6174588203430176
deepseek/deepseek-v3.2,dictator,50,18,2,I share 9 dollars.,9.0,0.5,9.891565561294556
deepseek/deepseek-v3.2,dictator,50,18,3,I share 9 dollars.,9.0,0.5,5.218082666397095
deepseek/deepseek-v3.2,dictator,50,27,1,I share 10 dollars.,10.0,0.37037037037037035,2.8661715984344482
deepseek/deepseek-v3.2,dictator,50,27,2,I share 8 dollars.,8.0,0.2962962962962963,6.607107639312744
deepseek/deepseek-v3.2,dictator,50,27,3,I share 10 dollars.,10.0,0.37037037037037035,8.349241018295288
deepseek/deepseek-v3.2,dictator,50,63,1,I share 31 dollars.,31.0,0.49206349206349204,1.6868820190429688
deepseek/deepseek-v3.2,dictator,50,63,2,I share 21 dollars.,21.0,0.3333333333333333,7.637647867202759
deepseek/deepseek-v3.2,dictator,50,63,3,I share 25 dollars.,25.0,0.3968253968253968,6.035414695739746
deepseek/deepseek-v3.2,dictator,50,41,1,I share 20 dollars.,20.0,0.4878048780487805,10.736658811569214
deepseek/deepseek-v3.2,dictator,50,41,2,I share 20 dollars.,20.0,0.4878048780487805,6.754878282546997
deepseek/deepseek-v3.2,dictator,50,41,3,I share 20 dollars,20.0,0.4878048780487805,4.0832765102386475
deepseek/deepseek-v3.2,dictator,50,95,1,I share 47 dollars.,47.0,0.49473684210526314,7.712214469909668
deepseek/deepseek-v3.2,dictator,50,95,2,I share 47 dollars.,47.0,0.49473684210526314,5.711364269256592
deepseek/deepseek-v3.2,dictator,50,95,3,I share 40 dollars.,40.0,0.42105263157894735,6.606594085693359
deepseek/deepseek-v3.2,dictator,50,144,1,I share 72 dollars,72.0,0.5,4.4099650382995605
deepseek/deepseek-v3.2,dictator,50,144,2,I share 72 dollars.,72.0,0.5,6.2183167934417725
deepseek/deepseek-v3.2,dictator,50,144,3,I share 72 dollars.,72.0,0.5,13.071377277374268
deepseek/deepseek-v3.2,dictator,50,217,1,I share 100 dollars.,100.0,0.4608294930875576,1.8333392143249512
deepseek/deepseek-v3.2,dictator,50,217,2,I share 108 dollars.,108.0,0.4976958525345622,6.8314528465271
deepseek/deepseek-v3.2,dictator,50,217,3,I share 108 dollars.,108.0,0.4976958525345622,11.98011326789856
deepseek/deepseek-v3.2,dictator,50,496,1,I share $124 dollars,124.0,0.25,9.327881813049316
deepseek/deepseek-v3.2,dictator,50,496,2,I share 248 dollars.,248.0,0.5,7.4546730518341064
deepseek/deepseek-v3.2,dictator,50,496,3,I share 248 dollars.,248.0,0.5,2.337291717529297
deepseek/deepseek-v3.2,dictator,50,328,1,I share 164 dollars.,164.0,0.5,6.612699270248413
deepseek/deepseek-v3.2,dictator,50,328,2,I share 164 dollars.,164.0,0.5,11.279013633728027
deepseek/deepseek-v3.2,dictator,50,328,3,I share 164 dollars.,164.0,0.5,8.125182867050171
deepseek/deepseek-v3.2,dictator,50,1135,1,I share 567 dollars,567.0,0.4995594713656388,5.425616264343262
deepseek/deepseek-v3.2,dictator,50,1135,2,I share 450 dollars.,450.0,0.3964757709251101,7.68410062789917
deepseek/deepseek-v3.2,dictator,50,1135,3,I share 567 dollars,567.0,0.4995594713656388,4.612123489379883
deepseek/deepseek-v3.2,dictator,50,751,1,I share 250 dollars.,250.0,0.33288948069241014,8.032344102859497
deepseek/deepseek-v3.2,dictator,50,751,2,I share 200 dollars.,200.0,0.2663115845539281,7.309118747711182
deepseek/deepseek-v3.2,dictator,50,751,3,I share 300 dollars.,300.0,0.3994673768308921,6.539978504180908
deepseek/deepseek-v3.2,dictator,50,2596,1,I share 1298 dollars.,1298.0,0.5,6.528425931930542
deepseek/deepseek-v3.2,dictator,50,2596,2,I share 1298 dollars.,1298.0,0.5,4.4868550300598145
deepseek/deepseek-v3.2,dictator,50,2596,3,I share $1298 dollars.,1298.0,0.5,9.424663543701172
deepseek/deepseek-v3.2,dictator,50,1717,1,I share 500 dollars,500.0,0.29120559114735,7.5921311378479
deepseek/deepseek-v3.2,dictator,50,1717,2,I share 858 dollars,858.0,0.49970879440885263,3.8897030353546143
deepseek/deepseek-v3.2,dictator,50,1717,3,I share 500 dollars.,500.0,0.29120559114735,11.918295860290527
deepseek/deepseek-v3.2,dictator,50,13578,1,"I share 4,526 dollars.",4526.0,0.3333333333333333,8.896719694137573
deepseek/deepseek-v3.2,dictator,50,13578,2,I share 6780 dollars.,6780.0,0.4993371630578878,0.750906229019165
deepseek/deepseek-v3.2,dictator,50,13578,3,I share 6780 dollars,6780.0,0.4993371630578878,6.870225191116333
deepseek/deepseek-v3.2,dictator,50,5938,1,I share 2000 dollars.,2000.0,0.33681374200067365,8.296879053115845
deepseek/deepseek-v3.2,dictator,50,5938,2,"I share 2,969 dollars",2969.0,0.5,11.603721857070923
deepseek/deepseek-v3.2,dictator,50,5938,3,I share 2970 dollars.,2970.0,0.5001684068710003,7.013170003890991
deepseek/deepseek-v3.2,dictator,50,3926,1,I share 1963 dollars.,1963.0,0.5,11.659593343734741
deepseek/deepseek-v3.2,dictator,50,3926,2,"I share $1,963 dollars.",1963.0,0.5,11.039031744003296
deepseek/deepseek-v3.2,dictator,50,3926,3,I share 1963 dollars.,1963.0,0.5,8.26527452468872
deepseek/deepseek-v3.2,dictator,50,8979,1,I share 4489 dollars.,4489.0,0.4999443145116383,2.296476125717163
deepseek/deepseek-v3.2,dictator,50,8979,2,I share 4490 dollars,4490.0,0.5000556854883618,21.63730025291443
deepseek/deepseek-v3.2,dictator,50,8979,3,"I share $4,489 dollars.",4489.0,0.4999443145116383,3.395145893096924
deepseek/deepseek-v3.2,dictator,50,46962,1,I share 23500 dollars,23500.0,0.5004045824283463,4.592328786849976
deepseek/deepseek-v3.2,dictator,50,46962,2,I share 20000 dollars.,20000.0,0.4258762403645501,6.111794710159302
deepseek/deepseek-v3.2,dictator,50,46962,3,I share 15000 dollars,15000.0,0.3194071802734125,0.7257921695709229
deepseek/deepseek-v3.2,dictator,50,31054,1,I share 15527 dollars.,15527.0,0.5,5.599635124206543
deepseek/deepseek-v3.2,dictator,50,31054,2,I share 15527 dollars,15527.0,0.5,6.10877799987793
deepseek/deepseek-v3.2,dictator,50,31054,3,I share 15527 dollars.,15527.0,0.5,0.799492359161377
deepseek/deepseek-v3.2,dictator,50,20531,1,"I share 10,265 dollars.",10265.0,0.49997564658321564,5.597091436386108
deepseek/deepseek-v3.2,dictator,50,20531,2,I share 10265 dollars.,10265.0,0.49997564658321564,2.1897456645965576
deepseek/deepseek-v3.2,dictator,50,20531,3,I share 10265 dollars.,10265.0,0.49997564658321564,6.165559768676758
deepseek/deepseek-v3.2,dictator,50,162379,1,I share 81189 dollars,81189.0,0.4999969207840915,0.7509469985961914
deepseek/deepseek-v3.2,dictator,50,162379,2,I share 81189 dollars,81189.0,0.4999969207840915,0.643134355545044
deepseek/deepseek-v3.2,dictator,50,162379,3,I share 81189 dollars.,81189.0,0.4999969207840915,6.123276472091675
deepseek/deepseek-v3.2,dictator,50,71000,1,I share 35500 dollars.,35500.0,0.5,6.160539388656616
deepseek/deepseek-v3.2,dictator,50,71000,2,I share 35550 dollars,35550.0,0.5007042253521127,1.4709553718566895
deepseek/deepseek-v3.2,dictator,50,71000,3,I share 14200 dollars.,14200.0,0.2,7.876850843429565
deepseek/deepseek-v3.2,dictator,50,250000,1,"I share 125,000 dollars.",125000.0,0.5,6.497524261474609
deepseek/deepseek-v3.2,dictator,50,250000,2,"I share $125,000 dollars.",125000.0,0.5,2.190225839614868
deepseek/deepseek-v3.2,dictator,50,250000,3,"I share $125,000 dollars.",125000.0,0.5,12.43863821029663
deepseek/deepseek-v3.2,dictator,50,107392,1,"I share 50,000 dollars.",50000.0,0.4655840286054827,2.0771853923797607
deepseek/deepseek-v3.2,dictator,50,107392,2,I share 53700 dollars,53700.0,0.5000372467222884,10.299943447113037
deepseek/deepseek-v3.2,dictator,50,107392,3,I share 45000 dollars.,45000.0,0.41902562574493446,12.986971616744995
deepseek/deepseek-v3.2,dictator,52,1,1,I share 0.40 dollars.,0.4,0.4,14.101013660430908
deepseek/deepseek-v3.2,dictator,52,1,2,I share 0.40 dollars.,0.4,0.4,11.583298206329346
deepseek/deepseek-v3.2,dictator,52,1,3,I share 0.50 dollars.,0.5,0.5,5.255498647689819
deepseek/deepseek-v3.2,dictator,52,2,1,I share 0.50 dollars,0.5,0.25,11.179510354995728
deepseek/deepseek-v3.2,dictator,52,2,2,I share 1 dollar.,1.0,0.5,12.818317651748657
deepseek/deepseek-v3.2,dictator,52,2,3,I share 1 dollars.,1.0,0.5,7.4928107261657715
deepseek/deepseek-v3.2,dictator,52,3,1,I share 1 dollars,1.0,0.3333333333333333,12.61939787864685
deepseek/deepseek-v3.2,dictator,52,3,2,I share $1.50 dollars.,1.5,0.5,5.3279805183410645
deepseek/deepseek-v3.2,dictator,52,3,3,I share 1.50 dollars.,1.5,0.5,3.9978044033050537
deepseek/deepseek-v3.2,dictator,52,5,1,I share 2 dollars.,2.0,0.4,8.674952745437622
deepseek/deepseek-v3.2,dictator,52,5,2,I share 2 dollars.,2.0,0.4,5.333414793014526
deepseek/deepseek-v3.2,dictator,52,5,3,I share 2 dollars.,2.0,0.4,4.1312339305877686
deepseek/deepseek-v3.2,dictator,52,8,1,I share 3 dollars.,3.0,0.375,5.951742887496948
deepseek/deepseek-v3.2,dictator,52,8,2,I share 3 dollars.,3.0,0.375,5.753351449966431
deepseek/deepseek-v3.2,dictator,52,8,3,I share 4 dollars.,4.0,0.5,9.005295515060425
deepseek/deepseek-v3.2,dictator,52,10,1,I share 4 dollars.,4.0,0.4,2.4096827507019043
deepseek/deepseek-v3.2,dictator,52,10,2,I share 4 dollars.,4.0,0.4,6.484880208969116
deepseek/deepseek-v3.2,dictator,52,10,3,I share 4 dollars.,4.0,0.4,16.67756223678589
deepseek/deepseek-v3.2,dictator,52,12,1,I share 4 dollars.,4.0,0.3333333333333333,7.19564414024353
deepseek/deepseek-v3.2,dictator,52,12,2,I share 6 dollars.,6.0,0.5,7.688228607177734
deepseek/deepseek-v3.2,dictator,52,12,3,I share 6 dollars,6.0,0.5,12.2097647190094
deepseek/deepseek-v3.2,dictator,52,18,1,I share 9 dollars.,9.0,0.5,14.740532875061035
deepseek/deepseek-v3.2,dictator,52,18,2,I share 9 dollars.,9.0,0.5,11.7403244972229
deepseek/deepseek-v3.2,dictator,52,18,3,I share 9 dollars.,9.0,0.5,2.323694944381714
deepseek/deepseek-v3.2,dictator,52,27,1,I share 10 dollars.,10.0,0.37037037037037035,10.131232261657715
deepseek/deepseek-v3.2,dictator,52,27,2,I share 13 dollars.,13.0,0.48148148148148145,2.544644832611084
deepseek/deepseek-v3.2,dictator,52,27,3,I share 10 dollars.,10.0,0.37037037037037035,7.310460567474365
deepseek/deepseek-v3.2,dictator,52,41,1,I share 0 dollars.,0.0,0.0,4.908556222915649
deepseek/deepseek-v3.2,dictator,52,41,2,I share 10 dollars.,10.0,0.24390243902439024,9.267265319824219
deepseek/deepseek-v3.2,dictator,52,41,3,I share 10 dollars.,10.0,0.24390243902439024,3.5457470417022705
deepseek/deepseek-v3.2,dictator,52,95,1,I share 30 dollars.,30.0,0.3157894736842105,8.428706169128418
deepseek/deepseek-v3.2,dictator,52,95,2,I share 47 dollars.,47.0,0.49473684210526314,3.6736257076263428
deepseek/deepseek-v3.2,dictator,52,95,3,I share 40 dollars.,40.0,0.42105263157894735,6.446670055389404
deepseek/deepseek-v3.2,dictator,52,63,1,I share 21 dollars.,21.0,0.3333333333333333,3.0059592723846436
deepseek/deepseek-v3.2,dictator,52,63,2,I share 20 dollars.,20.0,0.31746031746031744,6.0298027992248535
deepseek/deepseek-v3.2,dictator,52,63,3,I share 0 dollars.,0.0,0.0,13.512340784072876
deepseek/deepseek-v3.2,dictator,52,144,1,I share 72 dollars,72.0,0.5,7.858176946640015
deepseek/deepseek-v3.2,dictator,52,144,2,I share 72 dollars.,72.0,0.5,10.675304174423218
deepseek/deepseek-v3.2,dictator,52,144,3,I share 72 dollars.,72.0,0.5,5.752887010574341
deepseek/deepseek-v3.2,dictator,52,496,1,I share 124 dollars.,124.0,0.25,10.542642593383789
deepseek/deepseek-v3.2,dictator,52,496,2,I share 248 dollars.,248.0,0.5,4.6679911613464355
deepseek/deepseek-v3.2,dictator,52,496,3,I share 248 dollars.,248.0,0.5,5.257072687149048
deepseek/deepseek-v3.2,dictator,52,217,1,I share 108 dollars.,108.0,0.4976958525345622,10.287469863891602
deepseek/deepseek-v3.2,dictator,52,217,2,I share 104 dollars.,104.0,0.4792626728110599,12.03635573387146
deepseek/deepseek-v3.2,dictator,52,217,3,I share 108 dollars.,108.0,0.4976958525345622,6.660454750061035
deepseek/deepseek-v3.2,dictator,52,328,1,I share 110 dollars.,110.0,0.3353658536585366,13.352304935455322
deepseek/deepseek-v3.2,dictator,52,328,2,I share 164 dollars,164.0,0.5,4.49670672416687
deepseek/deepseek-v3.2,dictator,52,328,3,I share 164 dollars.,164.0,0.5,7.91084098815918
deepseek/deepseek-v3.2,dictator,52,751,1,I share 150 dollars.,150.0,0.19973368841544606,5.160120725631714
deepseek/deepseek-v3.2,dictator,52,751,2,I share 300 dollars.,300.0,0.3994673768308921,17.698774814605713
deepseek/deepseek-v3.2,dictator,52,751,3,I share 200 dollars,200.0,0.2663115845539281,8.952415466308594
deepseek/deepseek-v3.2,dictator,52,2596,1,I share 1298 dollars.,1298.0,0.5,11.209603548049927
deepseek/deepseek-v3.2,dictator,52,2596,2,I share 1298 dollars.,1298.0,0.5,7.146519422531128
deepseek/deepseek-v3.2,dictator,52,2596,3,I share 1298 dollars.,1298.0,0.5,6.291419744491577
deepseek/deepseek-v3.2,dictator,52,1135,1,I share 400 dollars.,400.0,0.3524229074889868,14.229621648788452
deepseek/deepseek-v3.2,dictator,52,1135,2,I share 400 dollars.,400.0,0.3524229074889868,7.429442405700684
deepseek/deepseek-v3.2,dictator,52,1135,3,I share 567 dollars,567.0,0.4995594713656388,6.233195543289185
deepseek/deepseek-v3.2,dictator,52,1717,1,I share 858 dollars.,858.0,0.49970879440885263,17.689571142196655
deepseek/deepseek-v3.2,dictator,52,1717,2,I share 858 dollars.,858.0,0.49970879440885263,10.090261220932007
deepseek/deepseek-v3.2,dictator,52,1717,3,I share 858 dollars,858.0,0.49970879440885263,7.077495336532593
deepseek/deepseek-v3.2,dictator,52,3926,1,I share 1963 dollars.,1963.0,0.5,3.085482358932495
deepseek/deepseek-v3.2,dictator,52,3926,2,I share 1500 dollars.,1500.0,0.38206826286296486,5.335541725158691
deepseek/deepseek-v3.2,dictator,52,3926,3,I share 1963 dollars.,1963.0,0.5,6.828496694564819
deepseek/deepseek-v3.2,dictator,52,13578,1,I share 3000 dollars,3000.0,0.2209456473707468,5.141071081161499
deepseek/deepseek-v3.2,dictator,52,13578,2,I share 6780 dollars.,6780.0,0.4993371630578878,5.958180904388428
deepseek/deepseek-v3.2,dictator,52,13578,3,I share 6780 dollars.,6780.0,0.4993371630578878,1.0037355422973633
deepseek/deepseek-v3.2,dictator,52,8979,1,I share 4489 dollars.,4489.0,0.4999443145116383,6.848002910614014
deepseek/deepseek-v3.2,dictator,52,8979,2,I share 4489 dollars.,4489.0,0.4999443145116383,6.7143776416778564
deepseek/deepseek-v3.2,dictator,52,8979,3,I share 4000 dollars.,4000.0,0.44548390689386347,6.692723274230957
deepseek/deepseek-v3.2,dictator,52,5938,1,I share 2970 dollars.,2970.0,0.5001684068710003,7.681901693344116
deepseek/deepseek-v3.2,dictator,52,5938,2,I share 2500 dollars.,2500.0,0.42101717750084205,7.22869086265564
deepseek/deepseek-v3.2,dictator,52,5938,3,"I share $2,500 dollars.",2500.0,0.42101717750084205,5.764087677001953
deepseek/deepseek-v3.2,dictator,52,46962,1,"I share 10,000 dollars.",10000.0,0.21293812018227504,10.233651161193848
deepseek/deepseek-v3.2,dictator,52,46962,2,I share 20000 dollars.,20000.0,0.4258762403645501,1.0218114852905273
deepseek/deepseek-v3.2,dictator,52,46962,3,I share 0 dollars.,0.0,0.0,6.402749538421631
deepseek/deepseek-v3.2,dictator,52,31054,1,I share 15527 dollars.,15527.0,0.5,0.7194948196411133
deepseek/deepseek-v3.2,dictator,52,31054,2,I share 12000 dollars.,12000.0,0.3864236491273266,11.231419801712036
deepseek/deepseek-v3.2,dictator,52,31054,3,I share 10000 dollars.,10000.0,0.3220197076061055,7.022799491882324
deepseek/deepseek-v3.2,dictator,52,20531,1,I share 10265 dollars.,10265.0,0.49997564658321564,6.233707904815674
deepseek/deepseek-v3.2,dictator,52,20531,2,I share 10265 dollars.,10265.0,0.49997564658321564,11.613882541656494
deepseek/deepseek-v3.2,dictator,52,20531,3,"I share 10,265 dollars",10265.0,0.49997564658321564,7.879712820053101
deepseek/deepseek-v3.2,dictator,52,71000,1,"I share 35,500 dollars.",35500.0,0.5,12.834423780441284
deepseek/deepseek-v3.2,dictator,52,71000,2,I share 35500 dollars.,35500.0,0.5,7.703361511230469
deepseek/deepseek-v3.2,dictator,52,71000,3,I share 35500 dollars.,35500.0,0.5,5.187106132507324
deepseek/deepseek-v3.2,dictator,52,162379,1,I share 65000 dollars.,65000.0,0.400298068099939,6.762512683868408
deepseek/deepseek-v3.2,dictator,52,162379,2,I share 40000 dollars,40000.0,0.24633727267688557,11.014219999313354
deepseek/deepseek-v3.2,dictator,52,162379,3,I share 80000 dollars.,80000.0,0.49267454535377114,11.2332181930542
deepseek/deepseek-v3.2,dictator,52,107392,1,"I share 30,000 dollars.",30000.0,0.2793504171632896,8.795237302780151
deepseek/deepseek-v3.2,dictator,52,107392,2,I share 40000 dollars.,40000.0,0.37246722288438616,11.359197854995728
deepseek/deepseek-v3.2,dictator,52,107392,3,"I share $53,696 dollars.",53696.0,0.5,10.938148260116577
deepseek/deepseek-v3.2,dictator,54,1,1,I share 0 dollars.,0.0,0.0,11.844773054122925
deepseek/deepseek-v3.2,dictator,54,1,2,I share 0 dollars.,0.0,0.0,10.258028268814087
deepseek/deepseek-v3.2,dictator,54,1,3,I share 0 dollars.,0.0,0.0,5.654892206192017
deepseek/deepseek-v3.2,dictator,52,250000,1,I share 75000 dollars,75000.0,0.3,7.024638652801514
deepseek/deepseek-v3.2,dictator,52,250000,2,I share 125000 dollars.,125000.0,0.5,10.817542552947998
deepseek/deepseek-v3.2,dictator,52,250000,3,I share 0 dollars.,0.0,0.0,12.009904384613037
deepseek/deepseek-v3.2,dictator,54,2,1,I share 1 dollar.,1.0,0.5,7.042315244674683
deepseek/deepseek-v3.2,dictator,54,2,2,I share 1 dollar.,1.0,0.5,6.336544752120972
deepseek/deepseek-v3.2,dictator,54,2,3,I share 1 dollars,1.0,0.5,5.916616201400757
deepseek/deepseek-v3.2,dictator,54,3,1,I share 1.50 dollars.,1.5,0.5,7.635266065597534
deepseek/deepseek-v3.2,dictator,54,3,2,I share 1 dollar.,1.0,0.3333333333333333,5.007981061935425
deepseek/deepseek-v3.2,dictator,54,3,3,I share 1 dollar.,1.0,0.3333333333333333,5.546730279922485
deepseek/deepseek-v3.2,dictator,54,5,1,I share 2 dollars.,2.0,0.4,7.314356565475464
deepseek/deepseek-v3.2,dictator,54,5,2,I share $2.50 dollars.,2.5,0.5,7.268569469451904
deepseek/deepseek-v3.2,dictator,54,5,3,I share 2 dollars.,2.0,0.4,7.236424684524536
deepseek/deepseek-v3.2,dictator,54,8,1,I share 4 dollars.,4.0,0.5,6.207524538040161
deepseek/deepseek-v3.2,dictator,54,8,2,I share 3 dollars.,3.0,0.375,9.941928148269653
deepseek/deepseek-v3.2,dictator,54,8,3,I share 3 dollars.,3.0,0.375,7.36099648475647
deepseek/deepseek-v3.2,dictator,54,10,1,I share 5 dollars.,5.0,0.5,10.46614694595337
deepseek/deepseek-v3.2,dictator,54,10,2,I share 4 dollars.,4.0,0.4,9.21438193321228
deepseek/deepseek-v3.2,dictator,54,10,3,I share 3 dollars.,3.0,0.3,5.589763164520264
deepseek/deepseek-v3.2,dictator,54,12,1,I share 5 dollars.,5.0,0.4166666666666667,11.601877212524414
deepseek/deepseek-v3.2,dictator,54,12,2,I share 6 dollars.,6.0,0.5,7.483509302139282
deepseek/deepseek-v3.2,dictator,54,12,3,I share 4 dollars.,4.0,0.3333333333333333,5.59228777885437
deepseek/deepseek-v3.2,dictator,54,18,1,I share 9 dollars.,9.0,0.5,8.553590536117554
deepseek/deepseek-v3.2,dictator,54,18,2,I share 9 dollars,9.0,0.5,5.832208871841431
deepseek/deepseek-v3.2,dictator,54,18,3,I share 9 dollars.,9.0,0.5,5.218488454818726
deepseek/deepseek-v3.2,dictator,54,27,1,I share 13 dollars.,13.0,0.48148148148148145,5.499422073364258
deepseek/deepseek-v3.2,dictator,54,27,2,I share 13 dollars.,13.0,0.48148148148148145,5.4183008670806885
deepseek/deepseek-v3.2,dictator,54,27,3,I share 10 dollars.,10.0,0.37037037037037035,7.54600191116333
deepseek/deepseek-v3.2,dictator,54,41,1,I share 20 dollars.,20.0,0.4878048780487805,4.343691110610962
deepseek/deepseek-v3.2,dictator,54,41,2,I share 0 dollars.,0.0,0.0,5.526403903961182
deepseek/deepseek-v3.2,dictator,54,41,3,I share $20 dollars.,20.0,0.4878048780487805,5.099066734313965
deepseek/deepseek-v3.2,dictator,54,63,1,I share 31 dollars,31.0,0.49206349206349204,5.141417741775513
deepseek/deepseek-v3.2,dictator,54,63,2,I share 20 dollars.,20.0,0.31746031746031744,4.8867387771606445
deepseek/deepseek-v3.2,dictator,54,63,3,I share 21 dollars.,21.0,0.3333333333333333,5.565698146820068
deepseek/deepseek-v3.2,dictator,54,144,1,I share 54 dollars.,54.0,0.375,4.381440877914429
deepseek/deepseek-v3.2,dictator,54,144,2,I share 72 dollars.,72.0,0.5,1.487825632095337
deepseek/deepseek-v3.2,dictator,54,144,3,I share 72 dollars.,72.0,0.5,6.567408800125122
deepseek/deepseek-v3.2,dictator,54,95,1,I share 45 dollars.,45.0,0.47368421052631576,12.248591184616089
deepseek/deepseek-v3.2,dictator,54,95,2,I share 30 dollars.,30.0,0.3157894736842105,7.054076433181763
deepseek/deepseek-v3.2,dictator,54,95,3,I share 48 dollars.,48.0,0.5052631578947369,4.444716215133667
deepseek/deepseek-v3.2,dictator,54,328,1,I share 164 dollars.,164.0,0.5,7.450025320053101
deepseek/deepseek-v3.2,dictator,54,328,2,I share 110 dollars.,110.0,0.3353658536585366,5.728614807128906
deepseek/deepseek-v3.2,dictator,54,328,3,I share 82 dollars,82.0,0.25,3.7868540287017822
deepseek/deepseek-v3.2,dictator,54,217,1,I share 80 dollars.,80.0,0.3686635944700461,2.5771825313568115
deepseek/deepseek-v3.2,dictator,54,217,2,I share 50 dollars.,50.0,0.2304147465437788,5.11458158493042
deepseek/deepseek-v3.2,dictator,54,217,3,I share 43 dollars.,43.0,0.19815668202764977,10.529335260391235
deepseek/deepseek-v3.2,dictator,54,496,1,I share 124 dollars.,124.0,0.25,6.781593084335327
deepseek/deepseek-v3.2,dictator,54,496,2,I share 124 dollars,124.0,0.25,4.50041651725769
deepseek/deepseek-v3.2,dictator,54,496,3,I share 124 dollars.,124.0,0.25,8.878244876861572
deepseek/deepseek-v3.2,dictator,54,1135,1,I share 400 dollars,400.0,0.3524229074889868,9.60623550415039
deepseek/deepseek-v3.2,dictator,54,1135,2,I share 567 dollars.,567.0,0.4995594713656388,1.1103899478912354
deepseek/deepseek-v3.2,dictator,54,1135,3,I share 400 dollars.,400.0,0.3524229074889868,5.937594652175903
deepseek/deepseek-v3.2,dictator,54,751,1,I share 300 dollars.,300.0,0.3994673768308921,7.604215621948242
deepseek/deepseek-v3.2,dictator,54,751,2,I share 250 dollars.,250.0,0.33288948069241014,8.572913408279419
deepseek/deepseek-v3.2,dictator,54,751,3,I share 150 dollars.,150.0,0.19973368841544606,6.596254348754883
deepseek/deepseek-v3.2,dictator,54,1717,1,I share 800 dollars.,800.0,0.46592894583576006,12.048351049423218
deepseek/deepseek-v3.2,dictator,54,1717,2,I share 450 dollars.,450.0,0.262085032032615,6.621919631958008
deepseek/deepseek-v3.2,dictator,54,1717,3,I share 850 dollars.,850.0,0.49504950495049505,4.811087131500244
deepseek/deepseek-v3.2,dictator,54,2596,1,I share 1298 dollars.,1298.0,0.5,5.985186338424683
deepseek/deepseek-v3.2,dictator,54,2596,2,I share 1298 dollars.,1298.0,0.5,6.058613061904907
deepseek/deepseek-v3.2,dictator,54,2596,3,I share 700 dollars,700.0,0.2696456086286595,11.552233219146729
deepseek/deepseek-v3.2,dictator,54,5938,1,I share 2970 dollars.,2970.0,0.5001684068710003,14.992837190628052
deepseek/deepseek-v3.2,dictator,54,5938,2,I share 2970 dollars.,2970.0,0.5001684068710003,5.117246389389038
deepseek/deepseek-v3.2,dictator,54,5938,3,I share 2500 dollars.,2500.0,0.42101717750084205,3.965183973312378
deepseek/deepseek-v3.2,dictator,54,3926,1,I share 500 dollars.,500.0,0.1273560876209883,7.076343059539795
deepseek/deepseek-v3.2,dictator,54,3926,2,I share 784 dollars.,784.0,0.19969434538970962,12.386469602584839
deepseek/deepseek-v3.2,dictator,54,3926,3,I share 785 dollars.,785.0,0.1999490575649516,6.095519542694092
deepseek/deepseek-v3.2,dictator,54,8979,1,I share 898 dollars.,898.0,0.10001113709767234,12.15033745765686
deepseek/deepseek-v3.2,dictator,54,8979,2,I share 2000 dollars.,2000.0,0.22274195344693173,5.907299041748047
deepseek/deepseek-v3.2,dictator,54,8979,3,I share 2693 dollars.,2693.0,0.29992204031629355,9.457320928573608
deepseek/deepseek-v3.2,dictator,54,13578,1,I share 6780 dollars.,6780.0,0.4993371630578878,6.618507146835327
deepseek/deepseek-v3.2,dictator,54,13578,2,I share 6780 dollars.,6780.0,0.4993371630578878,9.637346506118774
deepseek/deepseek-v3.2,dictator,54,13578,3,I share 6780 dollars,6780.0,0.4993371630578878,5.757544994354248
deepseek/deepseek-v3.2,dictator,54,31054,1,I share 9316 dollars.,9316.0,0.2999935596058479,8.143072605133057
deepseek/deepseek-v3.2,dictator,54,31054,2,I share 15000 dollars.,15000.0,0.48302956140915826,5.437415361404419
deepseek/deepseek-v3.2,dictator,54,31054,3,"I share 12,422 dollars.",12422.0,0.40001288078830427,5.748637437820435
deepseek/deepseek-v3.2,dictator,54,20531,1,I share 8200 dollars,8200.0,0.3993960352637475,12.099491834640503
deepseek/deepseek-v3.2,dictator,54,20531,2,I share 4106 dollars,4106.0,0.19999025863328626,3.154792308807373
deepseek/deepseek-v3.2,dictator,54,20531,3,"I share 7,000 dollars",7000.0,0.34094783498124787,6.574873447418213
deepseek/deepseek-v3.2,dictator,54,46962,1,I share 5000 dollars.,5000.0,0.10646906009113752,4.360913991928101
deepseek/deepseek-v3.2,dictator,54,46962,2,"I share $9,392 dollars.",9392.0,0.19999148247519272,5.207048177719116
deepseek/deepseek-v3.2,dictator,54,46962,3,"I share $15,000 dollars.",15000.0,0.3194071802734125,7.863505840301514
deepseek/deepseek-v3.2,dictator,54,71000,1,I share 35500 dollars.,35500.0,0.5,6.808935642242432
deepseek/deepseek-v3.2,dictator,54,71000,2,"I share 15,000 dollars.",15000.0,0.2112676056338028,5.422250986099243
deepseek/deepseek-v3.2,dictator,54,71000,3,I share 0 dollars.,0.0,0.0,6.82565975189209
deepseek/deepseek-v3.2,dictator,54,162379,1,"I share $40,000 dollars.",40000.0,0.24633727267688557,3.5453884601593018
deepseek/deepseek-v3.2,dictator,54,162379,2,I share 80000 dollars,80000.0,0.49267454535377114,5.4095447063446045
deepseek/deepseek-v3.2,dictator,54,162379,3,I share 65000 dollars.,65000.0,0.400298068099939,10.315029382705688
deepseek/deepseek-v3.2,dictator,54,107392,1,I share 20000 dollars,20000.0,0.18623361144219308,6.417688369750977
deepseek/deepseek-v3.2,dictator,54,107392,2,"I share $40,000 dollars.",40000.0,0.37246722288438616,5.619991779327393
deepseek/deepseek-v3.2,dictator,54,107392,3,I share 0 dollars.,0.0,0.0,11.349603652954102
deepseek/deepseek-v3.2,dictator,54,250000,1,"I share 100,000 dollars.",100000.0,0.4,4.750611305236816
deepseek/deepseek-v3.2,dictator,54,250000,2,I share 37500 dollars.,37500.0,0.15,11.93954586982727
deepseek/deepseek-v3.2,dictator,54,250000,3,"I share 80,000 dollars.",80000.0,0.32,4.814203500747681
deepseek/deepseek-v3.2,dictator,56,1,1,I share 0.20 dollars.,0.2,0.2,9.531008958816528
deepseek/deepseek-v3.2,dictator,56,1,2,I share 0 dollars.,0.0,0.0,5.60925030708313
deepseek/deepseek-v3.2,dictator,56,1,3,I share 0.50 dollars,0.5,0.5,7.008476257324219
deepseek/deepseek-v3.2,dictator,56,2,1,I share 0 dollars.,0.0,0.0,7.905670642852783
deepseek/deepseek-v3.2,dictator,56,2,2,I share 1 dollar.,1.0,0.5,8.22930097579956
deepseek/deepseek-v3.2,dictator,56,2,3,I share 1 dollar.,1.0,0.5,4.024590015411377
deepseek/deepseek-v3.2,dictator,56,5,1,I share 2 dollars.,2.0,0.4,9.816570281982422
deepseek/deepseek-v3.2,dictator,56,5,2,I share $2.50 dollars.,2.5,0.5,2.77490234375
deepseek/deepseek-v3.2,dictator,56,5,3,I share 2 dollars,2.0,0.4,11.063023567199707
deepseek/deepseek-v3.2,dictator,56,3,1,I share $1.50 dollars.,1.5,0.5,10.860268354415894
deepseek/deepseek-v3.2,dictator,56,3,2,I share 1 dollar,1.0,0.3333333333333333,8.24763822555542
deepseek/deepseek-v3.2,dictator,56,3,3,I share 1 dollars,1.0,0.3333333333333333,11.08337688446045
deepseek/deepseek-v3.2,dictator,56,8,1,I share 3 dollars.,3.0,0.375,5.944268226623535
deepseek/deepseek-v3.2,dictator,56,8,2,I share 3 dollars.,3.0,0.375,9.629781246185303
deepseek/deepseek-v3.2,dictator,56,8,3,I share 3 dollars.,3.0,0.375,7.554086923599243
deepseek/deepseek-v3.2,dictator,56,10,1,I share 4 dollars.,4.0,0.4,11.13995361328125
deepseek/deepseek-v3.2,dictator,56,10,2,I share 3 dollars.,3.0,0.3,6.53235387802124
deepseek/deepseek-v3.2,dictator,56,10,3,I share 2 dollars.,2.0,0.2,11.861555099487305
deepseek/deepseek-v3.2,dictator,56,18,1,I share 6 dollars.,6.0,0.3333333333333333,3.9177472591400146
deepseek/deepseek-v3.2,dictator,56,18,2,I share 6 dollars.,6.0,0.3333333333333333,11.62775731086731
deepseek/deepseek-v3.2,dictator,56,18,3,I share 9 dollars.,9.0,0.5,4.463040590286255
deepseek/deepseek-v3.2,dictator,56,12,1,I share 4 dollars.,4.0,0.3333333333333333,5.443458318710327
deepseek/deepseek-v3.2,dictator,56,12,2,I share 4 dollars,4.0,0.3333333333333333,12.061960220336914
deepseek/deepseek-v3.2,dictator,56,12,3,I share 4 dollars.,4.0,0.3333333333333333,3.704542636871338
deepseek/deepseek-v3.2,dictator,56,27,1,I share 13 dollars.,13.0,0.48148148148148145,11.373022317886353
deepseek/deepseek-v3.2,dictator,56,27,2,I share $13 dollars.,13.0,0.48148148148148145,5.043152809143066
deepseek/deepseek-v3.2,dictator,56,27,3,I share 10 dollars.,10.0,0.37037037037037035,5.101107358932495
deepseek/deepseek-v3.2,dictator,56,41,1,I share 10 dollars.,10.0,0.24390243902439024,3.7583422660827637
deepseek/deepseek-v3.2,dictator,56,41,2,I share 15 dollars.,15.0,0.36585365853658536,5.341245174407959
deepseek/deepseek-v3.2,dictator,56,41,3,I share $8 dollars.,8.0,0.1951219512195122,6.941959857940674
deepseek/deepseek-v3.2,dictator,56,95,1,I share 20 dollars.,20.0,0.21052631578947367,6.57040548324585
deepseek/deepseek-v3.2,dictator,56,95,2,I share 45 dollars.,45.0,0.47368421052631576,6.023160219192505
deepseek/deepseek-v3.2,dictator,56,95,3,I share 40 dollars.,40.0,0.42105263157894735,10.31912350654602
deepseek/deepseek-v3.2,dictator,56,63,1,I share 31 dollars.,31.0,0.49206349206349204,8.196115255355835
deepseek/deepseek-v3.2,dictator,56,63,2,I share 31 dollars.,31.0,0.49206349206349204,8.968533754348755
deepseek/deepseek-v3.2,dictator,56,63,3,I share 25 dollars.,25.0,0.3968253968253968,11.0636146068573
deepseek/deepseek-v3.2,dictator,56,144,1,I share 72 dollars,72.0,0.5,6.191850423812866
deepseek/deepseek-v3.2,dictator,56,144,2,I share 72 dollars.,72.0,0.5,11.567938566207886
deepseek/deepseek-v3.2,dictator,56,144,3,I share 72 dollars.,72.0,0.5,6.480486869812012
deepseek/deepseek-v3.2,dictator,56,217,1,I share 60 dollars.,60.0,0.2764976958525346,10.985331058502197
deepseek/deepseek-v3.2,dictator,56,217,2,I share 108 dollars.,108.0,0.4976958525345622,2.256821870803833
deepseek/deepseek-v3.2,dictator,56,217,3,I share 50 dollars.,50.0,0.2304147465437788,6.360536813735962
deepseek/deepseek-v3.2,dictator,56,328,1,I share 164 dollars.,164.0,0.5,3.812713623046875
deepseek/deepseek-v3.2,dictator,56,328,2,I share 80 dollars.,80.0,0.24390243902439024,6.621327638626099
deepseek/deepseek-v3.2,dictator,56,328,3,I share 150 dollars.,150.0,0.4573170731707317,3.7291276454925537
deepseek/deepseek-v3.2,dictator,56,1135,1,I share 300 dollars.,300.0,0.2643171806167401,4.276903867721558
deepseek/deepseek-v3.2,dictator,56,1135,2,I share 200 dollars.,200.0,0.1762114537444934,10.615792036056519
deepseek/deepseek-v3.2,dictator,56,1135,3,I share 400 dollars.,400.0,0.3524229074889868,1.0663809776306152
deepseek/deepseek-v3.2,dictator,56,496,1,I share $248 dollars.,248.0,0.5,3.5743978023529053
deepseek/deepseek-v3.2,dictator,56,496,2,I share 200 dollars.,200.0,0.4032258064516129,6.456298828125
deepseek/deepseek-v3.2,dictator,56,496,3,I share 80 dollars.,80.0,0.16129032258064516,10.997697591781616
deepseek/deepseek-v3.2,dictator,56,751,1,I share 150 dollars.,150.0,0.19973368841544606,8.011460542678833
deepseek/deepseek-v3.2,dictator,56,751,2,I share 150 dollars,150.0,0.19973368841544606,10.894614219665527
deepseek/deepseek-v3.2,dictator,56,751,3,I share 225 dollars,225.0,0.2996005326231691,4.941203355789185
deepseek/deepseek-v3.2,dictator,56,1717,1,I share 400 dollars,400.0,0.23296447291788003,12.258811473846436
deepseek/deepseek-v3.2,dictator,56,1717,2,I share 858 dollars,858.0,0.49970879440885263,9.370436668395996
deepseek/deepseek-v3.2,dictator,56,1717,3,I share $600 dollars.,600.0,0.34944670937682004,4.275494813919067
deepseek/deepseek-v3.2,dictator,56,2596,1,I share 400 dollars.,400.0,0.15408320493066255,6.02883505821228
deepseek/deepseek-v3.2,dictator,56,2596,2,I share 800 dollars,800.0,0.3081664098613251,6.470824480056763
deepseek/deepseek-v3.2,dictator,56,2596,3,I share 700 dollars.,700.0,0.2696456086286595,6.031130075454712
deepseek/deepseek-v3.2,dictator,56,3926,1,I share 900 dollars.,900.0,0.22924095771777891,6.978398323059082
deepseek/deepseek-v3.2,dictator,56,3926,2,I share 785 dollars.,785.0,0.1999490575649516,6.08944845199585
deepseek/deepseek-v3.2,dictator,56,3926,3,I share 500 dollars,500.0,0.1273560876209883,6.002075433731079
deepseek/deepseek-v3.2,dictator,56,13578,1,I share 6780 dollars.,6780.0,0.4993371630578878,0.8710207939147949
deepseek/deepseek-v3.2,dictator,56,13578,2,I share 6780 dollars,6780.0,0.4993371630578878,10.823106288909912
deepseek/deepseek-v3.2,dictator,56,13578,3,I share 5000 dollars,5000.0,0.3682427456179113,1.410069227218628
deepseek/deepseek-v3.2,dictator,56,8979,1,I share 4489 dollars,4489.0,0.4999443145116383,5.255675792694092
deepseek/deepseek-v3.2,dictator,56,8979,2,I share 4489 dollars,4489.0,0.4999443145116383,15.534969091415405
deepseek/deepseek-v3.2,dictator,56,8979,3,I share 4489 dollars.,4489.0,0.4999443145116383,3.68420147895813
deepseek/deepseek-v3.2,dictator,56,5938,1,I share 2969 dollars.,2969.0,0.5,12.762012958526611
deepseek/deepseek-v3.2,dictator,56,5938,2,I share 593 dollars.,593.0,0.09986527450319974,13.06093430519104
deepseek/deepseek-v3.2,dictator,56,5938,3,I share 2970 dollars.,2970.0,0.5001684068710003,6.759796857833862
deepseek/deepseek-v3.2,dictator,56,20531,1,I share 2053 dollars.,2053.0,0.09999512931664313,12.022636890411377
deepseek/deepseek-v3.2,dictator,56,20531,2,"I share 6,150 dollars.",6150.0,0.2995470264478106,5.847714185714722
deepseek/deepseek-v3.2,dictator,56,20531,3,I share 4000 dollars.,4000.0,0.1948273342749988,5.524708986282349
deepseek/deepseek-v3.2,dictator,56,31054,1,"I share 6,000 dollars.",6000.0,0.1932118245636633,5.661566972732544
deepseek/deepseek-v3.2,dictator,56,31054,2,"I share 8,000 dollars.",8000.0,0.2576157660848844,6.41411280632019
deepseek/deepseek-v3.2,dictator,56,31054,3,I share 6200 dollars,6200.0,0.1996522187157854,5.943701505661011
deepseek/deepseek-v3.2,dictator,56,46962,1,"I share 10,000 dollars.",10000.0,0.21293812018227504,4.4135308265686035
deepseek/deepseek-v3.2,dictator,56,46962,2,"I share 10,000 dollars.",10000.0,0.21293812018227504,5.7022528648376465
deepseek/deepseek-v3.2,dictator,56,46962,3,I share 14000 dollars.,14000.0,0.29811336825518503,11.474458694458008
deepseek/deepseek-v3.2,dictator,56,71000,1,"I share 10,000 dollars.",10000.0,0.14084507042253522,5.242939472198486
deepseek/deepseek-v3.2,dictator,56,71000,2,"I share 26,000 dollars.",26000.0,0.36619718309859156,5.2528417110443115
deepseek/deepseek-v3.2,dictator,56,71000,3,"I share 26,000 dollars.",26000.0,0.36619718309859156,11.406420230865479
deepseek/deepseek-v3.2,dictator,56,162379,1,I share 50000 dollars.,50000.0,0.30792159084610693,10.616477251052856
deepseek/deepseek-v3.2,dictator,56,162379,2,I share 0 dollars.,0.0,0.0,6.219658851623535
deepseek/deepseek-v3.2,dictator,56,162379,3,I share 32475 dollars,32475.0,0.19999507325454646,0.8129708766937256
deepseek/deepseek-v3.2,dictator,56,107392,1,"I share 20,000 dollars.",20000.0,0.18623361144219308,7.754255294799805
deepseek/deepseek-v3.2,dictator,56,107392,2,"I share $40,000 dollars.",40000.0,0.37246722288438616,10.461876630783081
deepseek/deepseek-v3.2,dictator,56,107392,3,I share 0 dollars.,0.0,0.0,6.534844636917114
deepseek/deepseek-v3.2,dictator,56,250000,1,"I share 60,000 dollars.",60000.0,0.24,6.879539728164673
deepseek/deepseek-v3.2,dictator,56,250000,2,"I share $80,000 dollars.",80000.0,0.32,7.680318593978882
deepseek/deepseek-v3.2,dictator,56,250000,3,I share 125000 dollars.,125000.0,0.5,16.074124097824097
deepseek/deepseek-v3.2,dictator,58,1,1,I share 0.40 dollars.,0.4,0.4,7.969737529754639
deepseek/deepseek-v3.2,dictator,58,1,2,I share 0.30 dollars.,0.3,0.3,6.309741020202637
deepseek/deepseek-v3.2,dictator,58,1,3,I share 0.10 dollars.,0.1,0.1,16.04340696334839
deepseek/deepseek-v3.2,dictator,58,2,1,I share 0.40 dollars.,0.4,0.2,7.722480535507202
deepseek/deepseek-v3.2,dictator,58,2,2,I share 0.80 dollars.,0.8,0.4,15.779642581939697
deepseek/deepseek-v3.2,dictator,58,2,3,I share 0 dollars.,0.0,0.0,13.636813163757324
deepseek/deepseek-v3.2,dictator,58,3,1,I share 1.5 dollars.,1.5,0.5,6.822235584259033
deepseek/deepseek-v3.2,dictator,58,3,2,I share 0 dollars.,0.0,0.0,16.953055381774902
deepseek/deepseek-v3.2,dictator,58,3,3,I share $1.50 dollars.,1.5,0.5,14.108787059783936
deepseek/deepseek-v3.2,dictator,58,8,1,I share 2 dollars.,2.0,0.25,15.505017757415771
deepseek/deepseek-v3.2,dictator,58,8,2,I share 3 dollars.,3.0,0.375,4.759966850280762
deepseek/deepseek-v3.2,dictator,58,8,3,I share 3 dollars.,3.0,0.375,4.766211748123169
deepseek/deepseek-v3.2,dictator,58,12,1,I share 6 dollars.,6.0,0.5,6.020443677902222
deepseek/deepseek-v3.2,dictator,58,12,2,I share 6 dollars.,6.0,0.5,4.366966485977173
deepseek/deepseek-v3.2,dictator,58,12,3,I share 4 dollars.,4.0,0.3333333333333333,5.052162170410156
deepseek/deepseek-v3.2,dictator,58,5,1,I share $2 dollars,2.0,0.4,16.123397827148438
deepseek/deepseek-v3.2,dictator,58,5,2,I share 2 dollars.,2.0,0.4,14.64624834060669
deepseek/deepseek-v3.2,dictator,58,5,3,I share 1 dollar.,1.0,0.2,4.628441572189331
deepseek/deepseek-v3.2,dictator,58,27,1,I share 8 dollars.,8.0,0.2962962962962963,3.7920279502868652
deepseek/deepseek-v3.2,dictator,58,27,2,I share 9 dollars.,9.0,0.3333333333333333,5.536102533340454
deepseek/deepseek-v3.2,dictator,58,27,3,I share 13 dollars.,13.0,0.48148148148148145,0.9048686027526855
deepseek/deepseek-v3.2,dictator,58,18,1,I share 9 dollars.,9.0,0.5,5.4920244216918945
deepseek/deepseek-v3.2,dictator,58,18,2,I share 7 dollars.,7.0,0.3888888888888889,4.4604172706604
deepseek/deepseek-v3.2,dictator,58,18,3,I share 9 dollars.,9.0,0.5,7.8721630573272705
deepseek/deepseek-v3.2,dictator,58,41,1,I share 20 dollars.,20.0,0.4878048780487805,6.203826904296875
deepseek/deepseek-v3.2,dictator,58,41,2,I share $20 dollars.,20.0,0.4878048780487805,15.521421670913696
deepseek/deepseek-v3.2,dictator,58,41,3,I share 20 dollars.,20.0,0.4878048780487805,7.658113956451416
deepseek/deepseek-v3.2,dictator,58,63,1,I share 31 dollars.,31.0,0.49206349206349204,16.586973428726196
deepseek/deepseek-v3.2,dictator,58,63,2,I share 21 dollars.,21.0,0.3333333333333333,8.387293815612793
deepseek/deepseek-v3.2,dictator,58,63,3,I share 21 dollars.,21.0,0.3333333333333333,2.8492252826690674
deepseek/deepseek-v3.2,dictator,58,95,1,I share 38 dollars.,38.0,0.4,15.136226415634155
deepseek/deepseek-v3.2,dictator,58,95,2,I share 40 dollars.,40.0,0.42105263157894735,4.096044301986694
deepseek/deepseek-v3.2,dictator,58,95,3,I share 30 dollars.,30.0,0.3157894736842105,7.6939897537231445
deepseek/deepseek-v3.2,dictator,58,144,1,I share 36 dollars,36.0,0.25,3.995321273803711
deepseek/deepseek-v3.2,dictator,58,144,2,I share 36 dollars.,36.0,0.25,10.524052619934082
deepseek/deepseek-v3.2,dictator,58,144,3,I share $58 dollars.,58.0,0.4027777777777778,2.6230480670928955
deepseek/deepseek-v3.2,dictator,58,10,1,I share 2 dollars.,2.0,0.2,4.0995073318481445
deepseek/deepseek-v3.2,dictator,58,10,2,I share 4 dollars.,4.0,0.4,6.827378988265991
deepseek/deepseek-v3.2,dictator,58,10,3,I share 4 dollars.,4.0,0.4,5.783311128616333
deepseek/deepseek-v3.2,dictator,58,328,1,I share 82 dollars,82.0,0.25,13.24527096748352
deepseek/deepseek-v3.2,dictator,58,328,2,I share 98 dollars.,98.0,0.29878048780487804,5.789403438568115
deepseek/deepseek-v3.2,dictator,58,328,3,I share 82 dollars.,82.0,0.25,7.3191282749176025
deepseek/deepseek-v3.2,dictator,58,217,1,I share 108 dollars.,108.0,0.4976958525345622,12.558267831802368
deepseek/deepseek-v3.2,dictator,58,217,2,I share 87 dollars.,87.0,0.4009216589861751,6.056881666183472
deepseek/deepseek-v3.2,dictator,58,217,3,I share 80 dollars.,80.0,0.3686635944700461,2.6796181201934814
deepseek/deepseek-v3.2,dictator,58,1135,1,I share 340 dollars.,340.0,0.29955947136563876,7.284338712692261
deepseek/deepseek-v3.2,dictator,58,1135,2,I share 340 dollars.,340.0,0.29955947136563876,4.833260536193848
deepseek/deepseek-v3.2,dictator,58,1135,3,I share 340 dollars.,340.0,0.29955947136563876,5.4893879890441895
deepseek/deepseek-v3.2,dictator,58,1717,1,I share 515 dollars.,515.0,0.29994175888177055,6.330744743347168
deepseek/deepseek-v3.2,dictator,58,1717,2,I share 858 dollars,858.0,0.49970879440885263,4.282626152038574
deepseek/deepseek-v3.2,dictator,58,1717,3,I share 600 dollars.,600.0,0.34944670937682004,7.122239112854004
deepseek/deepseek-v3.2,dictator,58,751,1,I share 200 dollars.,200.0,0.2663115845539281,17.301379442214966
deepseek/deepseek-v3.2,dictator,58,751,2,I share 300 dollars.,300.0,0.3994673768308921,4.787029504776001
deepseek/deepseek-v3.2,dictator,58,751,3,I share 150 dollars.,150.0,0.19973368841544606,8.262857675552368
deepseek/deepseek-v3.2,dictator,58,2596,1,I share 648 dollars.,648.0,0.24961479198767333,6.1933276653289795
deepseek/deepseek-v3.2,dictator,58,2596,2,"I share $1,298 dollars.",1298.0,0.5,5.215106964111328
deepseek/deepseek-v3.2,dictator,58,2596,3,I share 648 dollars.,648.0,0.24961479198767333,1.2366530895233154
deepseek/deepseek-v3.2,dictator,58,3926,1,I share 1963 dollars.,1963.0,0.5,5.116211891174316
deepseek/deepseek-v3.2,dictator,58,3926,2,I share 785 dollars.,785.0,0.1999490575649516,6.304131031036377
deepseek/deepseek-v3.2,dictator,58,3926,3,I share 100 dollars.,100.0,0.02547121752419766,5.839977741241455
deepseek/deepseek-v3.2,dictator,58,5938,1,"I share 2,500 dollars.",2500.0,0.42101717750084205,7.576668739318848
deepseek/deepseek-v3.2,dictator,58,5938,2,I share $0 dollars.,0.0,0.0,8.744262933731079
deepseek/deepseek-v3.2,dictator,58,5938,3,I share 2970 dollars,2970.0,0.5001684068710003,18.46398901939392
deepseek/deepseek-v3.2,dictator,58,13578,1,I share 6780 dollars.,6780.0,0.4993371630578878,13.408199071884155
deepseek/deepseek-v3.2,dictator,58,13578,2,I share 6789 dollars,6789.0,0.5,1.597658634185791
deepseek/deepseek-v3.2,dictator,58,13578,3,I share 3000 dollars.,3000.0,0.2209456473707468,5.743177890777588
deepseek/deepseek-v3.2,dictator,58,8979,1,"I share 2,000 dollars.",2000.0,0.22274195344693173,6.826371669769287
deepseek/deepseek-v3.2,dictator,58,8979,2,I share 2694 dollars.,2694.0,0.300033411293017,15.411354064941406
deepseek/deepseek-v3.2,dictator,58,8979,3,I share 3000 dollars.,3000.0,0.3341129301703976,6.084270000457764
deepseek/deepseek-v3.2,dictator,58,496,1,I share 124 dollars.,124.0,0.25,6.243064641952515
deepseek/deepseek-v3.2,dictator,58,496,2,I share 100 dollars.,100.0,0.20161290322580644,5.134884357452393
deepseek/deepseek-v3.2,dictator,58,496,3,I share 100 dollars.,100.0,0.20161290322580644,3.985353469848633
deepseek/deepseek-v3.2,dictator,58,20531,1,I share 5000 dollars.,5000.0,0.24353416784374848,5.942565441131592
deepseek/deepseek-v3.2,dictator,58,20531,2,"I share 4,106 dollars.",4106.0,0.19999025863328626,9.879752397537231
deepseek/deepseek-v3.2,dictator,58,20531,3,I share 10265 dollars.,10265.0,0.49997564658321564,6.225630044937134
deepseek/deepseek-v3.2,dictator,58,46962,1,"I share 14,000 dollars.",14000.0,0.29811336825518503,4.117716550827026
deepseek/deepseek-v3.2,dictator,58,46962,2,"I share 18,785 dollars.",18785.0,0.40000425876240364,10.568943500518799
deepseek/deepseek-v3.2,dictator,58,46962,3,I share 5000 dollars.,5000.0,0.10646906009113752,6.411770582199097
deepseek/deepseek-v3.2,dictator,58,31054,1,I share 6200 dollars.,6200.0,0.1996522187157854,4.22713828086853
deepseek/deepseek-v3.2,dictator,58,31054,2,"I share 4,658 dollars.",4658.0,0.14999677980292395,11.027077198028564
deepseek/deepseek-v3.2,dictator,58,31054,3,I share 6000 dollars,6000.0,0.1932118245636633,6.009362697601318
deepseek/deepseek-v3.2,dictator,58,71000,1,I share 28400 dollars.,28400.0,0.4,4.068975448608398
deepseek/deepseek-v3.2,dictator,58,71000,2,"I share 25,000 dollars.",25000.0,0.352112676056338,10.550130367279053
deepseek/deepseek-v3.2,dictator,58,71000,3,"I share 20,000 dollars",20000.0,0.28169014084507044,7.8199498653411865
deepseek/deepseek-v3.2,dictator,58,162379,1,I share 40594 dollars,40594.0,0.24999538117613732,11.53385066986084
deepseek/deepseek-v3.2,dictator,58,162379,2,"I share 18,000 dollars",18000.0,0.1108517727045985,1.8717336654663086
deepseek/deepseek-v3.2,dictator,58,162379,3,I share 45000 dollars,45000.0,0.27712943176149624,10.3491370677948
deepseek/deepseek-v3.2,dictator,60,1,1,I share 0.10 dollars.,0.1,0.1,11.23971962928772
deepseek/deepseek-v3.2,dictator,60,1,2,I share 0.30 dollars,0.3,0.3,13.063441038131714
deepseek/deepseek-v3.2,dictator,60,1,3,I share 0.40 dollars.,0.4,0.4,10.301794052124023
deepseek/deepseek-v3.2,dictator,58,250000,1,"I share 100,000 dollars",100000.0,0.4,12.483667612075806
deepseek/deepseek-v3.2,dictator,58,250000,2,"I share 100,000 dollars",100000.0,0.4,11.994565725326538
deepseek/deepseek-v3.2,dictator,58,250000,3,"I share 50,000 dollars",50000.0,0.2,11.68236756324768
deepseek/deepseek-v3.2,dictator,58,107392,1,I share 20000 dollars.,20000.0,0.18623361144219308,12.41292405128479
deepseek/deepseek-v3.2,dictator,58,107392,2,"I share $10,000 dollars.",10000.0,0.09311680572109654,13.498149394989014
deepseek/deepseek-v3.2,dictator,58,107392,3,"I share 25,000 dollars.",25000.0,0.23279201430274135,11.329724788665771
deepseek/deepseek-v3.2,dictator,60,3,1,I share 1 dollar.,1.0,0.3333333333333333,10.527700185775757
deepseek/deepseek-v3.2,dictator,60,3,2,I share 1 dollar.,1.0,0.3333333333333333,4.728624105453491
deepseek/deepseek-v3.2,dictator,60,3,3,I share 1 dollar.,1.0,0.3333333333333333,4.2527916431427
deepseek/deepseek-v3.2,dictator,60,2,1,I share 0 dollars.,0.0,0.0,13.813652038574219
deepseek/deepseek-v3.2,dictator,60,2,2,I share 0 dollars.,0.0,0.0,10.75278377532959
deepseek/deepseek-v3.2,dictator,60,2,3,I share 1 dollar.,1.0,0.5,7.318214654922485
deepseek/deepseek-v3.2,dictator,60,8,1,I share 2 dollars,2.0,0.25,12.052542209625244
deepseek/deepseek-v3.2,dictator,60,8,2,I share 3 dollars.,3.0,0.375,7.715310573577881
deepseek/deepseek-v3.2,dictator,60,8,3,I share 2 dollars.,2.0,0.25,3.9084653854370117
deepseek/deepseek-v3.2,dictator,60,5,1,I share 2 dollars.,2.0,0.4,17.97402548789978
deepseek/deepseek-v3.2,dictator,60,5,2,I share 2 dollars.,2.0,0.4,8.73165774345398
deepseek/deepseek-v3.2,dictator,60,5,3,I share $2 dollars,2.0,0.4,20.722269535064697
deepseek/deepseek-v3.2,dictator,60,12,1,I share 5 dollars,5.0,0.4166666666666667,6.252268075942993
deepseek/deepseek-v3.2,dictator,60,12,2,I share 4 dollars.,4.0,0.3333333333333333,21.033697843551636
deepseek/deepseek-v3.2,dictator,60,12,3,I share 4 dollars.,4.0,0.3333333333333333,2.0564255714416504
deepseek/deepseek-v3.2,dictator,60,10,1,I share 3 dollars.,3.0,0.3,5.911021947860718
deepseek/deepseek-v3.2,dictator,60,10,2,I share 3 dollars.,3.0,0.3,21.47846746444702
deepseek/deepseek-v3.2,dictator,60,10,3,I share 2 dollars.,2.0,0.2,3.425830841064453
deepseek/deepseek-v3.2,dictator,60,18,1,I share 7 dollars,7.0,0.3888888888888889,21.918217420578003
deepseek/deepseek-v3.2,dictator,60,18,2,I share 9 dollars.,9.0,0.5,5.506162166595459
deepseek/deepseek-v3.2,dictator,60,18,3,I share 9 dollars,9.0,0.5,26.319279432296753
deepseek/deepseek-v3.2,dictator,60,41,1,I share 8 dollars.,8.0,0.1951219512195122,30.38053250312805
deepseek/deepseek-v3.2,dictator,60,41,2,I share 16 dollars.,16.0,0.3902439024390244,8.394938945770264
deepseek/deepseek-v3.2,dictator,60,41,3,I share $8 dollars.,8.0,0.1951219512195122,6.567382097244263
deepseek/deepseek-v3.2,dictator,60,27,1,I share 9 dollars.,9.0,0.3333333333333333,29.42456889152527
deepseek/deepseek-v3.2,dictator,60,27,2,I share $9 dollars.,9.0,0.3333333333333333,11.26952862739563
deepseek/deepseek-v3.2,dictator,60,27,3,I share $13 dollars.,13.0,0.48148148148148145,7.589738607406616
deepseek/deepseek-v3.2,dictator,60,63,1,I share 20 dollars,20.0,0.31746031746031744,26.593645095825195
deepseek/deepseek-v3.2,dictator,60,63,2,I share 15 dollars.,15.0,0.23809523809523808,11.450824737548828
deepseek/deepseek-v3.2,dictator,60,63,3,I share $30 dollars.,30.0,0.47619047619047616,7.64154577255249
deepseek/deepseek-v3.2,dictator,60,95,1,I share 48 dollars,48.0,0.5052631578947369,9.906499862670898
deepseek/deepseek-v3.2,dictator,60,95,2,I share 0 dollars.,0.0,0.0,5.906977653503418
deepseek/deepseek-v3.2,dictator,60,95,3,I share 38 dollars.,38.0,0.4,16.70892572402954
deepseek/deepseek-v3.2,dictator,42,18,1,I share 9 dollars.,9.0,0.5,4.265641450881958
deepseek/deepseek-v3.2,dictator,42,18,2,I share 9 dollars.,9.0,0.5,3.291412830352783
deepseek/deepseek-v3.2,dictator,42,18,3,I share 9 dollars.,9.0,0.5,15.792221069335938
deepseek/deepseek-v3.2,dictator,60,217,1,I share 50 dollars,50.0,0.2304147465437788,16.259984731674194
deepseek/deepseek-v3.2,dictator,60,217,2,I share 80 dollars.,80.0,0.3686635944700461,3.31124210357666
deepseek/deepseek-v3.2,dictator,60,217,3,I share 80 dollars,80.0,0.3686635944700461,12.022165298461914
deepseek/deepseek-v3.2,dictator,60,328,1,I share 65 dollars.,65.0,0.19817073170731708,17.16094136238098
deepseek/deepseek-v3.2,dictator,60,328,2,I share 50 dollars.,50.0,0.1524390243902439,13.00278615951538
deepseek/deepseek-v3.2,dictator,60,328,3,I share 100 dollars.,100.0,0.3048780487804878,12.142945528030396
deepseek/deepseek-v3.2,dictator,60,496,1,I share 150 dollars,150.0,0.3024193548387097,4.872865915298462
deepseek/deepseek-v3.2,dictator,60,496,2,I share $100 dollars.,100.0,0.20161290322580644,9.683669567108154
deepseek/deepseek-v3.2,dictator,60,496,3,I share 60 dollars.,60.0,0.12096774193548387,14.08077073097229
deepseek/deepseek-v3.2,dictator,60,751,1,I share 150 dollars.,150.0,0.19973368841544606,3.0976946353912354
deepseek/deepseek-v3.2,dictator,60,751,2,I share 150 dollars.,150.0,0.19973368841544606,10.648748636245728
deepseek/deepseek-v3.2,dictator,60,751,3,I share 250 dollars,250.0,0.33288948069241014,3.70660138130188
deepseek/deepseek-v3.2,dictator,60,1135,1,I share 340 dollars,340.0,0.29955947136563876,9.675831317901611
deepseek/deepseek-v3.2,dictator,60,1135,2,I share 170 dollars.,170.0,0.14977973568281938,6.923930406570435
deepseek/deepseek-v3.2,dictator,60,1135,3,I share 200 dollars.,200.0,0.1762114537444934,3.459077835083008
deepseek/deepseek-v3.2,dictator,60,2596,1,I share 650 dollars.,650.0,0.25038520801232667,2.229360818862915
deepseek/deepseek-v3.2,dictator,60,2596,2,I share 800 dollars.,800.0,0.3081664098613251,5.952703475952148
deepseek/deepseek-v3.2,dictator,60,2596,3,I share 500 dollars,500.0,0.1926040061633282,5.6913557052612305
deepseek/deepseek-v3.2,dictator,60,1717,1,I share 250 dollars.,250.0,0.145602795573675,5.0122034549713135
deepseek/deepseek-v3.2,dictator,60,1717,2,I share 400 dollars.,400.0,0.23296447291788003,5.4330153465271
deepseek/deepseek-v3.2,dictator,60,1717,3,I share 858 dollars,858.0,0.49970879440885263,6.221880674362183
deepseek/deepseek-v3.2,dictator,60,3926,1,I share 1000 dollars.,1000.0,0.2547121752419766,6.471964359283447
deepseek/deepseek-v3.2,dictator,60,3926,2,I share 392 dollars.,392.0,0.09984717269485481,5.5683979988098145
deepseek/deepseek-v3.2,dictator,60,3926,3,I share 1000 dollars.,1000.0,0.2547121752419766,10.899657487869263
deepseek/deepseek-v3.2,dictator,60,13578,1,I share 2715 dollars.,2715.0,0.19995581087052586,9.268437147140503
deepseek/deepseek-v3.2,dictator,60,13578,2,I share 2000 dollars.,2000.0,0.14729709824716453,10.808953762054443
deepseek/deepseek-v3.2,dictator,60,13578,3,"I share 2,715 dollars.",2715.0,0.19995581087052586,9.900285005569458
deepseek/deepseek-v3.2,dictator,60,5938,1,I share 1188 dollars.,1188.0,0.20006736274840015,8.629074573516846
deepseek/deepseek-v3.2,dictator,60,5938,2,I share 1485 dollars.,1485.0,0.25008420343550014,13.546619653701782
deepseek/deepseek-v3.2,dictator,60,5938,3,"I share $1,500 dollars.",1500.0,0.2526103065005052,16.51213312149048
deepseek/deepseek-v3.2,dictator,60,8979,1,I share 3000 dollars.,3000.0,0.3341129301703976,11.495004653930664
deepseek/deepseek-v3.2,dictator,60,8979,2,I share 4490 dollars,4490.0,0.5000556854883618,10.878899812698364
deepseek/deepseek-v3.2,dictator,60,8979,3,I share 2987 dollars,2987.0,0.33266510747299255,10.385735750198364
deepseek/deepseek-v3.2,dictator,60,20531,1,I share 5000 dollars,5000.0,0.24353416784374848,9.283056259155273
deepseek/deepseek-v3.2,dictator,60,20531,2,I share 5000 dollars.,5000.0,0.24353416784374848,10.008543968200684
deepseek/deepseek-v3.2,dictator,60,20531,3,I share 4106 dollars.,4106.0,0.19999025863328626,9.436877727508545
deepseek/deepseek-v3.2,dictator,60,46962,1,I share 10000 dollars.,10000.0,0.21293812018227504,8.061177730560303
deepseek/deepseek-v3.2,dictator,60,46962,2,"I share $15,000 dollars.",15000.0,0.3194071802734125,6.189272403717041
deepseek/deepseek-v3.2,dictator,60,46962,3,"I share 10,000 dollars.",10000.0,0.21293812018227504,5.693737506866455
deepseek/deepseek-v3.2,dictator,60,31054,1,I share 9000 dollars.,9000.0,0.28981773684549494,10.348969221115112
deepseek/deepseek-v3.2,dictator,60,31054,2,I share 5000 dollars.,5000.0,0.16100985380305274,5.0446937084198
deepseek/deepseek-v3.2,dictator,60,31054,3,"I share 9,316 dollars",9316.0,0.2999935596058479,6.06850528717041
deepseek/deepseek-v3.2,dictator,60,71000,1,"I share 25,000 dollars.",25000.0,0.352112676056338,7.860943794250488
deepseek/deepseek-v3.2,dictator,60,71000,2,"I share 10,000 dollars.",10000.0,0.14084507042253522,5.995605707168579
deepseek/deepseek-v3.2,dictator,60,71000,3,"I share $14,200 dollars.",14200.0,0.2,6.93239951133728
deepseek/deepseek-v3.2,dictator,60,107392,1,"I share 42,957 dollars",42957.0,0.4000018623361144,7.038214445114136
deepseek/deepseek-v3.2,dictator,60,107392,2,I share 30000 dollars.,30000.0,0.2793504171632896,6.284480571746826
deepseek/deepseek-v3.2,dictator,60,107392,3,"I share 35,000 dollars",35000.0,0.3259088200238379,12.07714581489563
deepseek/deepseek-v3.2,dictator,60,162379,1,I share 48600 dollars.,48600.0,0.29929978630241594,11.212522506713867
deepseek/deepseek-v3.2,dictator,60,162379,2,I share 40000 dollars,40000.0,0.24633727267688557,13.096395492553711
deepseek/deepseek-v3.2,dictator,60,162379,3,I share 48637 dollars,48637.0,0.29952764827964207,4.635772943496704
deepseek/deepseek-v3.2,dictator,60,144,1,I share 48 dollars.,48.0,0.3333333333333333,18.013121604919434
deepseek/deepseek-v3.2,dictator,60,144,2,I share 43 dollars.,43.0,0.2986111111111111,12.287743091583252
deepseek/deepseek-v3.2,dictator,60,144,3,I share $60 dollars.,60.0,0.4166666666666667,5.009439468383789
deepseek/deepseek-v3.2,dictator,60,250000,1,"I share 50,000 dollars",50000.0,0.2,12.726274013519287
deepseek/deepseek-v3.2,dictator,60,250000,2,"I share 50,000 dollars.",50000.0,0.2,12.412879228591919
deepseek/deepseek-v3.2,dictator,60,250000,3,"I share 100,000 dollars.",100000.0,0.4,4.590883493423462
deepseek/deepseek-v3.2,dictator,62,1,1,I share 0.30 dollars.,0.3,0.3,12.394454717636108
deepseek/deepseek-v3.2,dictator,62,1,2,I share 0.40 dollars.,0.4,0.4,12.359147310256958
deepseek/deepseek-v3.2,dictator,62,1,3,I share 0.25 dollars.,0.25,0.25,6.458566188812256
deepseek/deepseek-v3.2,dictator,62,2,1,I share 0 dollars.,0.0,0.0,15.721237421035767
deepseek/deepseek-v3.2,dictator,62,2,2,I share 0.80 dollars.,0.8,0.4,16.7496120929718
deepseek/deepseek-v3.2,dictator,62,2,3,I share 1 dollars,1.0,0.5,6.982141017913818
deepseek/deepseek-v3.2,dictator,62,8,1,I share 1 dollars.,1.0,0.125,15.970894813537598
deepseek/deepseek-v3.2,dictator,62,8,2,I share 2 dollars.,2.0,0.25,3.835305690765381
deepseek/deepseek-v3.2,dictator,62,8,3,I share 3 dollars.,3.0,0.375,12.15984034538269
deepseek/deepseek-v3.2,dictator,62,3,1,I share 1 dollars.,1.0,0.3333333333333333,18.587852954864502
deepseek/deepseek-v3.2,dictator,62,3,2,I share 1 dollar.,1.0,0.3333333333333333,3.4378790855407715
deepseek/deepseek-v3.2,dictator,62,3,3,I share 1.5 dollars.,1.5,0.5,11.938455581665039
deepseek/deepseek-v3.2,dictator,62,5,1,I share 2 dollars.,2.0,0.4,17.08850359916687
deepseek/deepseek-v3.2,dictator,62,5,2,I share $2.00 dollars.,2.0,0.4,3.9674315452575684
deepseek/deepseek-v3.2,dictator,62,5,3,I share 1 dollar.,1.0,0.2,12.616250038146973
deepseek/deepseek-v3.2,dictator,62,10,1,I share $2 dollars.,2.0,0.2,13.197742462158203
deepseek/deepseek-v3.2,dictator,62,10,2,I share 2 dollars.,2.0,0.2,5.350295305252075
deepseek/deepseek-v3.2,dictator,62,10,3,I share 4 dollars.,4.0,0.4,13.087546586990356
deepseek/deepseek-v3.2,dictator,62,12,1,I share 3 dollars.,3.0,0.25,10.883338689804077
deepseek/deepseek-v3.2,dictator,62,12,2,I share 2 dollars.,2.0,0.16666666666666666,4.821287155151367
deepseek/deepseek-v3.2,dictator,62,12,3,I share 4 dollars.,4.0,0.3333333333333333,11.934210777282715
deepseek/deepseek-v3.2,dictator,62,63,1,I share 31 dollars.,31.0,0.49206349206349204,4.5693323612213135
deepseek/deepseek-v3.2,dictator,62,63,2,I share 31 dollars.,31.0,0.49206349206349204,10.197556972503662
deepseek/deepseek-v3.2,dictator,62,63,3,I share 32 dollars.,32.0,0.5079365079365079,6.971763372421265
deepseek/deepseek-v3.2,dictator,62,27,1,I share 13 dollars,13.0,0.48148148148148145,5.5998313426971436
deepseek/deepseek-v3.2,dictator,62,27,2,I share 9 dollars.,9.0,0.3333333333333333,12.614379405975342
deepseek/deepseek-v3.2,dictator,62,27,3,I share $9 dollars.,9.0,0.3333333333333333,4.562194108963013
deepseek/deepseek-v3.2,dictator,62,41,1,I share 15 dollars.,15.0,0.36585365853658536,4.798609495162964
deepseek/deepseek-v3.2,dictator,62,41,2,I share 20 dollars.,20.0,0.4878048780487805,12.712316989898682
deepseek/deepseek-v3.2,dictator,62,41,3,I share $15 dollars.,15.0,0.36585365853658536,4.601430177688599
deepseek/deepseek-v3.2,dictator,62,18,1,I share 6 dollars.,6.0,0.3333333333333333,16.840121746063232
deepseek/deepseek-v3.2,dictator,62,18,2,I share 9 dollars.,9.0,0.5,9.854414701461792
deepseek/deepseek-v3.2,dictator,62,18,3,I share 6 dollars.,6.0,0.3333333333333333,4.170114278793335
deepseek/deepseek-v3.2,dictator,62,95,1,I share 40 dollars.,40.0,0.42105263157894735,5.761650085449219
deepseek/deepseek-v3.2,dictator,62,95,2,I share 35 dollars.,35.0,0.3684210526315789,7.336500406265259
deepseek/deepseek-v3.2,dictator,62,95,3,I share 38 dollars.,38.0,0.4,8.23116683959961
deepseek/deepseek-v3.2,dictator,62,144,1,I share 72 dollars.,72.0,0.5,8.65003514289856
deepseek/deepseek-v3.2,dictator,62,144,2,I share 72 dollars.,72.0,0.5,4.246027708053589
deepseek/deepseek-v3.2,dictator,62,144,3,I share 50 dollars,50.0,0.3472222222222222,6.428156852722168
deepseek/deepseek-v3.2,dictator,62,328,1,I share 65 dollars.,65.0,0.19817073170731708,7.624020338058472
deepseek/deepseek-v3.2,dictator,62,328,2,I share 98 dollars.,98.0,0.29878048780487804,8.017232656478882
deepseek/deepseek-v3.2,dictator,62,328,3,I share 80 dollars.,80.0,0.24390243902439024,4.212159156799316
deepseek/deepseek-v3.2,dictator,62,496,1,I share 124 dollars.,124.0,0.25,6.137236595153809
deepseek/deepseek-v3.2,dictator,62,496,2,I share $124 dollars.,124.0,0.25,6.808426141738892
deepseek/deepseek-v3.2,dictator,62,496,3,I share 124 dollars.,124.0,0.25,12.010699033737183
deepseek/deepseek-v3.2,dictator,62,217,1,I share 43 dollars.,43.0,0.19815668202764977,6.082412242889404
deepseek/deepseek-v3.2,dictator,62,217,2,I share 60 dollars.,60.0,0.2764976958525346,5.616693735122681
deepseek/deepseek-v3.2,dictator,62,217,3,I share 50 dollars,50.0,0.2304147465437788,14.23500108718872
deepseek/deepseek-v3.2,dictator,62,1135,1,I share 400 dollars.,400.0,0.3524229074889868,0.6409833431243896
deepseek/deepseek-v3.2,dictator,62,1135,2,I share 400 dollars.,400.0,0.3524229074889868,10.871294975280762
deepseek/deepseek-v3.2,dictator,62,1135,3,I share 400 dollars.,400.0,0.3524229074889868,6.209650278091431
deepseek/deepseek-v3.2,dictator,62,751,1,I share 150 dollars.,150.0,0.19973368841544606,5.657400608062744
deepseek/deepseek-v3.2,dictator,62,751,2,I share 200 dollars.,200.0,0.2663115845539281,11.09050965309143
deepseek/deepseek-v3.2,dictator,62,751,3,I share 75 dollars.,75.0,0.09986684420772303,5.345221996307373
deepseek/deepseek-v3.2,dictator,62,2596,1,I share 648 dollars.,648.0,0.24961479198767333,5.860607862472534
deepseek/deepseek-v3.2,dictator,62,2596,2,I share 432 dollars.,432.0,0.16640986132511557,5.6334388256073
deepseek/deepseek-v3.2,dictator,62,2596,3,I share 650 dollars.,650.0,0.25038520801232667,10.101699113845825
deepseek/deepseek-v3.2,dictator,62,3926,1,I share $785 dollars.,785.0,0.1999490575649516,5.125543832778931
deepseek/deepseek-v3.2,dictator,62,3926,2,I share 400 dollars.,400.0,0.10188487009679063,6.2822816371917725
deepseek/deepseek-v3.2,dictator,62,3926,3,I share 785 dollars.,785.0,0.1999490575649516,9.91664457321167
deepseek/deepseek-v3.2,dictator,62,1717,1,I share 343 dollars.,343.0,0.1997670355270821,12.93169617652893
deepseek/deepseek-v3.2,dictator,62,1717,2,I share 860 dollars.,860.0,0.500873616773442,16.753009557724
deepseek/deepseek-v3.2,dictator,62,1717,3,I share 600 dollars.,600.0,0.34944670937682004,16.786289930343628
deepseek/deepseek-v3.2,dictator,62,5938,1,I share 1000 dollars.,1000.0,0.16840687100033683,9.805253744125366
deepseek/deepseek-v3.2,dictator,62,5938,2,I share 593 dollars.,593.0,0.09986527450319974,9.413054466247559
deepseek/deepseek-v3.2,dictator,62,5938,3,"I share $1,000 dollars.",1000.0,0.16840687100033683,10.14806866645813
deepseek/deepseek-v3.2,dictator,62,8979,1,I share 3000 dollars,3000.0,0.3341129301703976,8.419942855834961
deepseek/deepseek-v3.2,dictator,62,8979,2,I share 2500 dollars.,2500.0,0.2784274418086647,15.75545883178711
deepseek/deepseek-v3.2,dictator,62,8979,3,I share 3000 dollars.,3000.0,0.3341129301703976,5.545622110366821
deepseek/deepseek-v3.2,dictator,62,13578,1,I share 1358 dollars.,1358.0,0.10001472970982471,11.273560523986816
deepseek/deepseek-v3.2,dictator,62,13578,2,I share 3000 dollars.,3000.0,0.2209456473707468,1.7404985427856445
deepseek/deepseek-v3.2,dictator,62,13578,3,I share 4500 dollars.,4500.0,0.3314184710561202,6.006945848464966
deepseek/deepseek-v3.2,dictator,62,20531,1,I share 8200 dollars,8200.0,0.3993960352637475,9.52371597290039
deepseek/deepseek-v3.2,dictator,62,20531,2,I share 4106 dollars,4106.0,0.19999025863328626,1.75124192237854
deepseek/deepseek-v3.2,dictator,62,20531,3,I share 8200 dollars.,8200.0,0.3993960352637475,6.000324487686157
deepseek/deepseek-v3.2,dictator,62,71000,1,I share 28400 dollars.,28400.0,0.4,4.517390012741089
deepseek/deepseek-v3.2,dictator,62,71000,2,"I share 12,000 dollars.",12000.0,0.16901408450704225,9.048594951629639
deepseek/deepseek-v3.2,dictator,62,71000,3,I share 7000 dollars.,7000.0,0.09859154929577464,1.4900801181793213
deepseek/deepseek-v3.2,dictator,62,46962,1,I share 10000 dollars.,10000.0,0.21293812018227504,6.550549030303955
deepseek/deepseek-v3.2,dictator,62,46962,2,I share 5000 dollars.,5000.0,0.10646906009113752,8.72551441192627
deepseek/deepseek-v3.2,dictator,62,46962,3,I share 5000 dollars,5000.0,0.10646906009113752,1.7336409091949463
deepseek/deepseek-v3.2,dictator,62,31054,1,"I share 6,210 dollars.",6210.0,0.19997423842339151,6.3437721729278564
deepseek/deepseek-v3.2,dictator,62,31054,2,I share 4658 dollars.,4658.0,0.14999677980292395,8.965983390808105
deepseek/deepseek-v3.2,dictator,62,31054,3,I share 5000 dollars.,5000.0,0.16100985380305274,1.746441125869751
deepseek/deepseek-v3.2,dictator,62,162379,1,I share 32475 dollars.,32475.0,0.19999507325454646,9.02377724647522
deepseek/deepseek-v3.2,dictator,62,162379,2,I share 50000 dollars.,50000.0,0.30792159084610693,1.4818017482757568
deepseek/deepseek-v3.2,dictator,62,162379,3,I share 48637 dollars.,48637.0,0.29952764827964207,10.792731523513794
deepseek/deepseek-v3.2,dictator,64,2,1,I share 1 dollar.,1.0,0.5,12.990467548370361
deepseek/deepseek-v3.2,dictator,64,2,2,I share 1 dollar.,1.0,0.5,4.539983510971069
deepseek/deepseek-v3.2,dictator,64,2,3,I share 0 dollars.,0.0,0.0,9.685929536819458
deepseek/deepseek-v3.2,dictator,62,107392,1,"I share 20,000 dollars.",20000.0,0.18623361144219308,9.944849491119385
deepseek/deepseek-v3.2,dictator,62,107392,2,"I share 40,000 dollars",40000.0,0.37246722288438616,18.35787296295166
deepseek/deepseek-v3.2,dictator,62,107392,3,"I share 30,000 dollars.",30000.0,0.2793504171632896,10.019113063812256
deepseek/deepseek-v3.2,dictator,64,1,1,I share 0.30 dollars.,0.3,0.3,12.177948951721191
deepseek/deepseek-v3.2,dictator,64,1,2,I share 0.40 dollars.,0.4,0.4,6.956039190292358
deepseek/deepseek-v3.2,dictator,64,1,3,I share 0.50 dollars.,0.5,0.5,8.563210487365723
deepseek/deepseek-v3.2,dictator,62,250000,1,I share 100000 dollars.,100000.0,0.4,11.787329196929932
deepseek/deepseek-v3.2,dictator,62,250000,2,"I share $62,500 dollars.",62500.0,0.25,5.83951735496521
deepseek/deepseek-v3.2,dictator,62,250000,3,I share 100000 dollars.,100000.0,0.4,10.29355239868164
deepseek/deepseek-v3.2,dictator,64,3,1,I share 1 dollar.,1.0,0.3333333333333333,6.650834321975708
deepseek/deepseek-v3.2,dictator,64,3,2,I share 1 dollar.,1.0,0.3333333333333333,10.1278657913208
deepseek/deepseek-v3.2,dictator,64,3,3,I share 1 dollar.,1.0,0.3333333333333333,1.5331306457519531
deepseek/deepseek-v3.2,dictator,64,10,1,I share 3 dollars,3.0,0.3,2.0673105716705322
deepseek/deepseek-v3.2,dictator,64,10,2,I share 4 dollars.,4.0,0.4,14.042137622833252
deepseek/deepseek-v3.2,dictator,64,10,3,I share 3 dollars.,3.0,0.3,1.8095369338989258
deepseek/deepseek-v3.2,dictator,64,8,1,I share 2 dollars.,2.0,0.25,3.3246424198150635
deepseek/deepseek-v3.2,dictator,64,8,2,I share 2 dollars.,2.0,0.25,12.960973024368286
deepseek/deepseek-v3.2,dictator,64,8,3,I share 3 dollars.,3.0,0.375,1.9458732604980469
deepseek/deepseek-v3.2,dictator,64,12,1,I share 6 dollars.,6.0,0.5,2.067322254180908
deepseek/deepseek-v3.2,dictator,64,12,2,I share 4 dollars.,4.0,0.3333333333333333,15.116393089294434
deepseek/deepseek-v3.2,dictator,64,12,3,I share 6 dollars.,6.0,0.5,2.4853460788726807
deepseek/deepseek-v3.2,dictator,64,5,1,I share 2 dollars.,2.0,0.4,2.3009400367736816
deepseek/deepseek-v3.2,dictator,64,5,2,I share 2 dollars.,2.0,0.4,16.77445149421692
deepseek/deepseek-v3.2,dictator,64,5,3,I share 2 dollars,2.0,0.4,14.277474403381348
deepseek/deepseek-v3.2,dictator,64,27,1,I share 0 dollars.,0.0,0.0,13.251516819000244
deepseek/deepseek-v3.2,dictator,64,27,2,I share 8 dollars.,8.0,0.2962962962962963,4.510497093200684
deepseek/deepseek-v3.2,dictator,64,27,3,I share 13 dollars.,13.0,0.48148148148148145,1.8957805633544922
deepseek/deepseek-v3.2,dictator,64,41,1,I share 10 dollars.,10.0,0.24390243902439024,13.119770765304565
deepseek/deepseek-v3.2,dictator,64,41,2,I share $16 dollars.,16.0,0.3902439024390244,4.434993505477905
deepseek/deepseek-v3.2,dictator,64,41,3,I share 20 dollars,20.0,0.4878048780487805,6.766994953155518
deepseek/deepseek-v3.2,dictator,64,18,1,I share 9 dollars.,9.0,0.5,30.660017251968384
deepseek/deepseek-v3.2,dictator,64,18,2,I share 4 dollars.,4.0,0.2222222222222222,5.084550857543945
deepseek/deepseek-v3.2,dictator,64,18,3,I share 9 dollars,9.0,0.5,6.2528440952301025
deepseek/deepseek-v3.2,dictator,64,63,1,I share 0 dollars.,0.0,0.0,11.747475624084473
deepseek/deepseek-v3.2,dictator,64,63,2,I share 31 dollars.,31.0,0.49206349206349204,4.803234338760376
deepseek/deepseek-v3.2,dictator,64,63,3,I share 7 dollars.,7.0,0.1111111111111111,7.6726233959198
deepseek/deepseek-v3.2,dictator,64,95,1,I share 30 dollars.,30.0,0.3157894736842105,5.3975889682769775
deepseek/deepseek-v3.2,dictator,64,95,2,I share 47 dollars.,47.0,0.49473684210526314,5.170022964477539
deepseek/deepseek-v3.2,dictator,64,95,3,I share 38 dollars.,38.0,0.4,4.871662855148315
deepseek/deepseek-v3.2,dictator,64,144,1,I share 72 dollars.,72.0,0.5,4.872912168502808
deepseek/deepseek-v3.2,dictator,64,144,2,I share 60 dollars,60.0,0.4166666666666667,4.953203201293945
deepseek/deepseek-v3.2,dictator,64,144,3,I share 48 dollars.,48.0,0.3333333333333333,10.578325033187866
deepseek/deepseek-v3.2,dictator,64,217,1,I share 72 dollars,72.0,0.3317972350230415,5.547386407852173
deepseek/deepseek-v3.2,dictator,64,217,2,I share 108 dollars.,108.0,0.4976958525345622,9.043564796447754
deepseek/deepseek-v3.2,dictator,64,217,3,I share 50 dollars,50.0,0.2304147465437788,4.856441259384155
deepseek/deepseek-v3.2,dictator,64,328,1,I share 131 dollars.,131.0,0.39939024390243905,4.828254461288452
deepseek/deepseek-v3.2,dictator,64,328,2,I share 65 dollars.,65.0,0.19817073170731708,8.963449716567993
deepseek/deepseek-v3.2,dictator,64,328,3,I share 98 dollars,98.0,0.29878048780487804,4.931260347366333
deepseek/deepseek-v3.2,dictator,64,751,1,I share 200 dollars.,200.0,0.2663115845539281,7.76341438293457
deepseek/deepseek-v3.2,dictator,64,751,2,I share 225 dollars.,225.0,0.2996005326231691,4.9072442054748535
deepseek/deepseek-v3.2,dictator,64,751,3,I share 200 dollars.,200.0,0.2663115845539281,8.280142784118652
deepseek/deepseek-v3.2,dictator,64,496,1,I share 124 dollars.,124.0,0.25,7.03879976272583
deepseek/deepseek-v3.2,dictator,64,496,2,I share 80 dollars.,80.0,0.16129032258064516,6.755880355834961
deepseek/deepseek-v3.2,dictator,64,496,3,I share 100 dollars.,100.0,0.20161290322580644,12.08128571510315
deepseek/deepseek-v3.2,dictator,64,1135,1,I share 284 dollars.,284.0,0.25022026431718064,3.3038501739501953
deepseek/deepseek-v3.2,dictator,64,1135,2,I share 250 dollars.,250.0,0.22026431718061673,7.977065563201904
deepseek/deepseek-v3.2,dictator,64,1135,3,I share 300 dollars.,300.0,0.2643171806167401,6.335848569869995
deepseek/deepseek-v3.2,dictator,64,1717,1,I share $429 dollars.,429.0,0.24985439720442632,11.48900294303894
deepseek/deepseek-v3.2,dictator,64,1717,2,I share 430 dollars.,430.0,0.250436808386721,3.3548929691314697
deepseek/deepseek-v3.2,dictator,64,1717,3,I share 171 dollars,171.0,0.09959231217239371,5.138592004776001
deepseek/deepseek-v3.2,dictator,64,2596,1,I share 648 dollars.,648.0,0.24961479198767333,7.352923154830933
deepseek/deepseek-v3.2,dictator,64,2596,2,I share 1000 dollars.,1000.0,0.3852080123266564,7.178163290023804
deepseek/deepseek-v3.2,dictator,64,2596,3,I share 1298 dollars.,1298.0,0.5,6.0634825229644775
deepseek/deepseek-v3.2,dictator,64,3926,1,I share 1500 dollars.,1500.0,0.38206826286296486,9.707261562347412
deepseek/deepseek-v3.2,dictator,64,3926,2,I share 1000 dollars.,1000.0,0.2547121752419766,3.59584641456604
deepseek/deepseek-v3.2,dictator,64,3926,3,I share 784 dollars.,784.0,0.19969434538970962,4.902828216552734
deepseek/deepseek-v3.2,dictator,64,5938,1,I share 200 dollars.,200.0,0.033681374200067365,8.434876680374146
deepseek/deepseek-v3.2,dictator,64,5938,2,I share 1484 dollars,1484.0,0.24991579656449983,4.849327325820923
deepseek/deepseek-v3.2,dictator,64,5938,3,I share 750 dollars.,750.0,0.1263051532502526,5.705975532531738
deepseek/deepseek-v3.2,dictator,64,8979,1,I share 1795 dollars.,1795.0,0.19991090321862123,6.581195116043091
deepseek/deepseek-v3.2,dictator,64,8979,2,"I share 2,694 dollars",2694.0,0.300033411293017,5.37646746635437
deepseek/deepseek-v3.2,dictator,64,8979,3,"I share 2,000 dollars.",2000.0,0.22274195344693173,5.646688222885132
deepseek/deepseek-v3.2,dictator,64,20531,1,"I share 2,051 dollars.",2051.0,0.09989771564950563,4.0409016609191895
deepseek/deepseek-v3.2,dictator,64,20531,2,"I share 2,000 dollars",2000.0,0.0974136671374994,5.861011981964111
deepseek/deepseek-v3.2,dictator,64,20531,3,I share 8200 dollars,8200.0,0.3993960352637475,10.40679383277893
deepseek/deepseek-v3.2,dictator,64,13578,1,I share 6789 dollars.,6789.0,0.5,4.683082103729248
deepseek/deepseek-v3.2,dictator,64,13578,2,"I share 3,394 dollars",3394.0,0.24996317572543822,5.415087461471558
deepseek/deepseek-v3.2,dictator,64,13578,3,I share 5000 dollars.,5000.0,0.3682427456179113,10.965684413909912
deepseek/deepseek-v3.2,dictator,64,31054,1,"I share 7,763 dollars.",7763.0,0.2499838990146197,4.495816946029663
deepseek/deepseek-v3.2,dictator,64,31054,2,"I share 9,316 dollars.",9316.0,0.2999935596058479,10.957880020141602
deepseek/deepseek-v3.2,dictator,64,31054,3,"I share $7,763 dollars.",7763.0,0.2499838990146197,11.757192134857178
deepseek/deepseek-v3.2,dictator,64,46962,1,"I share 16,000 dollars",16000.0,0.34070099229164,3.757589817047119
deepseek/deepseek-v3.2,dictator,64,46962,2,"I share $15,000 dollars.",15000.0,0.3194071802734125,11.716700077056885
deepseek/deepseek-v3.2,dictator,64,46962,3,I share 15000 dollars,15000.0,0.3194071802734125,12.453399896621704
deepseek/deepseek-v3.2,dictator,64,71000,1,I share 28400 dollars.,28400.0,0.4,9.625835180282593
deepseek/deepseek-v3.2,dictator,64,71000,2,"I share $23,000 dollars.",23000.0,0.323943661971831,11.872040510177612
deepseek/deepseek-v3.2,dictator,64,71000,3,"I share 10,000 dollars.",10000.0,0.14084507042253522,11.253746271133423
deepseek/deepseek-v3.2,dictator,64,162379,1,I share 32475 dollars,32475.0,0.19999507325454646,12.305910110473633
deepseek/deepseek-v3.2,dictator,64,162379,2,"I share 48,713 dollars",48713.0,0.29999568909772817,12.028247833251953
deepseek/deepseek-v3.2,dictator,64,162379,3,"I share $40,000 dollars.",40000.0,0.24633727267688557,5.40641450881958
deepseek/deepseek-v3.2,dictator,66,1,1,I share $0.50 dollars.,0.5,0.5,11.283987045288086
deepseek/deepseek-v3.2,dictator,66,1,2,I share 0.10 dollars.,0.1,0.1,4.641990423202515
deepseek/deepseek-v3.2,dictator,66,1,3,I share 0.50 dollars.,0.5,0.5,0.8629803657531738
deepseek/deepseek-v3.2,dictator,64,107392,1,"I share 32,217 dollars",32217.0,0.29999441299165674,12.855990409851074
deepseek/deepseek-v3.2,dictator,64,107392,2,"I share 40,000 dollars.",40000.0,0.37246722288438616,11.572195291519165
deepseek/deepseek-v3.2,dictator,64,107392,3,I share 4000 dollars.,4000.0,0.037246722288438616,11.48508358001709
deepseek/deepseek-v3.2,dictator,48,18,1,I share 9 dollars.,9.0,0.5,11.650627374649048
deepseek/deepseek-v3.2,dictator,48,18,2,I share 9 dollars.,9.0,0.5,1.9091823101043701
deepseek/deepseek-v3.2,dictator,48,18,3,I share 9 dollars,9.0,0.5,5.210027456283569
deepseek/deepseek-v3.2,dictator,66,2,1,I share 1.00 dollars.,1.0,0.5,8.308533430099487
deepseek/deepseek-v3.2,dictator,66,2,2,I share 1 dollar.,1.0,0.5,15.164996862411499
deepseek/deepseek-v3.2,dictator,66,2,3,I share 0.80 dollars.,0.8,0.4,2.712111234664917
deepseek/deepseek-v3.2,dictator,64,250000,1,"I share 62,500 dollars.",62500.0,0.25,17.00304341316223
deepseek/deepseek-v3.2,dictator,64,250000,2,I share 40000 dollars,40000.0,0.16,2.5571117401123047
deepseek/deepseek-v3.2,dictator,64,250000,3,"I share 100,000 dollars.",100000.0,0.4,5.864187002182007
deepseek/deepseek-v3.2,dictator,66,3,1,I share 1 dollar.,1.0,0.3333333333333333,5.139949321746826
deepseek/deepseek-v3.2,dictator,66,3,2,I share 1 dollar.,1.0,0.3333333333333333,7.573511600494385
deepseek/deepseek-v3.2,dictator,66,3,3,I share 1 dollar.,1.0,0.3333333333333333,8.389417886734009
deepseek/deepseek-v3.2,dictator,66,8,1,I share 3 dollars,3.0,0.375,6.715504169464111
deepseek/deepseek-v3.2,dictator,66,8,2,I share 3 dollars.,3.0,0.375,7.6973371505737305
deepseek/deepseek-v3.2,dictator,66,8,3,I share 2 dollars.,2.0,0.25,3.998838186264038
deepseek/deepseek-v3.2,dictator,66,5,1,I share $2.50 dollars.,2.5,0.5,12.107136487960815
deepseek/deepseek-v3.2,dictator,66,5,2,I share 2 dollars.,2.0,0.4,8.243788719177246
deepseek/deepseek-v3.2,dictator,66,5,3,I share 1 dollar.,1.0,0.2,4.270313024520874
deepseek/deepseek-v3.2,dictator,66,18,1,I share 9 dollars.,9.0,0.5,4.963427782058716
deepseek/deepseek-v3.2,dictator,66,18,2,I share 4 dollars.,4.0,0.2222222222222222,12.309476852416992
deepseek/deepseek-v3.2,dictator,66,18,3,I share 9 dollars.,9.0,0.5,4.35917067527771
deepseek/deepseek-v3.2,dictator,66,10,1,I share 5 dollars.,5.0,0.5,2.8223319053649902
deepseek/deepseek-v3.2,dictator,66,10,2,I share 3 dollars.,3.0,0.3,8.73525619506836
deepseek/deepseek-v3.2,dictator,66,10,3,I share 4 dollars.,4.0,0.4,13.81516170501709
deepseek/deepseek-v3.2,dictator,66,12,1,I share 4 dollars.,4.0,0.3333333333333333,5.725504398345947
deepseek/deepseek-v3.2,dictator,66,12,2,I share 4 dollars.,4.0,0.3333333333333333,9.72114109992981
deepseek/deepseek-v3.2,dictator,66,12,3,I share 4 dollars.,4.0,0.3333333333333333,8.799053430557251
deepseek/deepseek-v3.2,dictator,66,63,1,I share 21 dollars.,21.0,0.3333333333333333,9.496873617172241
deepseek/deepseek-v3.2,dictator,66,63,2,I share 15 dollars.,15.0,0.23809523809523808,5.352643728256226
deepseek/deepseek-v3.2,dictator,66,63,3,I share 0 dollars.,0.0,0.0,8.172710657119751
deepseek/deepseek-v3.2,dictator,66,27,1,I share 3 dollars.,3.0,0.1111111111111111,7.330604791641235
deepseek/deepseek-v3.2,dictator,66,27,2,I share $5 dollars.,5.0,0.18518518518518517,11.868566274642944
deepseek/deepseek-v3.2,dictator,66,27,3,I share 5 dollars.,5.0,0.18518518518518517,8.25858211517334
deepseek/deepseek-v3.2,dictator,66,41,1,I share 8 dollars.,8.0,0.1951219512195122,12.480233669281006
deepseek/deepseek-v3.2,dictator,66,41,2,I share $15 dollars.,15.0,0.36585365853658536,4.209725618362427
deepseek/deepseek-v3.2,dictator,66,41,3,I share $12 dollars.,12.0,0.2926829268292683,7.49491810798645
deepseek/deepseek-v3.2,dictator,66,217,1,I share 50 dollars.,50.0,0.2304147465437788,2.963388442993164
deepseek/deepseek-v3.2,dictator,66,217,2,I share 72 dollars.,72.0,0.3317972350230415,1.1365547180175781
deepseek/deepseek-v3.2,dictator,66,217,3,I share 72 dollars.,72.0,0.3317972350230415,5.3741888999938965
deepseek/deepseek-v3.2,dictator,66,144,1,I share 48 dollars.,48.0,0.3333333333333333,6.54526162147522
deepseek/deepseek-v3.2,dictator,66,144,2,I share 60 dollars.,60.0,0.4166666666666667,10.098331689834595
deepseek/deepseek-v3.2,dictator,66,144,3,I share 72 dollars.,72.0,0.5,7.167788028717041
deepseek/deepseek-v3.2,dictator,66,95,1,I share 30 dollars.,30.0,0.3157894736842105,8.264071941375732
deepseek/deepseek-v3.2,dictator,66,95,2,I share 20 dollars.,20.0,0.21052631578947367,9.760154247283936
deepseek/deepseek-v3.2,dictator,66,95,3,I share 38 dollars.,38.0,0.4,6.22501015663147
deepseek/deepseek-v3.2,dictator,66,1135,1,I share 200 dollars.,200.0,0.1762114537444934,11.395495414733887
deepseek/deepseek-v3.2,dictator,66,1135,2,I share 227 dollars.,227.0,0.2,1.6657483577728271
deepseek/deepseek-v3.2,dictator,66,1135,3,I share 200 dollars.,200.0,0.1762114537444934,5.585054397583008
deepseek/deepseek-v3.2,dictator,66,751,1,I share 150 dollars.,150.0,0.19973368841544606,6.3033607006073
deepseek/deepseek-v3.2,dictator,66,751,2,I share 150 dollars.,150.0,0.19973368841544606,10.725672006607056
deepseek/deepseek-v3.2,dictator,66,751,3,I share 225 dollars.,225.0,0.2996005326231691,6.774467706680298
deepseek/deepseek-v3.2,dictator,66,328,1,I share 98 dollars.,98.0,0.29878048780487804,8.541597127914429
deepseek/deepseek-v3.2,dictator,66,328,2,I share 50 dollars,50.0,0.1524390243902439,9.72183609008789
deepseek/deepseek-v3.2,dictator,66,328,3,I share 110 dollars.,110.0,0.3353658536585366,5.96557879447937
deepseek/deepseek-v3.2,dictator,66,496,1,I share $200 dollars.,200.0,0.4032258064516129,7.117127180099487
deepseek/deepseek-v3.2,dictator,66,496,2,I share 124 dollars.,124.0,0.25,12.588007926940918
deepseek/deepseek-v3.2,dictator,66,496,3,I share 248 dollars.,248.0,0.5,5.202203750610352
deepseek/deepseek-v3.2,dictator,66,2596,1,I share 300 dollars.,300.0,0.11556240369799692,0.7418918609619141
deepseek/deepseek-v3.2,dictator,66,2596,2,I share 800 dollars.,800.0,0.3081664098613251,5.509267091751099
deepseek/deepseek-v3.2,dictator,66,2596,3,I share 865 dollars.,865.0,0.3332049306625578,12.2824068069458
deepseek/deepseek-v3.2,dictator,66,8979,1,I share 897 dollars,897.0,0.09989976612094888,1.3443779945373535
deepseek/deepseek-v3.2,dictator,66,8979,2,I share 1796 dollars,1796.0,0.20002227419534468,10.38466215133667
deepseek/deepseek-v3.2,dictator,66,8979,3,I share $0 dollars.,0.0,0.0,6.136466026306152
deepseek/deepseek-v3.2,dictator,66,3926,1,I share 300 dollars.,300.0,0.07641365257259297,1.726226806640625
deepseek/deepseek-v3.2,dictator,66,3926,2,I share 393 dollars.,393.0,0.10010188487009679,11.583899736404419
deepseek/deepseek-v3.2,dictator,66,3926,3,I share 650 dollars.,650.0,0.16556291390728478,5.969423532485962
deepseek/deepseek-v3.2,dictator,66,13578,1,I share 2715 dollars,2715.0,0.19995581087052586,10.910608053207397
deepseek/deepseek-v3.2,dictator,66,13578,2,I share 3000 dollars.,3000.0,0.2209456473707468,5.764692544937134
deepseek/deepseek-v3.2,dictator,66,13578,3,I share 3000 dollars.,3000.0,0.2209456473707468,10.821724653244019
deepseek/deepseek-v3.2,dictator,66,5938,1,"I share 1,485 dollars",1485.0,0.25008420343550014,2.137910842895508
deepseek/deepseek-v3.2,dictator,66,5938,2,"I share $1,780 dollars",1780.0,0.2997642303805995,10.557135343551636
deepseek/deepseek-v3.2,dictator,66,5938,3,I share $1188 dollars.,1188.0,0.20006736274840015,16.442198991775513
deepseek/deepseek-v3.2,dictator,66,1717,1,I share 343 dollars.,343.0,0.1997670355270821,3.191793203353882
deepseek/deepseek-v3.2,dictator,66,1717,2,I share 400 dollars.,400.0,0.23296447291788003,4.146475791931152
deepseek/deepseek-v3.2,dictator,66,1717,3,I share 343 dollars,343.0,0.1997670355270821,28.74232816696167
deepseek/deepseek-v3.2,dictator,66,20531,1,I share 4106 dollars.,4106.0,0.19999025863328626,5.94020676612854
deepseek/deepseek-v3.2,dictator,66,20531,2,"I share $1,531 dollars.",1531.0,0.07457016219375578,11.053013801574707
deepseek/deepseek-v3.2,dictator,66,20531,3,"I share 4,106 dollars.",4106.0,0.19999025863328626,5.532933950424194
deepseek/deepseek-v3.2,dictator,66,31054,1,I share 6000 dollars,6000.0,0.1932118245636633,11.17250680923462
deepseek/deepseek-v3.2,dictator,66,31054,2,I share 6200 dollars.,6200.0,0.1996522187157854,5.12662672996521
deepseek/deepseek-v3.2,dictator,66,31054,3,"I share 10,000 dollars",10000.0,0.3220197076061055,5.452870607376099
deepseek/deepseek-v3.2,dictator,66,46962,1,I share 5000 dollars.,5000.0,0.10646906009113752,11.92115592956543
deepseek/deepseek-v3.2,dictator,66,46962,2,I share 15654 dollars.,15654.0,0.3333333333333333,4.667562484741211
deepseek/deepseek-v3.2,dictator,66,46962,3,I share 20000 dollars.,20000.0,0.4258762403645501,5.363152265548706
deepseek/deepseek-v3.2,dictator,66,162379,1,"I share 32,475 dollars.",32475.0,0.19999507325454646,5.029695749282837
deepseek/deepseek-v3.2,dictator,66,162379,2,I share 60000 dollars.,60000.0,0.3695059090153283,5.626721143722534
deepseek/deepseek-v3.2,dictator,66,162379,3,I share 48638 dollars,48638.0,0.299533806711459,6.016897678375244
deepseek/deepseek-v3.2,dictator,66,71000,1,"I share 35,500 dollars.",35500.0,0.5,5.6817238330841064
deepseek/deepseek-v3.2,dictator,66,71000,2,I share 7100 dollars.,7100.0,0.1,5.6612708568573
deepseek/deepseek-v3.2,dictator,66,71000,3,"I share 14,200 dollars.",14200.0,0.2,6.0562543869018555
deepseek/deepseek-v3.2,dictator,66,107392,1,I share 0 dollars.,0.0,0.0,6.091978549957275
deepseek/deepseek-v3.2,dictator,66,107392,2,"I share 50,000 dollars.",50000.0,0.4655840286054827,6.0956501960754395
deepseek/deepseek-v3.2,dictator,66,107392,3,"I share 40,000 dollars.",40000.0,0.37246722288438616,7.134158134460449
deepseek/deepseek-v3.2,dictator,66,250000,1,"I share 50,000 dollars",50000.0,0.2,6.489724159240723
deepseek/deepseek-v3.2,dictator,66,250000,2,I share 62500 dollars,62500.0,0.25,7.65915060043335
deepseek/deepseek-v3.2,dictator,66,250000,3,"I share 60,000 dollars.",60000.0,0.24,5.8196821212768555
deepseek/deepseek-v3.2,dictator,68,3,1,I share 1 dollar.,1.0,0.3333333333333333,5.934440612792969
deepseek/deepseek-v3.2,dictator,68,3,2,I share 1.50 dollars.,1.5,0.5,2.23713755607605
deepseek/deepseek-v3.2,dictator,68,3,3,I share 1 dollar.,1.0,0.3333333333333333,4.550701379776001
deepseek/deepseek-v3.2,dictator,68,1,1,I share 0.30 dollars.,0.3,0.3,8.258873462677002
deepseek/deepseek-v3.2,dictator,68,1,2,I share 0 dollars.,0.0,0.0,4.16934061050415
deepseek/deepseek-v3.2,dictator,68,1,3,I share 0.20 dollars,0.2,0.2,7.0424721240997314
deepseek/deepseek-v3.2,dictator,68,2,1,I share 1 dollar.,1.0,0.5,6.631739616394043
deepseek/deepseek-v3.2,dictator,68,2,2,I share 0 dollars,0.0,0.0,5.770806789398193
deepseek/deepseek-v3.2,dictator,68,2,3,I share 1 dollar.,1.0,0.5,17.660226106643677
deepseek/deepseek-v3.2,dictator,68,8,1,I share 1 dollar.,1.0,0.125,7.2934489250183105
deepseek/deepseek-v3.2,dictator,68,8,2,I share 3 dollars.,3.0,0.375,4.407289028167725
deepseek/deepseek-v3.2,dictator,68,8,3,I share 2 dollars.,2.0,0.25,12.297374725341797
deepseek/deepseek-v3.2,dictator,68,5,1,I share 1 dollar.,1.0,0.2,9.094178915023804
deepseek/deepseek-v3.2,dictator,68,5,2,I share 2 dollars.,2.0,0.4,4.695112466812134
deepseek/deepseek-v3.2,dictator,68,5,3,I share 2 dollars,2.0,0.4,13.389941215515137
deepseek/deepseek-v3.2,dictator,68,10,1,I share 2 dollars,2.0,0.2,6.189202785491943
deepseek/deepseek-v3.2,dictator,68,10,2,I share 3 dollars.,3.0,0.3,12.122775077819824
deepseek/deepseek-v3.2,dictator,68,10,3,I share 3 dollars.,3.0,0.3,4.02971887588501
deepseek/deepseek-v3.2,dictator,68,12,1,I share 2 dollars,2.0,0.16666666666666666,3.346038579940796
deepseek/deepseek-v3.2,dictator,68,12,2,I share 3 dollars.,3.0,0.25,10.483698844909668
deepseek/deepseek-v3.2,dictator,68,12,3,I share 6 dollars.,6.0,0.5,4.3078532218933105
deepseek/deepseek-v3.2,dictator,68,27,1,I share $8 dollars.,8.0,0.2962962962962963,6.364205837249756
deepseek/deepseek-v3.2,dictator,68,27,2,I share 9 dollars.,9.0,0.3333333333333333,4.760127544403076
deepseek/deepseek-v3.2,dictator,68,27,3,I share 9 dollars.,9.0,0.3333333333333333,5.581734895706177
deepseek/deepseek-v3.2,dictator,68,63,1,I share 32 dollars.,32.0,0.5079365079365079,3.5637402534484863
deepseek/deepseek-v3.2,dictator,68,63,2,I share 21 dollars.,21.0,0.3333333333333333,5.899905204772949
deepseek/deepseek-v3.2,dictator,68,63,3,I share 25 dollars.,25.0,0.3968253968253968,5.576711654663086
deepseek/deepseek-v3.2,dictator,68,41,1,I share 15 dollars.,15.0,0.36585365853658536,3.8834002017974854
deepseek/deepseek-v3.2,dictator,68,41,2,I share 5 dollars.,5.0,0.12195121951219512,5.349679946899414
deepseek/deepseek-v3.2,dictator,68,41,3,I share $20 dollars.,20.0,0.4878048780487805,7.797809362411499
deepseek/deepseek-v3.2,dictator,68,18,1,I share 6 dollars.,6.0,0.3333333333333333,15.058020830154419
deepseek/deepseek-v3.2,dictator,68,18,2,I share 9 dollars.,9.0,0.5,5.898325204849243
deepseek/deepseek-v3.2,dictator,68,18,3,I share 6 dollars.,6.0,0.3333333333333333,6.775810956954956
deepseek/deepseek-v3.2,dictator,68,95,1,I share 30 dollars.,30.0,0.3157894736842105,8.036211252212524
deepseek/deepseek-v3.2,dictator,68,95,2,I share 0 dollars.,0.0,0.0,3.9868388175964355
deepseek/deepseek-v3.2,dictator,68,95,3,I share 20 dollars.,20.0,0.21052631578947367,6.353984355926514
deepseek/deepseek-v3.2,dictator,68,144,1,I share 50 dollars.,50.0,0.3472222222222222,4.7911670207977295
deepseek/deepseek-v3.2,dictator,68,144,2,I share 48 dollars.,48.0,0.3333333333333333,11.874934434890747
deepseek/deepseek-v3.2,dictator,68,144,3,I share 36 dollars.,36.0,0.25,5.965075492858887
deepseek/deepseek-v3.2,dictator,68,217,1,I share 65 dollars.,65.0,0.2995391705069124,7.181236982345581
deepseek/deepseek-v3.2,dictator,68,217,2,I share 72 dollars.,72.0,0.3317972350230415,5.318603038787842
deepseek/deepseek-v3.2,dictator,68,217,3,I share 60 dollars.,60.0,0.2764976958525346,6.232962608337402
deepseek/deepseek-v3.2,dictator,68,496,1,I share 124 dollars.,124.0,0.25,6.934136867523193
deepseek/deepseek-v3.2,dictator,68,496,2,I share $124 dollars.,124.0,0.25,3.860795497894287
deepseek/deepseek-v3.2,dictator,68,496,3,I share 124 dollars.,124.0,0.25,6.0810534954071045
deepseek/deepseek-v3.2,dictator,68,1135,1,I share 340 dollars,340.0,0.29955947136563876,3.935572624206543
deepseek/deepseek-v3.2,dictator,68,1135,2,I share 200 dollars.,200.0,0.1762114537444934,7.58720850944519
deepseek/deepseek-v3.2,dictator,68,1135,3,I share 284 dollars.,284.0,0.25022026431718064,5.028243064880371
deepseek/deepseek-v3.2,dictator,68,751,1,I share 150 dollars,150.0,0.19973368841544606,7.646493911743164
deepseek/deepseek-v3.2,dictator,68,751,2,I share 225 dollars.,225.0,0.2996005326231691,4.05824875831604
deepseek/deepseek-v3.2,dictator,68,751,3,I share 200 dollars,200.0,0.2663115845539281,5.617828369140625
deepseek/deepseek-v3.2,dictator,68,328,1,I share 82 dollars.,82.0,0.25,6.239295244216919
deepseek/deepseek-v3.2,dictator,68,328,2,I share 65 dollars.,65.0,0.19817073170731708,6.0733442306518555
deepseek/deepseek-v3.2,dictator,68,328,3,I share 49 dollars.,49.0,0.14939024390243902,5.627676248550415
deepseek/deepseek-v3.2,dictator,68,1717,1,I share 343 dollars.,343.0,0.1997670355270821,7.232469081878662
deepseek/deepseek-v3.2,dictator,68,1717,2,I share 343 dollars.,343.0,0.1997670355270821,5.454042673110962
deepseek/deepseek-v3.2,dictator,68,1717,3,I share 300 dollars.,300.0,0.17472335468841002,10.963125467300415
deepseek/deepseek-v3.2,dictator,68,2596,1,I share 260 dollars.,260.0,0.10015408320493066,4.682807445526123
deepseek/deepseek-v3.2,dictator,68,2596,2,I share 1000 dollars.,1000.0,0.3852080123266564,10.582279682159424
deepseek/deepseek-v3.2,dictator,68,2596,3,I share 300 dollars.,300.0,0.11556240369799692,5.614987373352051
deepseek/deepseek-v3.2,dictator,68,3926,1,I share 100 dollars.,100.0,0.02547121752419766,5.894585609436035
deepseek/deepseek-v3.2,dictator,68,3926,2,I share 800 dollars.,800.0,0.20376974019358127,12.382736206054688
deepseek/deepseek-v3.2,dictator,68,3926,3,I share 500 dollars.,500.0,0.1273560876209883,4.566560506820679
deepseek/deepseek-v3.2,dictator,68,13578,1,I share 500 dollars.,500.0,0.03682427456179113,9.459755897521973
deepseek/deepseek-v3.2,dictator,68,13578,2,I share 1357 dollars.,1357.0,0.09994108116070113,5.360997676849365
deepseek/deepseek-v3.2,dictator,68,13578,3,I share 1357 dollars.,1357.0,0.09994108116070113,6.109802722930908
deepseek/deepseek-v3.2,dictator,68,8979,1,I share 300 dollars.,300.0,0.03341129301703976,10.310815334320068
deepseek/deepseek-v3.2,dictator,68,8979,2,I share 1796 dollars.,1796.0,0.20002227419534468,8.154340744018555
deepseek/deepseek-v3.2,dictator,68,8979,3,I share 1796 dollars.,1796.0,0.20002227419534468,3.1966257095336914
deepseek/deepseek-v3.2,dictator,68,5938,1,I share $890 dollars.,890.0,0.14988211519029976,13.935097217559814
deepseek/deepseek-v3.2,dictator,68,5938,2,I share 1781 dollars.,1781.0,0.29993263725159985,4.972199440002441
deepseek/deepseek-v3.2,dictator,68,5938,3,I share 593 dollars.,593.0,0.09986527450319974,3.2650504112243652
deepseek/deepseek-v3.2,dictator,68,31054,1,I share 4000 dollars.,4000.0,0.1288078830424422,5.700866460800171
deepseek/deepseek-v3.2,dictator,68,31054,2,"I share 2,500 dollars.",2500.0,0.08050492690152637,4.9910314083099365
deepseek/deepseek-v3.2,dictator,68,31054,3,I share 6200 dollars.,6200.0,0.1996522187157854,12.552486896514893
deepseek/deepseek-v3.2,dictator,68,20531,1,I share 2500 dollars.,2500.0,0.12176708392187424,9.971497535705566
deepseek/deepseek-v3.2,dictator,68,20531,2,I share 4095 dollars,4095.0,0.19945448346403,4.715757131576538
deepseek/deepseek-v3.2,dictator,68,20531,3,I share 2053 dollars.,2053.0,0.09999512931664313,12.74529480934143
deepseek/deepseek-v3.2,dictator,68,46962,1,I share 5000 dollars.,5000.0,0.10646906009113752,4.059546232223511
deepseek/deepseek-v3.2,dictator,68,46962,2,I share 9392 dollars.,9392.0,0.19999148247519272,5.230742692947388
deepseek/deepseek-v3.2,dictator,68,46962,3,"I share 10,000 dollars.",10000.0,0.21293812018227504,12.018627643585205
deepseek/deepseek-v3.2,dictator,68,162379,1,"I share 16,238 dollars.",16238.0,0.10000061584318169,4.084161281585693
deepseek/deepseek-v3.2,dictator,68,162379,2,"I share 40,000 dollars.",40000.0,0.24633727267688557,12.570558309555054
deepseek/deepseek-v3.2,dictator,68,162379,3,"I share 16,238 dollars.",16238.0,0.10000061584318169,25.32068371772766
deepseek/deepseek-v3.2,dictator,68,71000,1,I share 14000 dollars.,14000.0,0.19718309859154928,4.938588619232178
deepseek/deepseek-v3.2,dictator,68,71000,2,I share 35000 dollars.,35000.0,0.49295774647887325,12.552910089492798
deepseek/deepseek-v3.2,dictator,68,71000,3,I share 28400 dollars.,28400.0,0.4,25.530786752700806
deepseek/deepseek-v3.2,dictator,68,107392,1,"I share 38,000 dollars.",38000.0,0.35384386174016685,4.97593355178833
deepseek/deepseek-v3.2,dictator,68,107392,2,"I share 30,000 dollars.",30000.0,0.2793504171632896,12.036826610565186
deepseek/deepseek-v3.2,dictator,68,107392,3,I share 357 dollars.,357.0,0.0033242699642431466,26.002801179885864
deepseek/deepseek-v3.2,dictator,70,1,1,I share 0.50 dollars.,0.5,0.5,26.177812337875366
deepseek/deepseek-v3.2,dictator,70,1,2,I share 0.30 dollars.,0.3,0.3,3.533214807510376
deepseek/deepseek-v3.2,dictator,70,1,3,I share 0.10 dollars.,0.1,0.1,6.328221082687378
deepseek/deepseek-v3.2,dictator,68,250000,1,"I share 50,000 dollars.",50000.0,0.2,26.417563676834106
deepseek/deepseek-v3.2,dictator,68,250000,2,I share 50000 dollars.,50000.0,0.2,3.022956132888794
deepseek/deepseek-v3.2,dictator,68,250000,3,"I share 40,000 dollars",40000.0,0.16,6.944489479064941
deepseek/deepseek-v3.2,dictator,70,2,1,I share 0 dollars.,0.0,0.0,26.805125951766968
deepseek/deepseek-v3.2,dictator,70,2,2,I share 0 dollars.,0.0,0.0,3.3874306678771973
deepseek/deepseek-v3.2,dictator,70,2,3,I share $0 dollars.,0.0,0.0,6.004039525985718
deepseek/deepseek-v3.2,dictator,70,3,1,I share 1 dollars.,1.0,0.3333333333333333,7.811402797698975
deepseek/deepseek-v3.2,dictator,70,3,2,I share 1 dollar.,1.0,0.3333333333333333,3.0412867069244385
deepseek/deepseek-v3.2,dictator,70,3,3,I share 1 dollar.,1.0,0.3333333333333333,6.637353181838989
deepseek/deepseek-v3.2,dictator,70,5,1,I share 0 dollars.,0.0,0.0,5.057480335235596
deepseek/deepseek-v3.2,dictator,70,5,2,I share $2 dollars,2.0,0.4,6.071075677871704
deepseek/deepseek-v3.2,dictator,70,5,3,I share 1 dollars.,1.0,0.2,7.896657705307007
deepseek/deepseek-v3.2,dictator,70,8,1,I share 0 dollars.,0.0,0.0,3.7577829360961914
deepseek/deepseek-v3.2,dictator,70,8,2,I share 2 dollars.,2.0,0.25,8.227292537689209
deepseek/deepseek-v3.2,dictator,70,8,3,I share 4 dollars.,4.0,0.5,7.327132701873779
deepseek/deepseek-v3.2,dictator,70,27,1,I share 5 dollars.,5.0,0.18518518518518517,3.711411952972412
deepseek/deepseek-v3.2,dictator,70,27,2,I share 5 dollars.,5.0,0.18518518518518517,2.0921080112457275
deepseek/deepseek-v3.2,dictator,70,27,3,I share 9 dollars.,9.0,0.3333333333333333,15.707504510879517
deepseek/deepseek-v3.2,dictator,70,18,1,I share 6 dollars.,6.0,0.3333333333333333,16.108259916305542
deepseek/deepseek-v3.2,dictator,70,18,2,I share 9 dollars.,9.0,0.5,11.573213577270508
deepseek/deepseek-v3.2,dictator,70,18,3,I share 6 dollars.,6.0,0.3333333333333333,0.7580277919769287
deepseek/deepseek-v3.2,dictator,70,12,1,I share 4 dollars.,4.0,0.3333333333333333,9.788824558258057
deepseek/deepseek-v3.2,dictator,70,12,2,I share 4 dollars.,4.0,0.3333333333333333,3.7192153930664062
deepseek/deepseek-v3.2,dictator,70,12,3,I share 3 dollars.,3.0,0.25,15.76504635810852
deepseek/deepseek-v3.2,dictator,70,41,1,I share $20 dollars.,20.0,0.4878048780487805,4.8145952224731445
deepseek/deepseek-v3.2,dictator,70,41,2,I share 12 dollars.,12.0,0.2926829268292683,15.228270053863525
deepseek/deepseek-v3.2,dictator,70,41,3,I share 8 dollars.,8.0,0.1951219512195122,1.8537251949310303
deepseek/deepseek-v3.2,dictator,70,10,1,I share 3 dollars.,3.0,0.3,8.203255891799927
deepseek/deepseek-v3.2,dictator,70,10,2,I share 3 dollars,3.0,0.3,3.633598804473877
deepseek/deepseek-v3.2,dictator,70,10,3,I share 2 dollars.,2.0,0.2,19.076732397079468
deepseek/deepseek-v3.2,dictator,70,63,1,I share 12 dollars.,12.0,0.19047619047619047,3.4460630416870117
deepseek/deepseek-v3.2,dictator,70,63,2,I share 30 dollars.,30.0,0.47619047619047616,17.316645860671997
deepseek/deepseek-v3.2,dictator,70,63,3,I share 25 dollars,25.0,0.3968253968253968,6.237118482589722
deepseek/deepseek-v3.2,dictator,70,95,1,I share 30 dollars.,30.0,0.3157894736842105,1.2828514575958252
deepseek/deepseek-v3.2,dictator,70,95,2,I share 40 dollars.,40.0,0.42105263157894735,6.950065612792969
deepseek/deepseek-v3.2,dictator,70,95,3,I share 40 dollars.,40.0,0.42105263157894735,11.540610551834106
deepseek/deepseek-v3.2,dictator,70,328,1,I share 65 dollars.,65.0,0.19817073170731708,8.81580376625061
deepseek/deepseek-v3.2,dictator,70,328,2,I share 65 dollars.,65.0,0.19817073170731708,8.53357219696045
deepseek/deepseek-v3.2,dictator,70,328,3,I share 100 dollars.,100.0,0.3048780487804878,6.063076972961426
deepseek/deepseek-v3.2,dictator,70,751,1,I share 150 dollars.,150.0,0.19973368841544606,10.315196990966797
deepseek/deepseek-v3.2,dictator,70,751,2,I share 150 dollars.,150.0,0.19973368841544606,6.943845510482788
deepseek/deepseek-v3.2,dictator,70,751,3,I share 75 dollars.,75.0,0.09986684420772303,5.697463035583496
deepseek/deepseek-v3.2,dictator,70,217,1,I share 50 dollars.,50.0,0.2304147465437788,7.885949373245239
deepseek/deepseek-v3.2,dictator,70,217,2,I share 50 dollars.,50.0,0.2304147465437788,16.17690634727478
deepseek/deepseek-v3.2,dictator,70,217,3,I share 50 dollars.,50.0,0.2304147465437788,9.82835865020752
deepseek/deepseek-v3.2,dictator,70,496,1,I share 80 dollars,80.0,0.16129032258064516,5.513041734695435
deepseek/deepseek-v3.2,dictator,70,496,2,I share 124 dollars.,124.0,0.25,11.164573669433594
deepseek/deepseek-v3.2,dictator,70,496,3,I share 100 dollars.,100.0,0.20161290322580644,16.879390954971313
deepseek/deepseek-v3.2,dictator,70,1135,1,I share 200 dollars,200.0,0.1762114537444934,5.763761043548584
deepseek/deepseek-v3.2,dictator,70,1135,2,I share 200 dollars.,200.0,0.1762114537444934,4.943986177444458
deepseek/deepseek-v3.2,dictator,70,1135,3,I share 400 dollars.,400.0,0.3524229074889868,6.045666217803955
deepseek/deepseek-v3.2,dictator,70,1717,1,I share 343 dollars.,343.0,0.1997670355270821,6.8736865520477295
deepseek/deepseek-v3.2,dictator,70,1717,2,I share 500 dollars.,500.0,0.29120559114735,7.568364858627319
deepseek/deepseek-v3.2,dictator,70,1717,3,I share 343 dollars.,343.0,0.1997670355270821,9.26528811454773
deepseek/deepseek-v3.2,dictator,70,2596,1,I share 500 dollars,500.0,0.1926040061633282,5.706079959869385
deepseek/deepseek-v3.2,dictator,70,2596,2,I share 500 dollars,500.0,0.1926040061633282,10.454590320587158
deepseek/deepseek-v3.2,dictator,70,2596,3,I share 400 dollars.,400.0,0.15408320493066255,11.554452180862427
deepseek/deepseek-v3.2,dictator,70,3926,1,I share 392 dollars.,392.0,0.09984717269485481,4.299231052398682
deepseek/deepseek-v3.2,dictator,70,3926,2,I share 784 dollars.,784.0,0.19969434538970962,9.315206527709961
deepseek/deepseek-v3.2,dictator,70,3926,3,I share 392 dollars.,392.0,0.09984717269485481,11.268840551376343
deepseek/deepseek-v3.2,dictator,70,5938,1,I share 1000 dollars,1000.0,0.16840687100033683,12.451261758804321
deepseek/deepseek-v3.2,dictator,70,5938,2,I share 1000 dollars,1000.0,0.16840687100033683,13.03389286994934
deepseek/deepseek-v3.2,dictator,70,5938,3,I share 297 dollars.,297.0,0.050016840687100036,5.126062870025635
deepseek/deepseek-v3.2,dictator,70,13578,1,"I share 3,000 dollars.",3000.0,0.2209456473707468,9.705299139022827
deepseek/deepseek-v3.2,dictator,70,13578,2,I share 2716 dollars.,2716.0,0.20002945941964942,6.6597654819488525
deepseek/deepseek-v3.2,dictator,70,13578,3,I share 4000 dollars.,4000.0,0.29459419649432905,4.285884857177734
deepseek/deepseek-v3.2,dictator,70,8979,1,I share 898 dollars.,898.0,0.10001113709767234,11.496563911437988
deepseek/deepseek-v3.2,dictator,70,8979,2,I share 1795 dollars.,1795.0,0.19991090321862123,16.180320739746094
deepseek/deepseek-v3.2,dictator,70,8979,3,I share 1500 dollars,1500.0,0.1670564650851988,7.67366361618042
deepseek/deepseek-v3.2,dictator,70,31054,1,I share 6200 dollars.,6200.0,0.1996522187157854,5.505999803543091
deepseek/deepseek-v3.2,dictator,70,31054,2,"I share 10,000 dollars.",10000.0,0.3220197076061055,5.982891321182251
deepseek/deepseek-v3.2,dictator,70,31054,3,"I share 6,211 dollars.",6211.0,0.20000644039415214,4.642197370529175
deepseek/deepseek-v3.2,dictator,70,20531,1,I share 3500 dollars.,3500.0,0.17047391749062393,6.995302438735962
deepseek/deepseek-v3.2,dictator,70,20531,2,I share 3000 dollars,3000.0,0.14612050070624907,3.7468020915985107
deepseek/deepseek-v3.2,dictator,70,20531,3,I share 4106 dollars.,4106.0,0.19999025863328626,6.879906177520752
deepseek/deepseek-v3.2,dictator,70,46962,1,I share 4696 dollars.,4696.0,0.09999574123759636,4.7061779499053955
deepseek/deepseek-v3.2,dictator,70,46962,2,"I share 10,000 dollars.",10000.0,0.21293812018227504,4.370943069458008
deepseek/deepseek-v3.2,dictator,70,46962,3,"I share $9,392 dollars",9392.0,0.19999148247519272,11.627141952514648
deepseek/deepseek-v3.2,dictator,70,71000,1,"I share 35,500 dollars.",35500.0,0.5,5.408355236053467
deepseek/deepseek-v3.2,dictator,70,71000,2,I share 7000 dollars.,7000.0,0.09859154929577464,10.818369626998901
deepseek/deepseek-v3.2,dictator,70,71000,3,I share 14200 dollars,14200.0,0.2,5.373493432998657
deepseek/deepseek-v3.2,dictator,70,107392,1,"I share 30,000 dollars.",30000.0,0.2793504171632896,4.5154054164886475
deepseek/deepseek-v3.2,dictator,70,107392,2,"I share $35,000 dollars.",35000.0,0.3259088200238379,10.821510076522827
deepseek/deepseek-v3.2,dictator,70,107392,3,"I share 53,696 dollars.",53696.0,0.5,5.488176107406616
deepseek/deepseek-v3.2,dictator,70,162379,1,"I share 32,475 dollars",32475.0,0.19999507325454646,9.926373481750488
deepseek/deepseek-v3.2,dictator,70,162379,2,"I share 32,476 dollars.",32476.0,0.20000123168636338,5.329169988632202
deepseek/deepseek-v3.2,dictator,70,162379,3,"I share 40,000 dollars.",40000.0,0.24633727267688557,6.296724557876587
deepseek/deepseek-v3.2,dictator,70,250000,1,"I share 50,000 dollars.",50000.0,0.2,10.921860218048096
deepseek/deepseek-v3.2,dictator,70,250000,2,"I share $20,000 dollars.",20000.0,0.08,6.580392837524414
deepseek/deepseek-v3.2,dictator,70,250000,3,"I share 50,000 dollars.",50000.0,0.2,4.74582576751709
deepseek/deepseek-v3.2,dictator,72,1,1,I share 0.40 dollars.,0.4,0.4,6.160143613815308
deepseek/deepseek-v3.2,dictator,72,1,2,I share 0 dollars.,0.0,0.0,7.460546016693115
deepseek/deepseek-v3.2,dictator,72,1,3,I share 0 dollars.,0.0,0.0,9.186437368392944
deepseek/deepseek-v3.2,dictator,72,3,1,I share 1 dollar.,1.0,0.3333333333333333,5.207001447677612
deepseek/deepseek-v3.2,dictator,72,3,2,I share 1 dollar.,1.0,0.3333333333333333,10.913787126541138
deepseek/deepseek-v3.2,dictator,72,3,3,I share 1 dollar.,1.0,0.3333333333333333,5.7280120849609375
deepseek/deepseek-v3.2,dictator,72,8,1,I share 2 dollars.,2.0,0.25,10.820204496383667
deepseek/deepseek-v3.2,dictator,72,8,2,I share 3 dollars,3.0,0.375,11.909271478652954
deepseek/deepseek-v3.2,dictator,72,8,3,I share 3 dollars.,3.0,0.375,10.5482816696167
deepseek/deepseek-v3.2,dictator,72,2,1,I share 1 dollar.,1.0,0.5,12.176313638687134
deepseek/deepseek-v3.2,dictator,72,2,2,I share 1 dollar.,1.0,0.5,18.086425065994263
deepseek/deepseek-v3.2,dictator,72,2,3,I share 0.50 dollars.,0.5,0.25,15.093433856964111
deepseek/deepseek-v3.2,dictator,72,5,1,I share 1 dollar.,1.0,0.2,11.670323371887207
deepseek/deepseek-v3.2,dictator,72,5,2,I share 1 dollar.,1.0,0.2,17.191066026687622
deepseek/deepseek-v3.2,dictator,72,5,3,I share 1 dollar.,1.0,0.2,5.618774652481079
deepseek/deepseek-v3.2,dictator,72,10,1,I share 2 dollars.,2.0,0.2,4.379514932632446
deepseek/deepseek-v3.2,dictator,72,10,2,I share 4 dollars.,4.0,0.4,17.607587099075317
deepseek/deepseek-v3.2,dictator,72,10,3,I share 3 dollars.,3.0,0.3,5.610378265380859
deepseek/deepseek-v3.2,dictator,70,144,1,I share 20 dollars.,20.0,0.1388888888888889,8.28926396369934
deepseek/deepseek-v3.2,dictator,70,144,2,I share 50 dollars.,50.0,0.3472222222222222,11.312733173370361
deepseek/deepseek-v3.2,dictator,70,144,3,I share 43 dollars.,43.0,0.2986111111111111,24.991551160812378
deepseek/deepseek-v3.2,dictator,72,12,1,I share 4 dollars.,4.0,0.3333333333333333,18.914363861083984
deepseek/deepseek-v3.2,dictator,72,12,2,I share 3 dollars.,3.0,0.25,6.491102695465088
deepseek/deepseek-v3.2,dictator,72,12,3,I share 3 dollars.,3.0,0.25,11.825771808624268
deepseek/deepseek-v3.2,dictator,72,18,1,I share 4 dollars.,4.0,0.2222222222222222,6.14398980140686
deepseek/deepseek-v3.2,dictator,72,18,2,I share 4 dollars.,4.0,0.2222222222222222,8.895303726196289
deepseek/deepseek-v3.2,dictator,72,18,3,I share 5 dollars.,5.0,0.2777777777777778,10.026730060577393
deepseek/deepseek-v3.2,dictator,72,63,1,I share 31 dollars.,31.0,0.49206349206349204,5.868549823760986
deepseek/deepseek-v3.2,dictator,72,63,2,I share 31 dollars.,31.0,0.49206349206349204,11.412243127822876
deepseek/deepseek-v3.2,dictator,72,63,3,I share 15 dollars.,15.0,0.23809523809523808,16.105907440185547
deepseek/deepseek-v3.2,dictator,72,41,1,I share 10 dollars.,10.0,0.24390243902439024,6.177093982696533
deepseek/deepseek-v3.2,dictator,72,41,2,I share $0 dollars.,0.0,0.0,15.721953868865967
deepseek/deepseek-v3.2,dictator,72,41,3,I share $20 dollars.,20.0,0.4878048780487805,13.206498622894287
deepseek/deepseek-v3.2,dictator,72,95,1,I share 47 dollars,47.0,0.49473684210526314,10.973800897598267
deepseek/deepseek-v3.2,dictator,72,95,2,I share 28 dollars.,28.0,0.29473684210526313,6.441117763519287
deepseek/deepseek-v3.2,dictator,72,95,3,I share 0 dollars.,0.0,0.0,16.974277019500732
deepseek/deepseek-v3.2,dictator,72,27,1,I share 9 dollars.,9.0,0.3333333333333333,8.975768804550171
deepseek/deepseek-v3.2,dictator,72,27,2,I share 7 dollars.,7.0,0.25925925925925924,9.959297895431519
deepseek/deepseek-v3.2,dictator,72,27,3,I share 9 dollars.,9.0,0.3333333333333333,17.603751182556152
deepseek/deepseek-v3.2,dictator,72,751,1,I share 150 dollars.,150.0,0.19973368841544606,5.2087836265563965
deepseek/deepseek-v3.2,dictator,72,751,2,I share 150 dollars.,150.0,0.19973368841544606,3.5976977348327637
deepseek/deepseek-v3.2,dictator,72,751,3,I share 200 dollars.,200.0,0.2663115845539281,5.826597452163696
deepseek/deepseek-v3.2,dictator,72,1135,1,I share 200 dollars.,200.0,0.1762114537444934,2.6899707317352295
deepseek/deepseek-v3.2,dictator,72,1135,2,I share 340 dollars.,340.0,0.29955947136563876,5.838217258453369
deepseek/deepseek-v3.2,dictator,72,1135,3,I share 340 dollars.,340.0,0.29955947136563876,5.537330627441406
deepseek/deepseek-v3.2,dictator,72,328,1,I share 41 dollars,41.0,0.125,6.7394843101501465
deepseek/deepseek-v3.2,dictator,72,328,2,I share 65 dollars.,65.0,0.19817073170731708,4.444164752960205
deepseek/deepseek-v3.2,dictator,72,328,3,I share 65 dollars.,65.0,0.19817073170731708,5.766366004943848
deepseek/deepseek-v3.2,dictator,72,496,1,I share 96 dollars.,96.0,0.1935483870967742,5.2132954597473145
deepseek/deepseek-v3.2,dictator,72,496,2,I share 124 dollars.,124.0,0.25,5.483961343765259
deepseek/deepseek-v3.2,dictator,72,496,3,I share 100 dollars.,100.0,0.20161290322580644,6.24741005897522
deepseek/deepseek-v3.2,dictator,72,144,1,I share 36 dollars.,36.0,0.25,19.29680037498474
deepseek/deepseek-v3.2,dictator,72,144,2,I share 36 dollars,36.0,0.25,8.405508041381836
deepseek/deepseek-v3.2,dictator,72,144,3,I share 72 dollars.,72.0,0.5,9.845396280288696
deepseek/deepseek-v3.2,dictator,72,2596,1,I share 600 dollars.,600.0,0.23112480739599384,11.623713254928589
deepseek/deepseek-v3.2,dictator,72,2596,2,I share 260 dollars.,260.0,0.10015408320493066,5.431551694869995
deepseek/deepseek-v3.2,dictator,72,2596,3,I share 649 dollars.,649.0,0.25,6.5424485206604
deepseek/deepseek-v3.2,dictator,72,1717,1,I share 343 dollars.,343.0,0.1997670355270821,12.104905605316162
deepseek/deepseek-v3.2,dictator,72,1717,2,I share 343 dollars.,343.0,0.1997670355270821,7.7435009479522705
deepseek/deepseek-v3.2,dictator,72,1717,3,I share 500 dollars.,500.0,0.29120559114735,5.84126615524292
deepseek/deepseek-v3.2,dictator,72,3926,1,I share 0 dollars.,0.0,0.0,11.841920137405396
deepseek/deepseek-v3.2,dictator,72,3926,2,I share 392 dollars,392.0,0.09984717269485481,6.416812896728516
deepseek/deepseek-v3.2,dictator,72,3926,3,I share 0 dollars.,0.0,0.0,8.921943664550781
deepseek/deepseek-v3.2,dictator,72,8979,1,I share 1795 dollars.,1795.0,0.19991090321862123,5.890919923782349
deepseek/deepseek-v3.2,dictator,72,8979,2,I share 359 dollars.,359.0,0.03998218064372425,4.869171857833862
deepseek/deepseek-v3.2,dictator,72,8979,3,I share 1000 dollars.,1000.0,0.11137097672346587,5.359363794326782
deepseek/deepseek-v3.2,dictator,72,5938,1,I share 1000 dollars.,1000.0,0.16840687100033683,10.319490194320679
deepseek/deepseek-v3.2,dictator,72,5938,2,I share 2970 dollars,2970.0,0.5001684068710003,5.634633541107178
deepseek/deepseek-v3.2,dictator,72,5938,3,I share $2000 dollars.,2000.0,0.33681374200067365,13.080931901931763
deepseek/deepseek-v3.2,dictator,72,13578,1,I share 4000 dollars.,4000.0,0.29459419649432905,3.504990816116333
deepseek/deepseek-v3.2,dictator,72,13578,2,I share 3395 dollars.,3395.0,0.2500368242745618,12.054859638214111
deepseek/deepseek-v3.2,dictator,72,13578,3,I share 678 dollars.,678.0,0.04993371630578878,10.034037828445435
deepseek/deepseek-v3.2,dictator,72,71000,1,"I share 12,000 dollars.",12000.0,0.16901408450704225,6.216552495956421
deepseek/deepseek-v3.2,dictator,72,71000,2,"I share 10,000 dollars.",10000.0,0.14084507042253522,11.662030935287476
deepseek/deepseek-v3.2,dictator,72,71000,3,"I share 10,000 dollars.",10000.0,0.14084507042253522,10.914000034332275
deepseek/deepseek-v3.2,dictator,72,31054,1,I share 3105 dollars.,3105.0,0.09998711921169576,9.582452058792114
deepseek/deepseek-v3.2,dictator,72,31054,2,I share 8000 dollars.,8000.0,0.2576157660848844,11.494912385940552
deepseek/deepseek-v3.2,dictator,72,31054,3,"I share 8,750 dollars.",8750.0,0.2817672441553423,10.929730415344238
deepseek/deepseek-v3.2,dictator,72,20531,1,I share 2053 dollars,2053.0,0.09999512931664313,11.86736273765564
deepseek/deepseek-v3.2,dictator,72,20531,2,I share 4106 dollars,4106.0,0.19999025863328626,11.666433334350586
deepseek/deepseek-v3.2,dictator,72,20531,3,I share 2053 dollars.,2053.0,0.09999512931664313,11.266415357589722
deepseek/deepseek-v3.2,dictator,72,46962,1,I share 5000 dollars.,5000.0,0.10646906009113752,9.815024375915527
deepseek/deepseek-v3.2,dictator,72,46962,2,"I share 10,000 dollars.",10000.0,0.21293812018227504,11.83607268333435
deepseek/deepseek-v3.2,dictator,72,46962,3,"I share 9,392 dollars.",9392.0,0.19999148247519272,11.098990678787231
deepseek/deepseek-v3.2,dictator,72,162379,1,I share 3247 dollars.,3247.0,0.019996428109546185,1.4895210266113281
deepseek/deepseek-v3.2,dictator,72,162379,2,I share 40595 dollars,40595.0,0.25000153960795424,1.321167230606079
deepseek/deepseek-v3.2,dictator,72,162379,3,"I share 16,238 dollars.",16238.0,0.10000061584318169,5.563689708709717
deepseek/deepseek-v3.2,dictator,72,250000,1,"I share 15,000 dollars",15000.0,0.06,1.9592328071594238
deepseek/deepseek-v3.2,dictator,72,250000,2,"I share 50,000 dollars.",50000.0,0.2,6.92032265663147
deepseek/deepseek-v3.2,dictator,72,250000,3,"I share 50,000 dollars",50000.0,0.2,6.511910438537598
deepseek/deepseek-v3.2,dictator,74,1,1,I share 0.25 dollars.,0.25,0.25,2.108027458190918
deepseek/deepseek-v3.2,dictator,74,1,2,I share 0.10 dollars.,0.1,0.1,6.475621938705444
deepseek/deepseek-v3.2,dictator,74,1,3,I share 0.30 dollars.,0.3,0.3,6.483420133590698
deepseek/deepseek-v3.2,dictator,74,2,1,I share 0 dollars.,0.0,0.0,3.8381171226501465
deepseek/deepseek-v3.2,dictator,74,2,2,I share 0.50 dollars.,0.5,0.25,6.28034234046936
deepseek/deepseek-v3.2,dictator,74,2,3,I share 1 dollars,1.0,0.5,4.385348796844482
deepseek/deepseek-v3.2,dictator,72,107392,1,"I share $35,000 dollars.",35000.0,0.3259088200238379,13.211654424667358
deepseek/deepseek-v3.2,dictator,72,107392,2,I share 30000 dollars,30000.0,0.2793504171632896,7.082291603088379
deepseek/deepseek-v3.2,dictator,72,107392,3,"I share 50,000 dollars",50000.0,0.4655840286054827,7.106539964675903
deepseek/deepseek-v3.2,dictator,74,3,1,I share 0 dollars.,0.0,0.0,7.9029529094696045
deepseek/deepseek-v3.2,dictator,74,3,2,I share 1 dollar.,1.0,0.3333333333333333,6.2588043212890625
deepseek/deepseek-v3.2,dictator,74,3,3,I share 1 dollar.,1.0,0.3333333333333333,4.033672094345093
deepseek/deepseek-v3.2,dictator,74,10,1,I share 3 dollars.,3.0,0.3,7.128889560699463
deepseek/deepseek-v3.2,dictator,74,10,2,I share 3 dollars.,3.0,0.3,3.312013626098633
deepseek/deepseek-v3.2,dictator,74,10,3,I share 1 dollar.,1.0,0.1,4.808012008666992
deepseek/deepseek-v3.2,dictator,74,8,1,I share 3 dollars.,3.0,0.375,7.30979061126709
deepseek/deepseek-v3.2,dictator,74,8,2,I share $2 dollars.,2.0,0.25,2.7226710319519043
deepseek/deepseek-v3.2,dictator,74,8,3,I share 0 dollars.,0.0,0.0,5.651325464248657
deepseek/deepseek-v3.2,dictator,74,12,1,I share 3 dollars.,3.0,0.25,7.416517972946167
deepseek/deepseek-v3.2,dictator,74,12,2,I share 3 dollars.,3.0,0.25,3.2194900512695312
deepseek/deepseek-v3.2,dictator,74,12,3,I share 3 dollars.,3.0,0.25,4.198912858963013
deepseek/deepseek-v3.2,dictator,74,5,1,I share 2 dollars.,2.0,0.4,17.00959801673889
deepseek/deepseek-v3.2,dictator,74,5,2,I share 2 dollars.,2.0,0.4,6.9924821853637695
deepseek/deepseek-v3.2,dictator,74,5,3,I share 2 dollars.,2.0,0.4,5.628920078277588
deepseek/deepseek-v3.2,dictator,74,18,1,I share 6 dollars.,6.0,0.3333333333333333,5.91197943687439
deepseek/deepseek-v3.2,dictator,74,18,2,I share 4 dollars.,4.0,0.2222222222222222,2.615097999572754
deepseek/deepseek-v3.2,dictator,74,18,3,I share 9 dollars.,9.0,0.5,20.857988357543945
deepseek/deepseek-v3.2,dictator,74,27,1,I share 13 dollars.,13.0,0.48148148148148145,7.983454465866089
deepseek/deepseek-v3.2,dictator,74,27,2,I share 10 dollars.,10.0,0.37037037037037035,7.342655420303345
deepseek/deepseek-v3.2,dictator,74,27,3,I share 5 dollars.,5.0,0.18518518518518517,24.270968675613403
deepseek/deepseek-v3.2,dictator,74,63,1,I share 12 dollars.,12.0,0.19047619047619047,6.470027446746826
deepseek/deepseek-v3.2,dictator,74,63,2,I share 16 dollars.,16.0,0.25396825396825395,8.734388828277588
deepseek/deepseek-v3.2,dictator,74,63,3,I share 31 dollars.,31.0,0.49206349206349204,24.284667491912842
deepseek/deepseek-v3.2,dictator,74,95,1,I share 28 dollars,28.0,0.29473684210526313,19.71533179283142
deepseek/deepseek-v3.2,dictator,74,95,2,I share 30 dollars.,30.0,0.3157894736842105,1.8467738628387451
deepseek/deepseek-v3.2,dictator,74,95,3,I share 25 dollars.,25.0,0.2631578947368421,5.321365594863892
deepseek/deepseek-v3.2,dictator,74,144,1,I share 36 dollars.,36.0,0.25,3.6109721660614014
deepseek/deepseek-v3.2,dictator,74,144,2,I share 36 dollars.,36.0,0.25,6.720676422119141
deepseek/deepseek-v3.2,dictator,74,144,3,I share 72 dollars.,72.0,0.5,6.152587413787842
deepseek/deepseek-v3.2,dictator,74,496,1,I share 74 dollars.,74.0,0.14919354838709678,5.228985071182251
deepseek/deepseek-v3.2,dictator,74,496,2,I share 99 dollars.,99.0,0.19959677419354838,5.854533910751343
deepseek/deepseek-v3.2,dictator,74,496,3,I share 124 dollars.,124.0,0.25,10.536191463470459
deepseek/deepseek-v3.2,dictator,74,328,1,I share 82 dollars.,82.0,0.25,6.241933107376099
deepseek/deepseek-v3.2,dictator,74,328,2,I share 80 dollars.,80.0,0.24390243902439024,6.026580095291138
deepseek/deepseek-v3.2,dictator,74,328,3,I share 82 dollars.,82.0,0.25,11.069604396820068
deepseek/deepseek-v3.2,dictator,74,751,1,I share 150 dollars.,150.0,0.19973368841544606,6.091209650039673
deepseek/deepseek-v3.2,dictator,74,751,2,I share 150 dollars.,150.0,0.19973368841544606,8.980457782745361
deepseek/deepseek-v3.2,dictator,74,751,3,I share 200 dollars.,200.0,0.2663115845539281,10.482473134994507
deepseek/deepseek-v3.2,dictator,74,217,1,I share 72 dollars.,72.0,0.3317972350230415,6.347388505935669
deepseek/deepseek-v3.2,dictator,74,217,2,I share 70 dollars,70.0,0.3225806451612903,10.0339035987854
deepseek/deepseek-v3.2,dictator,74,217,3,I share 43 dollars.,43.0,0.19815668202764977,12.895869493484497
deepseek/deepseek-v3.2,dictator,74,1135,1,I share 200 dollars.,200.0,0.1762114537444934,10.456358909606934
deepseek/deepseek-v3.2,dictator,74,1135,2,I share 340 dollars.,340.0,0.29955947136563876,6.971524238586426
deepseek/deepseek-v3.2,dictator,74,1135,3,I share 340 dollars.,340.0,0.29955947136563876,8.97102952003479
deepseek/deepseek-v3.2,dictator,74,1717,1,I share 400 dollars.,400.0,0.23296447291788003,10.353041648864746
deepseek/deepseek-v3.2,dictator,74,1717,2,I share 214 dollars.,214.0,0.12463599301106582,7.983044624328613
deepseek/deepseek-v3.2,dictator,74,1717,3,I share 400 dollars.,400.0,0.23296447291788003,8.634830713272095
deepseek/deepseek-v3.2,dictator,74,2596,1,I share 648 dollars.,648.0,0.24961479198767333,4.591054201126099
deepseek/deepseek-v3.2,dictator,74,2596,2,I share 500 dollars.,500.0,0.1926040061633282,9.856208324432373
deepseek/deepseek-v3.2,dictator,74,2596,3,I share 519 dollars.,519.0,0.19992295839753466,12.165505647659302
deepseek/deepseek-v3.2,dictator,74,8979,1,I share 1796 dollars.,1796.0,0.20002227419534468,10.925163269042969
deepseek/deepseek-v3.2,dictator,74,8979,2,I share 4489 dollars.,4489.0,0.4999443145116383,6.688476800918579
deepseek/deepseek-v3.2,dictator,74,8979,3,I share 0 dollars.,0.0,0.0,11.006081342697144
deepseek/deepseek-v3.2,dictator,74,5938,1,I share $2000 dollars.,2000.0,0.33681374200067365,13.448148012161255
deepseek/deepseek-v3.2,dictator,74,5938,2,I share 1000 dollars.,1000.0,0.16840687100033683,7.749128341674805
deepseek/deepseek-v3.2,dictator,74,5938,3,I share 800 dollars.,800.0,0.13472549680026946,9.00623893737793
deepseek/deepseek-v3.2,dictator,74,3926,1,I share 300 dollars.,300.0,0.07641365257259297,6.665233850479126
deepseek/deepseek-v3.2,dictator,74,3926,2,I share 1000 dollars,1000.0,0.2547121752419766,7.280586004257202
deepseek/deepseek-v3.2,dictator,74,3926,3,I share 392 dollars.,392.0,0.09984717269485481,10.672971248626709
deepseek/deepseek-v3.2,dictator,74,13578,1,I share 678 dollars,678.0,0.04993371630578878,5.993922710418701
deepseek/deepseek-v3.2,dictator,74,13578,2,I share 3000 dollars.,3000.0,0.2209456473707468,10.764577627182007
deepseek/deepseek-v3.2,dictator,74,13578,3,I share 1357 dollars,1357.0,0.09994108116070113,5.2692108154296875
deepseek/deepseek-v3.2,dictator,74,31054,1,"I share 2,000 dollars.",2000.0,0.0644039415212211,3.784475088119507
deepseek/deepseek-v3.2,dictator,74,31054,2,"I share 9,316 dollars.",9316.0,0.2999935596058479,5.639075756072998
deepseek/deepseek-v3.2,dictator,74,31054,3,"I share 4,658 dollars.",4658.0,0.14999677980292395,10.639094591140747
deepseek/deepseek-v3.2,dictator,74,20531,1,"I share 6,000 dollars.",6000.0,0.29224100141249815,4.75423789024353
deepseek/deepseek-v3.2,dictator,74,20531,2,"I share 6,000 dollars.",6000.0,0.29224100141249815,6.169841527938843
deepseek/deepseek-v3.2,dictator,74,20531,3,I share 4106 dollars.,4106.0,0.19999025863328626,9.826954126358032
deepseek/deepseek-v3.2,dictator,74,71000,1,I share 0 dollars.,0.0,0.0,5.3820390701293945
deepseek/deepseek-v3.2,dictator,74,71000,2,I share 5000 dollars.,5000.0,0.07042253521126761,10.677119255065918
deepseek/deepseek-v3.2,dictator,74,71000,3,I share 35500 dollars.,35500.0,0.5,1.552903175354004
deepseek/deepseek-v3.2,dictator,74,46962,1,I share 5000 dollars.,5000.0,0.10646906009113752,4.218541860580444
deepseek/deepseek-v3.2,dictator,74,46962,2,"I share 15,000 dollars.",15000.0,0.3194071802734125,16.012983798980713
deepseek/deepseek-v3.2,dictator,74,46962,3,I share 5000 dollars.,5000.0,0.10646906009113752,6.627211332321167
deepseek/deepseek-v3.2,dictator,74,107392,1,"I share $26,848 dollars.",26848.0,0.25,1.7592740058898926
deepseek/deepseek-v3.2,dictator,74,107392,2,"I share 40,000 dollars.",40000.0,0.37246722288438616,5.063714027404785
deepseek/deepseek-v3.2,dictator,74,107392,3,I share 30000 dollars,30000.0,0.2793504171632896,6.7441182136535645
deepseek/deepseek-v3.2,dictator,74,162379,1,"I share 32,476 dollars",32476.0,0.20000123168636338,6.388176918029785
deepseek/deepseek-v3.2,dictator,74,162379,2,I share 48632 dollars.,48632.0,0.2994968561205575,6.474297046661377
deepseek/deepseek-v3.2,dictator,74,162379,3,I share 16238 dollars,16238.0,0.10000061584318169,6.289020776748657
deepseek/deepseek-v3.2,dictator,74,250000,1,"I share $50,000 dollars.",50000.0,0.2,7.297160387039185
deepseek/deepseek-v3.2,dictator,74,250000,2,"I share 25,000 dollars.",25000.0,0.1,4.733555555343628
deepseek/deepseek-v3.2,dictator,74,250000,3,"I share $37,500 dollars.",37500.0,0.15,15.97940444946289
deepseek/deepseek-v3.2,dictator,76,2,1,I share 0.50 dollars.,0.5,0.25,11.175150394439697
deepseek/deepseek-v3.2,dictator,76,2,2,I share $0.50 dollars.,0.5,0.25,6.789350271224976
deepseek/deepseek-v3.2,dictator,76,2,3,I share 0 dollars.,0.0,0.0,5.594954013824463
deepseek/deepseek-v3.2,dictator,76,1,1,I share 0 dollars.,0.0,0.0,11.08834719657898
deepseek/deepseek-v3.2,dictator,76,1,2,I share 0.30 dollars.,0.3,0.3,12.875446557998657
deepseek/deepseek-v3.2,dictator,76,1,3,I share 0.10 dollars,0.1,0.1,6.645867824554443
deepseek/deepseek-v3.2,dictator,76,3,1,I share 1 dollar.,1.0,0.3333333333333333,13.641555070877075
deepseek/deepseek-v3.2,dictator,76,3,2,I share 1 dollar.,1.0,0.3333333333333333,4.473635673522949
deepseek/deepseek-v3.2,dictator,76,3,3,I share 1 dollar.,1.0,0.3333333333333333,11.507025003433228
deepseek/deepseek-v3.2,dictator,76,5,1,I share 1 dollars,1.0,0.2,3.9951069355010986
deepseek/deepseek-v3.2,dictator,76,5,2,I share 0 dollars.,0.0,0.0,3.6822195053100586
deepseek/deepseek-v3.2,dictator,76,5,3,I share 1 dollar.,1.0,0.2,12.046032428741455
deepseek/deepseek-v3.2,dictator,76,10,1,I share 2 dollars.,2.0,0.2,10.833784818649292
deepseek/deepseek-v3.2,dictator,76,10,2,I share 0 dollars.,0.0,0.0,4.586100816726685
deepseek/deepseek-v3.2,dictator,76,10,3,I share 3 dollars.,3.0,0.3,5.264567852020264
deepseek/deepseek-v3.2,dictator,76,8,1,I share 3 dollars.,3.0,0.375,11.637671947479248
deepseek/deepseek-v3.2,dictator,76,8,2,I share 3 dollars.,3.0,0.375,4.0349555015563965
deepseek/deepseek-v3.2,dictator,76,8,3,I share 1 dollar.,1.0,0.125,10.626774549484253
deepseek/deepseek-v3.2,dictator,76,18,1,I share 6 dollars,6.0,0.3333333333333333,3.505446672439575
deepseek/deepseek-v3.2,dictator,76,18,2,I share 6 dollars.,6.0,0.3333333333333333,6.441135406494141
deepseek/deepseek-v3.2,dictator,76,18,3,I share 6 dollars.,6.0,0.3333333333333333,10.642901182174683
deepseek/deepseek-v3.2,dictator,76,12,1,I share 3 dollars.,3.0,0.25,4.515015602111816
deepseek/deepseek-v3.2,dictator,76,12,2,I share 3 dollars.,3.0,0.25,12.512813568115234
deepseek/deepseek-v3.2,dictator,76,12,3,I share 2 dollars.,2.0,0.16666666666666666,11.803735256195068
deepseek/deepseek-v3.2,dictator,76,41,1,I share $13 dollars,13.0,0.3170731707317073,8.375514030456543
deepseek/deepseek-v3.2,dictator,76,41,2,I share 10 dollars.,10.0,0.24390243902439024,10.969727277755737
deepseek/deepseek-v3.2,dictator,76,41,3,I share 8 dollars.,8.0,0.1951219512195122,4.72237229347229
deepseek/deepseek-v3.2,dictator,76,27,1,I share 4 dollars.,4.0,0.14814814814814814,12.059353590011597
deepseek/deepseek-v3.2,dictator,76,27,2,I share 13 dollars.,13.0,0.48148148148148145,13.106929063796997
deepseek/deepseek-v3.2,dictator,76,27,3,I share 4 dollars.,4.0,0.14814814814814814,4.687576055526733
deepseek/deepseek-v3.2,dictator,76,95,1,I share 30 dollars.,30.0,0.3157894736842105,3.432063579559326
deepseek/deepseek-v3.2,dictator,76,95,2,I share 38 dollars.,38.0,0.4,7.050439357757568
deepseek/deepseek-v3.2,dictator,76,95,3,I share 5 dollars.,5.0,0.05263157894736842,6.070405006408691
deepseek/deepseek-v3.2,dictator,76,63,1,I share 15 dollars.,15.0,0.23809523809523808,13.086493253707886
deepseek/deepseek-v3.2,dictator,76,63,2,I share 20 dollars.,20.0,0.31746031746031744,4.29479193687439
deepseek/deepseek-v3.2,dictator,76,63,3,I share 15 dollars.,15.0,0.23809523809523808,13.606666326522827
deepseek/deepseek-v3.2,dictator,76,144,1,I share 36 dollars,36.0,0.25,9.829481363296509
deepseek/deepseek-v3.2,dictator,76,144,2,I share 48 dollars.,48.0,0.3333333333333333,3.303741455078125
deepseek/deepseek-v3.2,dictator,76,144,3,I share 54 dollars.,54.0,0.375,10.69338607788086
deepseek/deepseek-v3.2,dictator,76,328,1,I share 98 dollars.,98.0,0.29878048780487804,14.365946292877197
deepseek/deepseek-v3.2,dictator,76,328,2,I share 0 dollars.,0.0,0.0,3.3847885131835938
deepseek/deepseek-v3.2,dictator,76,328,3,I share 82 dollars,82.0,0.25,4.796638488769531
deepseek/deepseek-v3.2,dictator,76,751,1,I share 150 dollars.,150.0,0.19973368841544606,6.123406171798706
deepseek/deepseek-v3.2,dictator,76,751,2,I share 150 dollars.,150.0,0.19973368841544606,4.70447301864624
deepseek/deepseek-v3.2,dictator,76,751,3,I share 150 dollars.,150.0,0.19973368841544606,10.792118787765503
deepseek/deepseek-v3.2,dictator,76,1135,1,I share 0 dollars.,0.0,0.0,9.774924755096436
deepseek/deepseek-v3.2,dictator,76,1135,2,I share 340 dollars,340.0,0.29955947136563876,6.484243154525757
deepseek/deepseek-v3.2,dictator,76,1135,3,I share 100 dollars.,100.0,0.0881057268722467,0.6987588405609131
deepseek/deepseek-v3.2,dictator,76,1717,1,I share 43 dollars.,43.0,0.025043680838672103,6.5965986251831055
deepseek/deepseek-v3.2,dictator,76,1717,2,I share 43 dollars.,43.0,0.025043680838672103,6.176019191741943
deepseek/deepseek-v3.2,dictator,76,1717,3,I share 430 dollars.,430.0,0.250436808386721,6.725276947021484
deepseek/deepseek-v3.2,dictator,76,2596,1,I share 648 dollars.,648.0,0.24961479198767333,6.117642402648926
deepseek/deepseek-v3.2,dictator,76,2596,2,I share $259 dollars.,259.0,0.09976887519260401,6.397030591964722
deepseek/deepseek-v3.2,dictator,76,2596,3,I share 260 dollars.,260.0,0.10015408320493066,4.98326301574707
deepseek/deepseek-v3.2,dictator,76,3926,1,I share 392 dollars.,392.0,0.09984717269485481,6.053910732269287
deepseek/deepseek-v3.2,dictator,76,3926,2,I share 392 dollars.,392.0,0.09984717269485481,6.333642244338989
deepseek/deepseek-v3.2,dictator,76,3926,3,I share 785 dollars.,785.0,0.1999490575649516,6.519613742828369
deepseek/deepseek-v3.2,dictator,76,5938,1,"I share $1,000 dollars.",1000.0,0.16840687100033683,8.197523832321167
deepseek/deepseek-v3.2,dictator,76,5938,2,I share 1500 dollars.,1500.0,0.2526103065005052,8.031730651855469
deepseek/deepseek-v3.2,dictator,76,5938,3,I share 500 dollars.,500.0,0.08420343550016841,26.9374520778656
deepseek/deepseek-v3.2,dictator,76,8979,1,"I share 1,795 dollars.",1795.0,0.19991090321862123,19.90360736846924
deepseek/deepseek-v3.2,dictator,76,8979,2,"I share 1,795 dollars.",1795.0,0.19991090321862123,11.440080642700195
deepseek/deepseek-v3.2,dictator,76,8979,3,I share 897 dollars.,897.0,0.09989976612094888,5.5489184856414795
deepseek/deepseek-v3.2,dictator,76,13578,1,I share 2000 dollars.,2000.0,0.14729709824716453,8.753030061721802
deepseek/deepseek-v3.2,dictator,76,13578,2,I share 2000 dollars.,2000.0,0.14729709824716453,5.307642698287964
deepseek/deepseek-v3.2,dictator,76,13578,3,"I share 4,000 dollars.",4000.0,0.29459419649432905,4.48773455619812
deepseek/deepseek-v3.2,dictator,76,20531,1,I share 4106 dollars,4106.0,0.19999025863328626,5.678218603134155
deepseek/deepseek-v3.2,dictator,76,20531,2,I share $4106 dollars.,4106.0,0.19999025863328626,4.400220155715942
deepseek/deepseek-v3.2,dictator,76,20531,3,"I share 4,106 dollars.",4106.0,0.19999025863328626,0.7509920597076416
deepseek/deepseek-v3.2,dictator,76,31054,1,I share 6200 dollars.,6200.0,0.1996522187157854,0.7475543022155762
deepseek/deepseek-v3.2,dictator,76,31054,2,I share 4000 dollars,4000.0,0.1288078830424422,0.9907121658325195
deepseek/deepseek-v3.2,dictator,76,31054,3,I share 4000 dollars.,4000.0,0.1288078830424422,0.9675681591033936
deepseek/deepseek-v3.2,dictator,76,71000,1,I share 5000 dollars.,5000.0,0.07042253521126761,5.782179594039917
deepseek/deepseek-v3.2,dictator,76,71000,2,I share 0 dollars.,0.0,0.0,0.6135973930358887
deepseek/deepseek-v3.2,dictator,76,71000,3,"I share 15,000 dollars.",15000.0,0.2112676056338028,5.904297590255737
deepseek/deepseek-v3.2,dictator,76,46962,1,"I share 5,000 dollars.",5000.0,0.10646906009113752,1.6156692504882812
deepseek/deepseek-v3.2,dictator,76,46962,2,I share 10000 dollars.,10000.0,0.21293812018227504,6.365961313247681
deepseek/deepseek-v3.2,dictator,76,46962,3,I share 9392 dollars.,9392.0,0.19999148247519272,11.113303422927856
deepseek/deepseek-v3.2,dictator,76,107392,1,"I share 20,000 dollars.",20000.0,0.18623361144219308,12.959824800491333
deepseek/deepseek-v3.2,dictator,76,107392,2,"I share 40,000 dollars.",40000.0,0.37246722288438616,5.2446959018707275
deepseek/deepseek-v3.2,dictator,76,107392,3,I share 0 dollars.,0.0,0.0,15.23311996459961
deepseek/deepseek-v3.2,dictator,76,162379,1,"I share $48,713 dollars.",48713.0,0.29999568909772817,5.358535051345825
deepseek/deepseek-v3.2,dictator,76,162379,2,I share 50000 dollars.,50000.0,0.30792159084610693,15.28268027305603
deepseek/deepseek-v3.2,dictator,76,162379,3,"I share 10,000 dollars",10000.0,0.06158431816922139,5.355339527130127
deepseek/deepseek-v3.2,dictator,76,250000,1,"I share 50,000 dollars",50000.0,0.2,5.53270959854126
deepseek/deepseek-v3.2,dictator,76,250000,2,"I share 50,000 dollars.",50000.0,0.2,4.929956436157227
deepseek/deepseek-v3.2,dictator,76,250000,3,I share 50000 dollars,50000.0,0.2,6.534406661987305
deepseek/deepseek-v3.2,dictator,78,1,1,I share 0.20 dollars.,0.2,0.2,7.890373706817627
deepseek/deepseek-v3.2,dictator,78,1,2,I share 0.50 dollars.,0.5,0.5,5.345684766769409
deepseek/deepseek-v3.2,dictator,78,1,3,I share 0.10 dollars.,0.1,0.1,5.2226386070251465
deepseek/deepseek-v3.2,dictator,78,2,1,I share 0 dollars.,0.0,0.0,3.591034173965454
deepseek/deepseek-v3.2,dictator,78,2,2,I share 1 dollar.,1.0,0.5,6.976571798324585
deepseek/deepseek-v3.2,dictator,78,2,3,I share 0 dollars.,0.0,0.0,4.579842805862427
deepseek/deepseek-v3.2,dictator,78,3,1,I share 1 dollars.,1.0,0.3333333333333333,6.7551939487457275
deepseek/deepseek-v3.2,dictator,78,3,2,I share 1 dollar,1.0,0.3333333333333333,3.2590651512145996
deepseek/deepseek-v3.2,dictator,78,3,3,I share 1 dollar.,1.0,0.3333333333333333,11.306971073150635
deepseek/deepseek-v3.2,dictator,78,5,1,I share $0 dollars.,0.0,0.0,14.562374353408813
deepseek/deepseek-v3.2,dictator,78,5,2,I share 1 dollars.,1.0,0.2,10.22258710861206
deepseek/deepseek-v3.2,dictator,78,5,3,I share 2 dollars.,2.0,0.4,5.240994453430176
deepseek/deepseek-v3.2,dictator,78,8,1,I share 2 dollars.,2.0,0.25,5.555666208267212
deepseek/deepseek-v3.2,dictator,78,8,2,I share 2 dollars.,2.0,0.25,5.680388689041138
deepseek/deepseek-v3.2,dictator,78,8,3,I share 2 dollars.,2.0,0.25,6.576486825942993
deepseek/deepseek-v3.2,dictator,78,12,1,I share 3 dollars.,3.0,0.25,12.809956312179565
deepseek/deepseek-v3.2,dictator,78,12,2,I share 4 dollars.,4.0,0.3333333333333333,9.596492290496826
deepseek/deepseek-v3.2,dictator,78,12,3,I share 4 dollars.,4.0,0.3333333333333333,7.569997549057007
deepseek/deepseek-v3.2,dictator,78,10,1,I share 3 dollars.,3.0,0.3,12.21415662765503
deepseek/deepseek-v3.2,dictator,78,10,2,I share 3 dollars,3.0,0.3,11.111002445220947
deepseek/deepseek-v3.2,dictator,78,10,3,I share $4 dollars.,4.0,0.4,6.728645086288452
deepseek/deepseek-v3.2,dictator,78,27,1,I share 7 dollars.,7.0,0.25925925925925924,5.215277671813965
deepseek/deepseek-v3.2,dictator,78,27,2,I share 9 dollars,9.0,0.3333333333333333,5.975471258163452
deepseek/deepseek-v3.2,dictator,78,27,3,I share 7 dollars.,7.0,0.25925925925925924,5.276153802871704
deepseek/deepseek-v3.2,dictator,78,18,1,I share 6 dollars.,6.0,0.3333333333333333,7.227565288543701
deepseek/deepseek-v3.2,dictator,78,18,2,I share 3 dollars.,3.0,0.16666666666666666,4.173590660095215
deepseek/deepseek-v3.2,dictator,78,18,3,I share 6 dollars.,6.0,0.3333333333333333,8.155283212661743
deepseek/deepseek-v3.2,dictator,78,63,1,I share 0 dollars.,0.0,0.0,8.643522262573242
deepseek/deepseek-v3.2,dictator,78,63,2,I share 15 dollars.,15.0,0.23809523809523808,8.657692909240723
deepseek/deepseek-v3.2,dictator,78,63,3,I share 19 dollars,19.0,0.30158730158730157,12.444953203201294
deepseek/deepseek-v3.2,dictator,78,41,1,I share 10 dollars.,10.0,0.24390243902439024,10.812026500701904
deepseek/deepseek-v3.2,dictator,78,41,2,I share 10 dollars.,10.0,0.24390243902439024,10.336164236068726
deepseek/deepseek-v3.2,dictator,78,41,3,I share 10 dollars.,10.0,0.24390243902439024,12.695003747940063
deepseek/deepseek-v3.2,dictator,78,95,1,I share 40 dollars.,40.0,0.42105263157894735,8.046112775802612
deepseek/deepseek-v3.2,dictator,78,95,2,I share 38 dollars.,38.0,0.4,3.5713796615600586
deepseek/deepseek-v3.2,dictator,78,95,3,I share 38 dollars.,38.0,0.4,11.33383560180664
deepseek/deepseek-v3.2,dictator,78,144,1,I share 72 dollars,72.0,0.5,5.425365209579468
deepseek/deepseek-v3.2,dictator,78,144,2,I share 50 dollars.,50.0,0.3472222222222222,6.303079605102539
deepseek/deepseek-v3.2,dictator,78,144,3,I share 0 dollars.,0.0,0.0,10.638702154159546
deepseek/deepseek-v3.2,dictator,78,217,1,I share 43 dollars.,43.0,0.19815668202764977,9.33495044708252
deepseek/deepseek-v3.2,dictator,78,217,2,I share 50 dollars.,50.0,0.2304147465437788,8.96960186958313
deepseek/deepseek-v3.2,dictator,78,217,3,I share 43 dollars.,43.0,0.19815668202764977,5.203132629394531
deepseek/deepseek-v3.2,dictator,78,328,1,I share 50 dollars.,50.0,0.1524390243902439,8.713804244995117
deepseek/deepseek-v3.2,dictator,78,328,2,I share 109 dollars.,109.0,0.3323170731707317,15.563981056213379
deepseek/deepseek-v3.2,dictator,78,328,3,I share 80 dollars.,80.0,0.24390243902439024,7.426912784576416
deepseek/deepseek-v3.2,dictator,78,496,1,I share 248 dollars.,248.0,0.5,8.324723720550537
deepseek/deepseek-v3.2,dictator,78,496,2,I share 124 dollars.,124.0,0.25,15.437369346618652
deepseek/deepseek-v3.2,dictator,78,496,3,I share 124 dollars.,124.0,0.25,14.547495365142822
deepseek/deepseek-v3.2,dictator,78,751,1,I share 150 dollars.,150.0,0.19973368841544606,16.253185272216797
deepseek/deepseek-v3.2,dictator,78,751,2,I share 200 dollars.,200.0,0.2663115845539281,14.98430609703064
deepseek/deepseek-v3.2,dictator,78,751,3,I share 150 dollars.,150.0,0.19973368841544606,8.993746280670166
deepseek/deepseek-v3.2,dictator,78,1135,1,I share 340 dollars.,340.0,0.29955947136563876,7.776800870895386
deepseek/deepseek-v3.2,dictator,78,1135,2,I share 284 dollars.,284.0,0.25022026431718064,5.093982696533203
deepseek/deepseek-v3.2,dictator,78,1135,3,I share 227 dollars.,227.0,0.2,13.441288709640503
deepseek/deepseek-v3.2,dictator,78,1717,1,I share 300 dollars.,300.0,0.17472335468841002,8.645570278167725
deepseek/deepseek-v3.2,dictator,78,1717,2,I share 200 dollars.,200.0,0.11648223645894001,5.413842439651489
deepseek/deepseek-v3.2,dictator,78,1717,3,I share 343 dollars.,343.0,0.1997670355270821,4.43933629989624
deepseek/deepseek-v3.2,dictator,78,2596,1,I share 259 dollars.,259.0,0.09976887519260401,14.030659437179565
deepseek/deepseek-v3.2,dictator,78,2596,2,I share 400 dollars.,400.0,0.15408320493066255,6.918278932571411
deepseek/deepseek-v3.2,dictator,78,2596,3,I share 648 dollars.,648.0,0.24961479198767333,4.047601222991943
deepseek/deepseek-v3.2,dictator,78,5938,1,I share 200 dollars.,200.0,0.033681374200067365,8.287016868591309
deepseek/deepseek-v3.2,dictator,78,5938,2,I share 300 dollars.,300.0,0.05052206130010104,11.193052768707275
deepseek/deepseek-v3.2,dictator,78,5938,3,"I share $2,969 dollars.",2969.0,0.5,11.85155987739563
deepseek/deepseek-v3.2,dictator,78,8979,1,I share 1000 dollars.,1000.0,0.11137097672346587,9.2463858127594
deepseek/deepseek-v3.2,dictator,78,8979,2,I share 1796 dollars.,1796.0,0.20002227419534468,9.696276187896729
deepseek/deepseek-v3.2,dictator,78,8979,3,I share 500 dollars.,500.0,0.055685488361732934,4.058891773223877
deepseek/deepseek-v3.2,dictator,78,13578,1,I share 678 dollars,678.0,0.04993371630578878,6.4497339725494385
deepseek/deepseek-v3.2,dictator,78,13578,2,I share 2716 dollars.,2716.0,0.20002945941964942,12.538335800170898
deepseek/deepseek-v3.2,dictator,78,13578,3,I share 6780 dollars,6780.0,0.4993371630578878,7.973818778991699
deepseek/deepseek-v3.2,dictator,76,217,1,I share 43 dollars.,43.0,0.19815668202764977,8.060296773910522
deepseek/deepseek-v3.2,dictator,76,217,2,I share 43 dollars.,43.0,0.19815668202764977,1.5621404647827148
deepseek/deepseek-v3.2,dictator,76,217,3,I share 50 dollars.,50.0,0.2304147465437788,11.928088188171387
deepseek/deepseek-v3.2,dictator,78,20531,1,"I share 4,000 dollars.",4000.0,0.1948273342749988,2.628966808319092
deepseek/deepseek-v3.2,dictator,78,20531,2,I share 0 dollars,0.0,0.0,11.010648727416992
deepseek/deepseek-v3.2,dictator,78,20531,3,I share 4106 dollars.,4106.0,0.19999025863328626,5.072440147399902
deepseek/deepseek-v3.2,dictator,78,31054,1,I share 4000 dollars.,4000.0,0.1288078830424422,4.920727491378784
deepseek/deepseek-v3.2,dictator,78,31054,2,"I share 7,763 dollars.",7763.0,0.2499838990146197,5.761582374572754
deepseek/deepseek-v3.2,dictator,78,31054,3,I share 0 dollars.,0.0,0.0,5.208521604537964
deepseek/deepseek-v3.2,dictator,78,46962,1,"I share 10,000 dollars.",10000.0,0.21293812018227504,5.294059991836548
deepseek/deepseek-v3.2,dictator,78,46962,2,I share 0 dollars.,0.0,0.0,9.906006097793579
deepseek/deepseek-v3.2,dictator,78,46962,3,"I share 9,392 dollars.",9392.0,0.19999148247519272,22.641488313674927
deepseek/deepseek-v3.2,dictator,78,107392,1,"I share 32,217 dollars.",32217.0,0.29999441299165674,3.5574193000793457
deepseek/deepseek-v3.2,dictator,78,107392,2,"I share 26,848 dollars.",26848.0,0.25,9.94322156906128
deepseek/deepseek-v3.2,dictator,78,107392,3,I share 25000 dollars,25000.0,0.23279201430274135,6.807740926742554
deepseek/deepseek-v3.2,dictator,72,217,1,I share 43 dollars.,43.0,0.19815668202764977,6.880650281906128
deepseek/deepseek-v3.2,dictator,72,217,2,I share 50 dollars,50.0,0.2304147465437788,10.017215728759766
deepseek/deepseek-v3.2,dictator,72,217,3,I share 72 dollars,72.0,0.3317972350230415,9.107078552246094
deepseek/deepseek-v3.2,dictator,78,71000,1,"I share 15,000 dollars.",15000.0,0.2112676056338028,21.89598846435547
deepseek/deepseek-v3.2,dictator,78,71000,2,"I share 15,000 dollars",15000.0,0.2112676056338028,19.763530254364014
deepseek/deepseek-v3.2,dictator,78,71000,3,I share 10000 dollars.,10000.0,0.14084507042253522,10.615421772003174
deepseek/deepseek-v3.2,dictator,76,496,1,I share 100 dollars.,100.0,0.20161290322580644,12.879621267318726
deepseek/deepseek-v3.2,dictator,76,496,2,I share $124 dollars.,124.0,0.25,4.6340415477752686
deepseek/deepseek-v3.2,dictator,76,496,3,I share 80 dollars.,80.0,0.16129032258064516,7.211168527603149
deepseek/deepseek-v3.2,dictator,80,1,1,I share 0.10 dollars,0.1,0.1,12.09920620918274
deepseek/deepseek-v3.2,dictator,80,1,2,I share 0.20 dollars.,0.2,0.2,6.025118350982666
deepseek/deepseek-v3.2,dictator,80,1,3,I share 0.40 dollars.,0.4,0.4,5.152510404586792
deepseek/deepseek-v3.2,dictator,78,250000,1,"I share 50,000 dollars.",50000.0,0.2,15.496492862701416
deepseek/deepseek-v3.2,dictator,78,250000,2,"I share 25,000 dollars.",25000.0,0.1,8.306832790374756
deepseek/deepseek-v3.2,dictator,78,250000,3,"I share 75,000 dollars.",75000.0,0.3,2.4261128902435303
deepseek/deepseek-v3.2,dictator,78,162379,1,"I share $40,000 dollars.",40000.0,0.24633727267688557,16.867870092391968
deepseek/deepseek-v3.2,dictator,78,162379,2,"I share $48,713 dollars.",48713.0,0.29999568909772817,4.697378396987915
deepseek/deepseek-v3.2,dictator,78,162379,3,"I share 40,000 dollars",40000.0,0.24633727267688557,22.778345823287964
deepseek/deepseek-v3.2,dictator,80,5,1,I share $2 dollars.,2.0,0.4,21.322844743728638
deepseek/deepseek-v3.2,dictator,80,5,2,I share 2 dollars,2.0,0.4,8.748752117156982
deepseek/deepseek-v3.2,dictator,80,5,3,I share 2 dollars.,2.0,0.4,6.305141925811768
deepseek/deepseek-v3.2,dictator,80,2,1,I share 1 dollar.,1.0,0.5,22.658299207687378
deepseek/deepseek-v3.2,dictator,80,2,2,I share 1 dollars.,1.0,0.5,4.678850889205933
deepseek/deepseek-v3.2,dictator,80,2,3,I share 0 dollars.,0.0,0.0,10.184648752212524
deepseek/deepseek-v3.2,dictator,80,3,1,I share 1 dollars.,1.0,0.3333333333333333,22.355539083480835
deepseek/deepseek-v3.2,dictator,80,3,2,I share 1.5 dollars.,1.5,0.5,4.620638132095337
deepseek/deepseek-v3.2,dictator,80,3,3,I share 1 dollar.,1.0,0.3333333333333333,10.594244480133057
deepseek/deepseek-v3.2,dictator,80,8,1,I share 2 dollars.,2.0,0.25,7.436159133911133
deepseek/deepseek-v3.2,dictator,80,8,2,I share 1 dollar.,1.0,0.125,5.981009244918823
deepseek/deepseek-v3.2,dictator,80,8,3,I share 2 dollars,2.0,0.25,6.169487476348877
deepseek/deepseek-v3.2,dictator,80,12,1,I share 3 dollars.,3.0,0.25,8.01440167427063
deepseek/deepseek-v3.2,dictator,80,12,2,I share 3 dollars.,3.0,0.25,4.369048118591309
deepseek/deepseek-v3.2,dictator,80,12,3,I share 4 dollars.,4.0,0.3333333333333333,10.581609964370728
deepseek/deepseek-v3.2,dictator,80,18,1,I share 5 dollars.,5.0,0.2777777777777778,7.070126056671143
deepseek/deepseek-v3.2,dictator,80,18,2,I share 4 dollars.,4.0,0.2222222222222222,4.2065746784210205
deepseek/deepseek-v3.2,dictator,80,18,3,I share 6 dollars.,6.0,0.3333333333333333,13.030431032180786
deepseek/deepseek-v3.2,dictator,80,10,1,I share 1 dollar.,1.0,0.1,9.772997379302979
deepseek/deepseek-v3.2,dictator,80,10,2,I share 2 dollars.,2.0,0.2,8.350313901901245
deepseek/deepseek-v3.2,dictator,80,10,3,I share 4 dollars.,4.0,0.4,8.194353342056274
deepseek/deepseek-v3.2,dictator,80,27,1,I share 5 dollars.,5.0,0.18518518518518517,7.440102577209473
deepseek/deepseek-v3.2,dictator,80,27,2,I share 5 dollars.,5.0,0.18518518518518517,11.948425769805908
deepseek/deepseek-v3.2,dictator,80,27,3,I share 3 dollars.,3.0,0.1111111111111111,7.002871513366699
deepseek/deepseek-v3.2,dictator,80,63,1,I share 15 dollars.,15.0,0.23809523809523808,6.811806917190552
deepseek/deepseek-v3.2,dictator,80,63,2,I share 31 dollars.,31.0,0.49206349206349204,10.330586433410645
deepseek/deepseek-v3.2,dictator,80,63,3,I share $10 dollars.,10.0,0.15873015873015872,10.878607988357544
deepseek/deepseek-v3.2,dictator,80,41,1,I share $8 dollars.,8.0,0.1951219512195122,7.269789218902588
deepseek/deepseek-v3.2,dictator,80,41,2,I share 8 dollars.,8.0,0.1951219512195122,11.181525230407715
deepseek/deepseek-v3.2,dictator,80,41,3,I share 10 dollars.,10.0,0.24390243902439024,11.247033834457397
deepseek/deepseek-v3.2,dictator,80,95,1,I share 10 dollars.,10.0,0.10526315789473684,5.597864627838135
deepseek/deepseek-v3.2,dictator,80,95,2,I share 0 dollars,0.0,0.0,9.881702899932861
deepseek/deepseek-v3.2,dictator,80,95,3,I share 20 dollars.,20.0,0.21052631578947367,11.839932441711426
deepseek/deepseek-v3.2,dictator,80,144,1,I share 72 dollars.,72.0,0.5,10.210590839385986
deepseek/deepseek-v3.2,dictator,80,144,2,I share 20 dollars.,20.0,0.1388888888888889,11.05225682258606
deepseek/deepseek-v3.2,dictator,80,144,3,I share 36 dollars,36.0,0.25,10.774110317230225
deepseek/deepseek-v3.2,dictator,80,496,1,I share 100 dollars.,100.0,0.20161290322580644,14.376641511917114
deepseek/deepseek-v3.2,dictator,80,496,2,I share 100 dollars,100.0,0.20161290322580644,9.386584758758545
deepseek/deepseek-v3.2,dictator,80,496,3,I share 50 dollars,50.0,0.10080645161290322,2.074031352996826
deepseek/deepseek-v3.2,dictator,80,217,1,I share 50 dollars.,50.0,0.2304147465437788,13.823387384414673
deepseek/deepseek-v3.2,dictator,80,217,2,I share 0 dollars.,0.0,0.0,10.987409830093384
deepseek/deepseek-v3.2,dictator,80,217,3,I share 43 dollars.,43.0,0.19815668202764977,2.744652032852173
deepseek/deepseek-v3.2,dictator,80,751,1,I share 75 dollars.,75.0,0.09986684420772303,5.09505820274353
deepseek/deepseek-v3.2,dictator,80,751,2,I share 75 dollars.,75.0,0.09986684420772303,11.544520854949951
deepseek/deepseek-v3.2,dictator,80,751,3,I share 150 dollars.,150.0,0.19973368841544606,5.8667590618133545
deepseek/deepseek-v3.2,dictator,80,1135,1,I share 200 dollars,200.0,0.1762114537444934,6.64574933052063
deepseek/deepseek-v3.2,dictator,80,1135,2,I share 200 dollars.,200.0,0.1762114537444934,12.138353109359741
deepseek/deepseek-v3.2,dictator,80,1135,3,I share 50 dollars.,50.0,0.04405286343612335,11.894631624221802
deepseek/deepseek-v3.2,dictator,80,1717,1,I share 430 dollars,430.0,0.250436808386721,8.474815130233765
deepseek/deepseek-v3.2,dictator,80,1717,2,I share 343 dollars.,343.0,0.1997670355270821,10.470985651016235
deepseek/deepseek-v3.2,dictator,80,1717,3,I share 300 dollars.,300.0,0.17472335468841002,10.618695735931396
deepseek/deepseek-v3.2,dictator,80,2596,1,I share 500 dollars.,500.0,0.1926040061633282,11.586068391799927
deepseek/deepseek-v3.2,dictator,80,2596,2,I share 0 dollars.,0.0,0.0,11.70235013961792
deepseek/deepseek-v3.2,dictator,80,2596,3,I share $259 dollars.,259.0,0.09976887519260401,16.670257568359375
deepseek/deepseek-v3.2,dictator,80,3926,1,I share 392 dollars.,392.0,0.09984717269485481,15.633761167526245
deepseek/deepseek-v3.2,dictator,80,3926,2,I share 500 dollars.,500.0,0.1273560876209883,5.157531499862671
deepseek/deepseek-v3.2,dictator,80,3926,3,I share 784 dollars.,784.0,0.19969434538970962,2.029589891433716
deepseek/deepseek-v3.2,dictator,80,5938,1,I share $300 dollars,300.0,0.05052206130010104,16.227567195892334
deepseek/deepseek-v3.2,dictator,80,5938,2,I share 1000 dollars.,1000.0,0.16840687100033683,5.3715009689331055
deepseek/deepseek-v3.2,dictator,80,5938,3,I share 1187 dollars.,1187.0,0.1998989558773998,1.4230918884277344
deepseek/deepseek-v3.2,dictator,80,8979,1,"I share 1,795 dollars.",1795.0,0.19991090321862123,5.73905611038208
deepseek/deepseek-v3.2,dictator,80,8979,2,I share 500 dollars.,500.0,0.055685488361732934,1.5351476669311523
deepseek/deepseek-v3.2,dictator,80,8979,3,I share 500 dollars.,500.0,0.055685488361732934,6.009123086929321
deepseek/deepseek-v3.2,dictator,80,20531,1,I share 4106 dollars.,4106.0,0.19999025863328626,6.328323841094971
deepseek/deepseek-v3.2,dictator,80,20531,2,"I share 10,265 dollars.",10265.0,0.49997564658321564,8.680187225341797
deepseek/deepseek-v3.2,dictator,80,20531,3,I share 0 dollars,0.0,0.0,8.740503787994385
deepseek/deepseek-v3.2,dictator,80,13578,1,"I share 3,394 dollars.",3394.0,0.24996317572543822,7.142022371292114
deepseek/deepseek-v3.2,dictator,80,13578,2,"I share 2,716 dollars.",2716.0,0.20002945941964942,5.762789249420166
deepseek/deepseek-v3.2,dictator,80,13578,3,I share 1357 dollars,1357.0,0.09994108116070113,5.543320655822754
deepseek/deepseek-v3.2,dictator,80,31054,1,"I share 3,000 dollars.",3000.0,0.09660591228183164,6.117367744445801
deepseek/deepseek-v3.2,dictator,80,31054,2,"I share 15,527 dollars.",15527.0,0.5,11.285167694091797
deepseek/deepseek-v3.2,dictator,80,31054,3,"I share 5,000 dollars.",5000.0,0.16100985380305274,12.467977523803711
deepseek/deepseek-v3.2,dictator,80,46962,1,I share 10000 dollars.,10000.0,0.21293812018227504,11.517059087753296
deepseek/deepseek-v3.2,dictator,80,46962,2,I share 5000 dollars.,5000.0,0.10646906009113752,4.987591028213501
deepseek/deepseek-v3.2,dictator,80,46962,3,I share 5000 dollars.,5000.0,0.10646906009113752,12.565783262252808
deepseek/deepseek-v3.2,dictator,80,71000,1,"I share 20,000 dollars",20000.0,0.28169014084507044,9.659801244735718
deepseek/deepseek-v3.2,dictator,80,71000,2,I share 14200 dollars,14200.0,0.2,7.8999950885772705
deepseek/deepseek-v3.2,dictator,80,71000,3,"I share $7,100 dollars",7100.0,0.1,7.904149532318115
deepseek/deepseek-v3.2,dictator,80,107392,1,"I share 10,000 dollars.",10000.0,0.09311680572109654,4.126849174499512
deepseek/deepseek-v3.2,dictator,80,107392,2,"I share 20,000 dollars.",20000.0,0.18623361144219308,11.848807096481323
deepseek/deepseek-v3.2,dictator,80,107392,3,"I share 10,000 dollars.",10000.0,0.09311680572109654,12.438210725784302
deepseek/deepseek-v3.2,dictator,80,162379,1,"I share $16,238 dollars.",16238.0,0.10000061584318169,11.82649827003479
deepseek/deepseek-v3.2,dictator,80,162379,2,"I share 40,000 dollars.",40000.0,0.24633727267688557,5.495283603668213
deepseek/deepseek-v3.2,dictator,80,162379,3,"I share $40,000 dollars.",40000.0,0.24633727267688557,6.022356271743774
deepseek/deepseek-v3.2,dictator,82,1,1,I share 0 dollars,0.0,0.0,8.00469446182251
deepseek/deepseek-v3.2,dictator,82,1,2,I share 0.10 dollars.,0.1,0.1,3.6640853881835938
deepseek/deepseek-v3.2,dictator,82,1,3,I share 0 dollars.,0.0,0.0,11.868866682052612
deepseek/deepseek-v3.2,dictator,80,250000,1,"I share 25,000 dollars",25000.0,0.1,9.71956753730774
deepseek/deepseek-v3.2,dictator,80,250000,2,I share 50000 dollars.,50000.0,0.2,10.322306871414185
deepseek/deepseek-v3.2,dictator,80,250000,3,I share 50000 dollars,50000.0,0.2,1.7745311260223389
deepseek/deepseek-v3.2,dictator,82,2,1,I share 1 dollar.,1.0,0.5,10.840043783187866
deepseek/deepseek-v3.2,dictator,82,2,2,I share 0 dollars.,0.0,0.0,3.032266855239868
deepseek/deepseek-v3.2,dictator,82,2,3,I share 0 dollars.,0.0,0.0,16.447476863861084
deepseek/deepseek-v3.2,dictator,82,5,1,I share 0 dollars.,0.0,0.0,17.66447377204895
deepseek/deepseek-v3.2,dictator,82,5,2,I share 1 dollars.,1.0,0.2,6.210851192474365
deepseek/deepseek-v3.2,dictator,82,5,3,I share 0 dollars.,0.0,0.0,3.567538022994995
deepseek/deepseek-v3.2,dictator,82,8,1,I share 2 dollars.,2.0,0.25,3.816622018814087
deepseek/deepseek-v3.2,dictator,82,8,2,I share 3 dollars.,3.0,0.375,6.323132276535034
deepseek/deepseek-v3.2,dictator,82,8,3,I share 2 dollars.,2.0,0.25,9.791654109954834
deepseek/deepseek-v3.2,dictator,82,3,1,I share 1.5 dollars.,1.5,0.5,20.155540704727173
deepseek/deepseek-v3.2,dictator,82,3,2,I share 1 dollar.,1.0,0.3333333333333333,8.222752332687378
deepseek/deepseek-v3.2,dictator,82,3,3,I share 0 dollars.,0.0,0.0,10.624923467636108
deepseek/deepseek-v3.2,dictator,82,12,1,I share 0 dollars.,0.0,0.0,2.1704022884368896
deepseek/deepseek-v3.2,dictator,82,12,2,I share 4 dollars.,4.0,0.3333333333333333,7.358264684677124
deepseek/deepseek-v3.2,dictator,82,12,3,I share 1 dollars,1.0,0.08333333333333333,9.594536781311035
deepseek/deepseek-v3.2,dictator,82,10,1,I share 2 dollars.,2.0,0.2,12.168481349945068
deepseek/deepseek-v3.2,dictator,82,10,2,I share 4 dollars.,4.0,0.4,6.861404895782471
deepseek/deepseek-v3.2,dictator,82,10,3,I share 2 dollars.,2.0,0.2,11.006749391555786
deepseek/deepseek-v3.2,dictator,82,18,1,I share 2 dollars.,2.0,0.1111111111111111,7.269612550735474
deepseek/deepseek-v3.2,dictator,82,18,2,I share 2 dollars,2.0,0.1111111111111111,10.601826906204224
deepseek/deepseek-v3.2,dictator,82,18,3,I share 9 dollars,9.0,0.5,21.821521043777466
deepseek/deepseek-v3.2,dictator,82,27,1,I share 7 dollars.,7.0,0.25925925925925924,22.73311948776245
deepseek/deepseek-v3.2,dictator,82,27,2,I share 10 dollars.,10.0,0.37037037037037035,6.536869525909424
deepseek/deepseek-v3.2,dictator,82,27,3,I share 5 dollars,5.0,0.18518518518518517,9.64971137046814
deepseek/deepseek-v3.2,dictator,82,41,1,I share 10 dollars.,10.0,0.24390243902439024,23.112204551696777
deepseek/deepseek-v3.2,dictator,82,41,2,I share 8 dollars.,8.0,0.1951219512195122,5.355443954467773
deepseek/deepseek-v3.2,dictator,82,41,3,I share 14 dollars.,14.0,0.34146341463414637,10.996541261672974
deepseek/deepseek-v3.2,dictator,82,63,1,I share 10 dollars.,10.0,0.15873015873015872,7.419425010681152
deepseek/deepseek-v3.2,dictator,82,63,2,I share 25 dollars.,25.0,0.3968253968253968,10.025628328323364
deepseek/deepseek-v3.2,dictator,82,63,3,I share 0 dollars.,0.0,0.0,1.3085496425628662
deepseek/deepseek-v3.2,dictator,82,95,1,I share 10 dollars.,10.0,0.10526315789473684,10.818490028381348
deepseek/deepseek-v3.2,dictator,82,95,2,I share 30 dollars.,30.0,0.3157894736842105,2.3747990131378174
deepseek/deepseek-v3.2,dictator,82,95,3,I share 5 dollars.,5.0,0.05263157894736842,10.033539056777954
deepseek/deepseek-v3.2,dictator,82,144,1,I share 20 dollars.,20.0,0.1388888888888889,9.11317753791809
deepseek/deepseek-v3.2,dictator,82,144,2,I share 29 dollars.,29.0,0.2013888888888889,6.5121238231658936
deepseek/deepseek-v3.2,dictator,82,144,3,I share 20 dollars.,20.0,0.1388888888888889,7.581284523010254
deepseek/deepseek-v3.2,dictator,82,217,1,I share 40 dollars,40.0,0.18433179723502305,9.884560108184814
deepseek/deepseek-v3.2,dictator,82,217,2,I share 30 dollars.,30.0,0.1382488479262673,3.429395914077759
deepseek/deepseek-v3.2,dictator,82,217,3,I share 40 dollars.,40.0,0.18433179723502305,10.190794944763184
deepseek/deepseek-v3.2,dictator,82,328,1,I share 164 dollars.,164.0,0.5,4.352911710739136
deepseek/deepseek-v3.2,dictator,82,328,2,I share 82 dollars.,82.0,0.25,6.397817611694336
deepseek/deepseek-v3.2,dictator,82,328,3,I share 50 dollars.,50.0,0.1524390243902439,9.425216913223267
deepseek/deepseek-v3.2,dictator,82,496,1,I share 80 dollars.,80.0,0.16129032258064516,2.4266724586486816
deepseek/deepseek-v3.2,dictator,82,496,2,I share 100 dollars.,100.0,0.20161290322580644,5.386723756790161
deepseek/deepseek-v3.2,dictator,82,496,3,I share 100 dollars.,100.0,0.20161290322580644,12.125229120254517
deepseek/deepseek-v3.2,dictator,82,1135,1,I share 100 dollars.,100.0,0.0881057268722467,6.445443153381348
deepseek/deepseek-v3.2,dictator,82,1135,2,I share 200 dollars.,200.0,0.1762114537444934,6.088965892791748
deepseek/deepseek-v3.2,dictator,82,1135,3,I share 300 dollars.,300.0,0.2643171806167401,7.121420860290527
deepseek/deepseek-v3.2,dictator,82,1717,1,I share 200 dollars.,200.0,0.11648223645894001,5.641001462936401
deepseek/deepseek-v3.2,dictator,82,1717,2,I share 100 dollars.,100.0,0.05824111822947001,6.200179100036621
deepseek/deepseek-v3.2,dictator,82,1717,3,I share 258 dollars,258.0,0.15026208503203262,7.009669542312622
deepseek/deepseek-v3.2,dictator,82,2596,1,I share 500 dollars.,500.0,0.1926040061633282,4.411883115768433
deepseek/deepseek-v3.2,dictator,82,2596,2,I share 259 dollars.,259.0,0.09976887519260401,5.486815929412842
deepseek/deepseek-v3.2,dictator,82,2596,3,I share 259 dollars.,259.0,0.09976887519260401,4.972566604614258
deepseek/deepseek-v3.2,dictator,82,3926,1,I share 500 dollars.,500.0,0.1273560876209883,3.6034066677093506
deepseek/deepseek-v3.2,dictator,82,3926,2,I share 392 dollars.,392.0,0.09984717269485481,6.214233636856079
deepseek/deepseek-v3.2,dictator,82,3926,3,I share 785 dollars.,785.0,0.1999490575649516,5.179782390594482
deepseek/deepseek-v3.2,dictator,82,751,1,I share 150 dollars.,150.0,0.19973368841544606,1.4070110321044922
deepseek/deepseek-v3.2,dictator,82,751,2,I share 150 dollars.,150.0,0.19973368841544606,2.7812180519104004
deepseek/deepseek-v3.2,dictator,82,751,3,I share 150 dollars.,150.0,0.19973368841544606,5.513797044754028
deepseek/deepseek-v3.2,dictator,82,8979,1,I share 400 dollars.,400.0,0.04454839068938635,4.803637504577637
deepseek/deepseek-v3.2,dictator,82,8979,2,I share 200 dollars.,200.0,0.022274195344693173,6.130581378936768
deepseek/deepseek-v3.2,dictator,82,8979,3,I share 500 dollars,500.0,0.055685488361732934,10.049930572509766
deepseek/deepseek-v3.2,dictator,82,5938,1,I share 500 dollars.,500.0,0.08420343550016841,5.9908246994018555
deepseek/deepseek-v3.2,dictator,82,5938,2,I share 500 dollars.,500.0,0.08420343550016841,5.681239604949951
deepseek/deepseek-v3.2,dictator,82,5938,3,I share 500 dollars.,500.0,0.08420343550016841,9.46531629562378
deepseek/deepseek-v3.2,dictator,82,13578,1,I share $678 dollars.,678.0,0.04993371630578878,5.7662577629089355
deepseek/deepseek-v3.2,dictator,82,13578,2,I share 400 dollars,400.0,0.029459419649432907,4.44814395904541
deepseek/deepseek-v3.2,dictator,82,13578,3,I share 2715 dollars.,2715.0,0.19995581087052586,4.987891674041748
deepseek/deepseek-v3.2,dictator,82,20531,1,I share 1026 dollars.,1026.0,0.04997321124153719,9.469344139099121
deepseek/deepseek-v3.2,dictator,82,20531,2,I share 500 dollars,500.0,0.02435341678437485,3.937737226486206
deepseek/deepseek-v3.2,dictator,82,20531,3,I share 4106 dollars,4106.0,0.19999025863328626,5.023294925689697
deepseek/deepseek-v3.2,dictator,82,31054,1,"I share 8,000 dollars.",8000.0,0.2576157660848844,7.860334157943726
deepseek/deepseek-v3.2,dictator,82,31054,2,I share 6000 dollars,6000.0,0.1932118245636633,4.813377141952515
deepseek/deepseek-v3.2,dictator,82,31054,3,"I share 9,316 dollars.",9316.0,0.2999935596058479,6.290239334106445
deepseek/deepseek-v3.2,dictator,82,46962,1,"I share $10,000 dollars.",10000.0,0.21293812018227504,8.020768880844116
deepseek/deepseek-v3.2,dictator,82,46962,2,"I share 5,000 dollars.",5000.0,0.10646906009113752,5.447447299957275
deepseek/deepseek-v3.2,dictator,82,46962,3,I share 0 dollars.,0.0,0.0,5.642756938934326
deepseek/deepseek-v3.2,dictator,82,107392,1,"I share 10,000 dollars.",10000.0,0.09311680572109654,5.841012716293335
deepseek/deepseek-v3.2,dictator,82,107392,2,"I share 21,478 dollars",21478.0,0.19999627532777114,6.794549465179443
deepseek/deepseek-v3.2,dictator,82,107392,3,"I share 26,848 dollars.",26848.0,0.25,2.1235616207122803
deepseek/deepseek-v3.2,dictator,82,71000,1,"I share 14,200 dollars.",14200.0,0.2,7.042514085769653
deepseek/deepseek-v3.2,dictator,82,71000,2,"I share 10,000 dollars.",10000.0,0.14084507042253522,9.031339883804321
deepseek/deepseek-v3.2,dictator,82,71000,3,"I share 14,200 dollars",14200.0,0.2,14.405476331710815
deepseek/deepseek-v3.2,dictator,82,162379,1,"I share 48,713 dollars.",48713.0,0.29999568909772817,1.5700936317443848
deepseek/deepseek-v3.2,dictator,82,162379,2,"I share $81,189 dollars",81189.0,0.4999969207840915,13.517764806747437
deepseek/deepseek-v3.2,dictator,82,162379,3,"I share 40,000 dollars.",40000.0,0.24633727267688557,6.409907102584839
deepseek/deepseek-v3.2,dictator,82,250000,1,"I share 40,000 dollars.",40000.0,0.16,12.383037328720093
deepseek/deepseek-v3.2,dictator,82,250000,2,"I share $50,000 dollars.",50000.0,0.2,11.880982875823975
deepseek/deepseek-v3.2,dictator,82,250000,3,"I share 40,000 dollars.",40000.0,0.16,7.55972957611084
deepseek/deepseek-v3.2,dictator,84,1,1,I share 0 dollars.,0.0,0.0,4.472047328948975
deepseek/deepseek-v3.2,dictator,84,1,2,I share 0.30 dollars.,0.3,0.3,11.731884717941284
deepseek/deepseek-v3.2,dictator,84,1,3,I share 0.30 dollars,0.3,0.3,6.806502342224121
deepseek/deepseek-v3.2,dictator,84,2,1,I share 0 dollars.,0.0,0.0,9.46123194694519
deepseek/deepseek-v3.2,dictator,84,2,2,I share 0.80 dollars.,0.8,0.4,8.830175876617432
deepseek/deepseek-v3.2,dictator,84,2,3,I share 0 dollars.,0.0,0.0,9.621694564819336
deepseek/deepseek-v3.2,dictator,84,3,1,I share 1 dollar.,1.0,0.3333333333333333,7.6831841468811035
deepseek/deepseek-v3.2,dictator,84,3,2,I share 1 dollar.,1.0,0.3333333333333333,7.557633638381958
deepseek/deepseek-v3.2,dictator,84,3,3,I share 1 dollar.,1.0,0.3333333333333333,6.754262447357178
deepseek/deepseek-v3.2,dictator,84,5,1,I share 0 dollars.,0.0,0.0,14.659597158432007
deepseek/deepseek-v3.2,dictator,84,5,2,I share 2 dollars.,2.0,0.4,6.399076223373413
deepseek/deepseek-v3.2,dictator,84,5,3,I share 2 dollars.,2.0,0.4,9.064539432525635
deepseek/deepseek-v3.2,dictator,84,8,1,I share 0 dollars.,0.0,0.0,6.504377841949463
deepseek/deepseek-v3.2,dictator,84,8,2,I share 2 dollars.,2.0,0.25,12.7385733127594
deepseek/deepseek-v3.2,dictator,84,8,3,I share 2 dollars,2.0,0.25,6.418768882751465
deepseek/deepseek-v3.2,dictator,84,10,1,I share 2 dollars.,2.0,0.2,12.824055671691895
deepseek/deepseek-v3.2,dictator,84,10,2,I share 2 dollars.,2.0,0.2,5.559305191040039
deepseek/deepseek-v3.2,dictator,84,10,3,I share 2 dollars.,2.0,0.2,7.3209898471832275
deepseek/deepseek-v3.2,dictator,84,12,1,I share 4 dollars,4.0,0.3333333333333333,5.094913721084595
deepseek/deepseek-v3.2,dictator,84,12,2,I share 3 dollars.,3.0,0.25,5.053918838500977
deepseek/deepseek-v3.2,dictator,84,12,3,I share 3 dollars.,3.0,0.25,4.653974294662476
deepseek/deepseek-v3.2,dictator,84,27,1,I share 13 dollars.,13.0,0.48148148148148145,3.6523330211639404
deepseek/deepseek-v3.2,dictator,84,27,2,I share 5 dollars.,5.0,0.18518518518518517,10.108424663543701
deepseek/deepseek-v3.2,dictator,84,27,3,I share 10 dollars.,10.0,0.37037037037037035,10.563162088394165
deepseek/deepseek-v3.2,dictator,84,41,1,I share 12 dollars.,12.0,0.2926829268292683,10.192989587783813
deepseek/deepseek-v3.2,dictator,84,41,2,I share 5 dollars.,5.0,0.12195121951219512,5.3128883838653564
deepseek/deepseek-v3.2,dictator,84,41,3,I share 10 dollars.,10.0,0.24390243902439024,6.240147352218628
deepseek/deepseek-v3.2,dictator,84,18,1,I share 9 dollars,9.0,0.5,5.518223285675049
deepseek/deepseek-v3.2,dictator,84,18,2,I share 2 dollars,2.0,0.1111111111111111,11.03420376777649
deepseek/deepseek-v3.2,dictator,84,18,3,I share 9 dollars.,9.0,0.5,6.414244651794434
deepseek/deepseek-v3.2,dictator,84,63,1,I share 21 dollars.,21.0,0.3333333333333333,6.950138568878174
deepseek/deepseek-v3.2,dictator,84,63,2,I share 15 dollars.,15.0,0.23809523809523808,5.729202747344971
deepseek/deepseek-v3.2,dictator,84,63,3,I share 20 dollars.,20.0,0.31746031746031744,11.443164348602295
deepseek/deepseek-v3.2,dictator,84,144,1,I share 36 dollars.,36.0,0.25,6.674270153045654
deepseek/deepseek-v3.2,dictator,84,144,2,I share 28 dollars.,28.0,0.19444444444444445,5.06402850151062
deepseek/deepseek-v3.2,dictator,84,144,3,I share 28 dollars.,28.0,0.19444444444444445,6.857817888259888
deepseek/deepseek-v3.2,dictator,84,95,1,I share 40 dollars.,40.0,0.42105263157894735,11.986522674560547
deepseek/deepseek-v3.2,dictator,84,95,2,I share 30 dollars.,30.0,0.3157894736842105,36.55174279212952
deepseek/deepseek-v3.2,dictator,84,95,3,I share 40 dollars.,40.0,0.42105263157894735,5.814637899398804
deepseek/deepseek-v3.2,dictator,84,328,1,I share 50 dollars.,50.0,0.1524390243902439,10.257871866226196
deepseek/deepseek-v3.2,dictator,84,328,2,I share 65 dollars.,65.0,0.19817073170731708,3.461514472961426
deepseek/deepseek-v3.2,dictator,84,328,3,I share 32 dollars.,32.0,0.0975609756097561,5.007856607437134
deepseek/deepseek-v3.2,dictator,84,217,1,I share 30 dollars.,30.0,0.1382488479262673,27.542296409606934
deepseek/deepseek-v3.2,dictator,84,217,2,I share 60 dollars.,60.0,0.2764976958525346,10.385006427764893
deepseek/deepseek-v3.2,dictator,84,217,3,I share 40 dollars.,40.0,0.18433179723502305,6.431908130645752
deepseek/deepseek-v3.2,dictator,84,496,1,I share $83 dollars.,83.0,0.16733870967741934,6.557740211486816
deepseek/deepseek-v3.2,dictator,84,496,2,I share 0 dollars.,0.0,0.0,10.468712091445923
deepseek/deepseek-v3.2,dictator,84,496,3,I share 100 dollars.,100.0,0.20161290322580644,6.1742565631866455
deepseek/deepseek-v3.2,dictator,84,751,1,I share 75 dollars.,75.0,0.09986684420772303,6.835297346115112
deepseek/deepseek-v3.2,dictator,84,751,2,I share 150 dollars.,150.0,0.19973368841544606,6.967386245727539
deepseek/deepseek-v3.2,dictator,84,751,3,I share 150 dollars.,150.0,0.19973368841544606,11.004656553268433
deepseek/deepseek-v3.2,dictator,84,1717,1,I share 400 dollars.,400.0,0.23296447291788003,2.8004608154296875
deepseek/deepseek-v3.2,dictator,84,1717,2,I share 0 dollars.,0.0,0.0,5.519827842712402
deepseek/deepseek-v3.2,dictator,84,1717,3,I share 200 dollars.,200.0,0.11648223645894001,5.61531662940979
deepseek/deepseek-v3.2,dictator,84,1135,1,I share 50 dollars.,50.0,0.04405286343612335,6.820444583892822
deepseek/deepseek-v3.2,dictator,84,1135,2,I share 400 dollars.,400.0,0.3524229074889868,7.211430311203003
deepseek/deepseek-v3.2,dictator,84,1135,3,I share 200 dollars.,200.0,0.1762114537444934,5.750131130218506
deepseek/deepseek-v3.2,dictator,84,5938,1,I share $300 dollars.,300.0,0.05052206130010104,5.398192644119263
deepseek/deepseek-v3.2,dictator,84,5938,2,I share $0 dollars.,0.0,0.0,6.4975340366363525
deepseek/deepseek-v3.2,dictator,84,5938,3,I share 500 dollars.,500.0,0.08420343550016841,4.3974175453186035
deepseek/deepseek-v3.2,dictator,84,2596,1,I share 259 dollars.,259.0,0.09976887519260401,8.875915288925171
deepseek/deepseek-v3.2,dictator,84,2596,2,I share 100 dollars.,100.0,0.03852080123266564,3.8917503356933594
deepseek/deepseek-v3.2,dictator,84,2596,3,I share 400 dollars.,400.0,0.15408320493066255,6.1910834312438965
deepseek/deepseek-v3.2,dictator,84,3926,1,I share $392 dollars.,392.0,0.09984717269485481,6.123611927032471
deepseek/deepseek-v3.2,dictator,84,3926,2,I share 392 dollars.,392.0,0.09984717269485481,4.424578905105591
deepseek/deepseek-v3.2,dictator,84,3926,3,I share 500 dollars.,500.0,0.1273560876209883,7.080375671386719
deepseek/deepseek-v3.2,dictator,84,8979,1,I share 200 dollars.,200.0,0.022274195344693173,6.373904466629028
deepseek/deepseek-v3.2,dictator,84,8979,2,I share 897 dollars.,897.0,0.09989976612094888,11.277764558792114
deepseek/deepseek-v3.2,dictator,84,8979,3,I share 500 dollars.,500.0,0.055685488361732934,8.986181259155273
deepseek/deepseek-v3.2,dictator,84,13578,1,I share 3000 dollars,3000.0,0.2209456473707468,7.45746111869812
deepseek/deepseek-v3.2,dictator,84,13578,2,I share 2000 dollars.,2000.0,0.14729709824716453,9.751444816589355
deepseek/deepseek-v3.2,dictator,84,13578,3,"I share 2,000 dollars.",2000.0,0.14729709824716453,8.929400444030762
deepseek/deepseek-v3.2,dictator,84,20531,1,"I share $8,213 dollars.",8213.0,0.40002922410014125,11.348523616790771
deepseek/deepseek-v3.2,dictator,84,20531,2,"I share 3,531 dollars.",3531.0,0.17198382933125517,7.5649707317352295
deepseek/deepseek-v3.2,dictator,84,20531,3,I share 10265 dollars,10265.0,0.49997564658321564,8.6417555809021
deepseek/deepseek-v3.2,dictator,84,31054,1,"I share 5,000 dollars.",5000.0,0.16100985380305274,5.226161479949951
deepseek/deepseek-v3.2,dictator,84,31054,2,"I share 5,000 dollars.",5000.0,0.16100985380305274,8.816673517227173
deepseek/deepseek-v3.2,dictator,84,31054,3,"I share 5,000 dollars.",5000.0,0.16100985380305274,6.140161991119385
deepseek/deepseek-v3.2,dictator,84,46962,1,"I share $5,000 dollars.",5000.0,0.10646906009113752,5.243382930755615
deepseek/deepseek-v3.2,dictator,84,46962,2,"I share $9,392 dollars.",9392.0,0.19999148247519272,8.801660537719727
deepseek/deepseek-v3.2,dictator,84,46962,3,I share 5000 dollars.,5000.0,0.10646906009113752,7.53554105758667
deepseek/deepseek-v3.2,dictator,84,71000,1,"I share 10,000 dollars.",10000.0,0.14084507042253522,5.841649770736694
deepseek/deepseek-v3.2,dictator,84,71000,2,"I share 14,200 dollars.",14200.0,0.2,6.013889312744141
deepseek/deepseek-v3.2,dictator,84,71000,3,"I share 14,200 dollars.",14200.0,0.2,19.63876438140869
deepseek/deepseek-v3.2,dictator,74,41,1,I share 5 dollars.,5.0,0.12195121951219512,7.004735231399536
deepseek/deepseek-v3.2,dictator,74,41,2,I share $15 dollars.,15.0,0.36585365853658536,16.972671270370483
deepseek/deepseek-v3.2,dictator,74,41,3,I share 8 dollars.,8.0,0.1951219512195122,6.5742270946502686
deepseek/deepseek-v3.2,dictator,84,107392,1,"I share 15,000 dollars.",15000.0,0.1396752085816448,20.45857524871826
deepseek/deepseek-v3.2,dictator,84,107392,2,"I share $40,000 dollars.",40000.0,0.37246722288438616,3.333232879638672
deepseek/deepseek-v3.2,dictator,84,107392,3,"I share 25,000 dollars.",25000.0,0.23279201430274135,2.2046072483062744
deepseek/deepseek-v3.2,dictator,84,250000,1,"I share 50,000 dollars.",50000.0,0.2,5.0719053745269775
deepseek/deepseek-v3.2,dictator,84,250000,2,"I share 40,000 dollars.",40000.0,0.16,1.9842357635498047
deepseek/deepseek-v3.2,dictator,84,250000,3,"I share 50,000 dollars",50000.0,0.2,5.789783954620361
deepseek/deepseek-v3.2,dictator,84,162379,1,"I share 50,000 dollars.",50000.0,0.30792159084610693,16.206884384155273
deepseek/deepseek-v3.2,dictator,84,162379,2,"I share 32,476 dollars.",32476.0,0.20000123168636338,2.414869546890259
deepseek/deepseek-v3.2,dictator,84,162379,3,"I share 50,000 dollars.",50000.0,0.30792159084610693,5.865746259689331
deepseek/deepseek-v3.2,dictator,86,1,1,I share 0.10 dollars.,0.1,0.1,3.4633448123931885
deepseek/deepseek-v3.2,dictator,86,1,2,I share 0.20 dollars.,0.2,0.2,3.8608310222625732
deepseek/deepseek-v3.2,dictator,86,1,3,I share 0.40 dollars.,0.4,0.4,11.409805059432983
deepseek/deepseek-v3.2,dictator,86,2,1,I share 1 dollars.,1.0,0.5,6.666964530944824
deepseek/deepseek-v3.2,dictator,86,2,2,I share 1 dollars.,1.0,0.5,10.623753547668457
deepseek/deepseek-v3.2,dictator,86,2,3,I share 0 dollars,0.0,0.0,8.133743286132812
deepseek/deepseek-v3.2,dictator,86,3,1,I share 1 dollar.,1.0,0.3333333333333333,12.092426300048828
deepseek/deepseek-v3.2,dictator,86,3,2,I share 1 dollar.,1.0,0.3333333333333333,6.65371561050415
deepseek/deepseek-v3.2,dictator,86,3,3,I share 1 dollar,1.0,0.3333333333333333,5.088357210159302
deepseek/deepseek-v3.2,dictator,86,5,1,I share 2 dollars,2.0,0.4,11.09412956237793
deepseek/deepseek-v3.2,dictator,86,5,2,I share 1 dollar.,1.0,0.2,7.423414468765259
deepseek/deepseek-v3.2,dictator,86,5,3,I share 1 dollar.,1.0,0.2,8.650787830352783
deepseek/deepseek-v3.2,dictator,86,8,1,I share 2 dollars.,2.0,0.25,7.153957843780518
deepseek/deepseek-v3.2,dictator,86,8,2,I share 3 dollars.,3.0,0.375,8.563997507095337
deepseek/deepseek-v3.2,dictator,86,8,3,I share 2 dollars.,2.0,0.25,3.1142261028289795
deepseek/deepseek-v3.2,dictator,86,12,1,I share 3 dollars.,3.0,0.25,7.868319749832153
deepseek/deepseek-v3.2,dictator,86,12,2,I share 4 dollars.,4.0,0.3333333333333333,6.586585998535156
deepseek/deepseek-v3.2,dictator,86,12,3,I share 3 dollars.,3.0,0.25,3.705662727355957
deepseek/deepseek-v3.2,dictator,86,27,1,I share $5 dollars.,5.0,0.18518518518518517,8.701947450637817
deepseek/deepseek-v3.2,dictator,86,27,2,I share 5 dollars.,5.0,0.18518518518518517,3.7694225311279297
deepseek/deepseek-v3.2,dictator,86,27,3,I share $10 dollars.,10.0,0.37037037037037035,9.019493579864502
deepseek/deepseek-v3.2,dictator,80,328,1,I share 98 dollars.,98.0,0.29878048780487804,12.07880187034607
deepseek/deepseek-v3.2,dictator,80,328,2,I share 50 dollars.,50.0,0.1524390243902439,12.249759197235107
deepseek/deepseek-v3.2,dictator,80,328,3,I share 30 dollars.,30.0,0.09146341463414634,6.083667278289795
deepseek/deepseek-v3.2,dictator,86,10,1,I share 2 dollars.,2.0,0.2,23.67241072654724
deepseek/deepseek-v3.2,dictator,86,10,2,I share 2 dollars.,2.0,0.2,8.555898189544678
deepseek/deepseek-v3.2,dictator,86,10,3,I share 3 dollars.,3.0,0.3,5.272289276123047
deepseek/deepseek-v3.2,dictator,86,18,1,I share 9 dollars.,9.0,0.5,3.2892940044403076
deepseek/deepseek-v3.2,dictator,86,18,2,I share 0 dollars.,0.0,0.0,7.820227861404419
deepseek/deepseek-v3.2,dictator,86,18,3,I share 7 dollars.,7.0,0.3888888888888889,6.1966776847839355
deepseek/deepseek-v3.2,dictator,86,41,1,I share 20 dollars.,20.0,0.4878048780487805,7.195516586303711
deepseek/deepseek-v3.2,dictator,86,41,2,I share 10 dollars.,10.0,0.24390243902439024,5.467004060745239
deepseek/deepseek-v3.2,dictator,86,41,3,I share 5 dollars.,5.0,0.12195121951219512,8.99081563949585
deepseek/deepseek-v3.2,dictator,86,95,1,I share 28 dollars.,28.0,0.29473684210526313,6.1909685134887695
deepseek/deepseek-v3.2,dictator,86,95,2,I share 25 dollars.,25.0,0.2631578947368421,2.766105890274048
deepseek/deepseek-v3.2,dictator,86,95,3,I share 47 dollars.,47.0,0.49473684210526314,7.156695604324341
deepseek/deepseek-v3.2,dictator,86,217,1,I share 50 dollars,50.0,0.2304147465437788,1.4995462894439697
deepseek/deepseek-v3.2,dictator,86,217,2,I share 65 dollars.,65.0,0.2995391705069124,9.168149709701538
deepseek/deepseek-v3.2,dictator,86,217,3,I share 43 dollars.,43.0,0.19815668202764977,3.5169291496276855
deepseek/deepseek-v3.2,dictator,86,63,1,I share 16 dollars.,16.0,0.25396825396825395,4.219766139984131
deepseek/deepseek-v3.2,dictator,86,63,2,I share 25 dollars.,25.0,0.3968253968253968,8.290944814682007
deepseek/deepseek-v3.2,dictator,86,63,3,I share $21 dollars.,21.0,0.3333333333333333,12.621663808822632
deepseek/deepseek-v3.2,dictator,86,328,1,I share 50 dollars.,50.0,0.1524390243902439,6.926354169845581
deepseek/deepseek-v3.2,dictator,86,328,2,I share 80 dollars.,80.0,0.24390243902439024,6.489219665527344
deepseek/deepseek-v3.2,dictator,86,328,3,I share 50 dollars.,50.0,0.1524390243902439,13.577954530715942
deepseek/deepseek-v3.2,dictator,86,751,1,I share 50 dollars.,50.0,0.06657789613848203,8.644551753997803
deepseek/deepseek-v3.2,dictator,86,751,2,I share 150 dollars.,150.0,0.19973368841544606,8.418084383010864
deepseek/deepseek-v3.2,dictator,86,751,3,I share 150 dollars.,150.0,0.19973368841544606,3.5597736835479736
deepseek/deepseek-v3.2,dictator,86,144,1,I share 20 dollars.,20.0,0.1388888888888889,4.941683769226074
deepseek/deepseek-v3.2,dictator,86,144,2,I share 24 dollars.,24.0,0.16666666666666666,10.401676416397095
deepseek/deepseek-v3.2,dictator,86,144,3,I share 43 dollars.,43.0,0.2986111111111111,3.0703892707824707
deepseek/deepseek-v3.2,dictator,86,1135,1,I share 300 dollars.,300.0,0.2643171806167401,7.645749092102051
deepseek/deepseek-v3.2,dictator,86,1135,2,I share 135 dollars.,135.0,0.11894273127753303,9.018606901168823
deepseek/deepseek-v3.2,dictator,86,1135,3,I share 200 dollars.,200.0,0.1762114537444934,4.560201644897461
deepseek/deepseek-v3.2,dictator,86,496,1,I share $100 dollars.,100.0,0.20161290322580644,5.761053562164307
deepseek/deepseek-v3.2,dictator,86,496,2,I share 49 dollars.,49.0,0.09879032258064516,19.375399112701416
deepseek/deepseek-v3.2,dictator,86,496,3,I share 86 dollars.,86.0,0.17338709677419356,7.998924016952515
deepseek/deepseek-v3.2,dictator,86,3926,1,I share 392 dollars.,392.0,0.09984717269485481,6.881382942199707
deepseek/deepseek-v3.2,dictator,86,3926,2,I share $392 dollars.,392.0,0.09984717269485481,3.949655055999756
deepseek/deepseek-v3.2,dictator,86,3926,3,I share 0 dollars.,0.0,0.0,6.391096115112305
deepseek/deepseek-v3.2,dictator,86,2596,1,I share 300 dollars.,300.0,0.11556240369799692,4.913139343261719
deepseek/deepseek-v3.2,dictator,86,2596,2,"I share 1,298 dollars",1298.0,0.5,6.109665870666504
deepseek/deepseek-v3.2,dictator,86,2596,3,I share 259 dollars.,259.0,0.09976887519260401,6.296353816986084
deepseek/deepseek-v3.2,dictator,86,1717,1,I share 200 dollars.,200.0,0.11648223645894001,7.80358624458313
deepseek/deepseek-v3.2,dictator,86,1717,2,I share 200 dollars,200.0,0.11648223645894001,5.060718297958374
deepseek/deepseek-v3.2,dictator,86,1717,3,I share 200 dollars.,200.0,0.11648223645894001,5.7912843227386475
deepseek/deepseek-v3.2,dictator,86,5938,1,I share 0 dollars.,0.0,0.0,3.875417470932007
deepseek/deepseek-v3.2,dictator,86,5938,2,I share 593 dollars.,593.0,0.09986527450319974,6.070913314819336
deepseek/deepseek-v3.2,dictator,86,5938,3,I share $594 dollars.,594.0,0.10003368137420007,7.388125419616699
deepseek/deepseek-v3.2,dictator,86,8979,1,I share 898 dollars.,898.0,0.10001113709767234,4.317347049713135
deepseek/deepseek-v3.2,dictator,86,8979,2,I share 449 dollars,449.0,0.05000556854883617,5.82398533821106
deepseek/deepseek-v3.2,dictator,86,8979,3,I share 500 dollars.,500.0,0.055685488361732934,4.952771902084351
deepseek/deepseek-v3.2,dictator,86,31054,1,"I share 4,658 dollars.",4658.0,0.14999677980292395,5.315724611282349
deepseek/deepseek-v3.2,dictator,86,31054,2,"I share 10,000 dollars",10000.0,0.3220197076061055,6.2438414096832275
deepseek/deepseek-v3.2,dictator,86,31054,3,"I share $4,000 dollars.",4000.0,0.1288078830424422,5.640890598297119
deepseek/deepseek-v3.2,dictator,86,13578,1,I share 2000 dollars.,2000.0,0.14729709824716453,4.749938726425171
deepseek/deepseek-v3.2,dictator,86,13578,2,"I share 2,715 dollars.",2715.0,0.19995581087052586,8.110894680023193
deepseek/deepseek-v3.2,dictator,86,13578,3,I share 678 dollars.,678.0,0.04993371630578878,4.901097536087036
deepseek/deepseek-v3.2,dictator,86,46962,1,I share 5000 dollars.,5000.0,0.10646906009113752,4.374948978424072
deepseek/deepseek-v3.2,dictator,86,46962,2,"I share 10,000 dollars.",10000.0,0.21293812018227504,6.4376654624938965
deepseek/deepseek-v3.2,dictator,86,46962,3,I share 5000 dollars.,5000.0,0.10646906009113752,6.3891215324401855
deepseek/deepseek-v3.2,dictator,86,71000,1,I share 14200 dollars,14200.0,0.2,7.951034784317017
deepseek/deepseek-v3.2,dictator,86,71000,2,I share 0 dollars.,0.0,0.0,4.7264978885650635
deepseek/deepseek-v3.2,dictator,86,71000,3,"I share 10,000 dollars.",10000.0,0.14084507042253522,11.588120937347412
deepseek/deepseek-v3.2,dictator,86,20531,1,"I share 2,053 dollars",2053.0,0.09999512931664313,5.521019458770752
deepseek/deepseek-v3.2,dictator,86,20531,2,I share 8200 dollars.,8200.0,0.3993960352637475,5.974451780319214
deepseek/deepseek-v3.2,dictator,86,20531,3,I share 8200 dollars.,8200.0,0.3993960352637475,11.885849952697754
deepseek/deepseek-v3.2,dictator,86,250000,1,"I share $30,000 dollars.",30000.0,0.12,12.673840284347534
deepseek/deepseek-v3.2,dictator,86,250000,2,"I share 25,000 dollars.",25000.0,0.1,4.815564155578613
deepseek/deepseek-v3.2,dictator,86,250000,3,"I share $25,000 dollars.",25000.0,0.1,10.55885124206543
deepseek/deepseek-v3.2,dictator,86,107392,1,"I share $20,000 dollars.",20000.0,0.18623361144219308,12.627002954483032
deepseek/deepseek-v3.2,dictator,86,107392,2,"I share 15,000 dollars.",15000.0,0.1396752085816448,5.85221004486084
deepseek/deepseek-v3.2,dictator,86,107392,3,"I share 21,478 dollars.",21478.0,0.19999627532777114,10.558632612228394
deepseek/deepseek-v3.2,dictator,88,2,1,I share 0.50 dollars.,0.5,0.25,7.384343862533569
deepseek/deepseek-v3.2,dictator,88,2,2,I share 1 dollar.,1.0,0.5,8.932796716690063
deepseek/deepseek-v3.2,dictator,88,2,3,I share 0 dollars.,0.0,0.0,6.533102989196777
deepseek/deepseek-v3.2,dictator,86,162379,1,"I share $8,119 dollars.",8119.0,0.050000307921590846,6.20714807510376
deepseek/deepseek-v3.2,dictator,86,162379,2,"I share 20,000 dollars.",20000.0,0.12316863633844279,9.680068492889404
deepseek/deepseek-v3.2,dictator,86,162379,3,"I share 32,475 dollars.",32475.0,0.19999507325454646,6.61030387878418
deepseek/deepseek-v3.2,dictator,88,1,1,I share 0.10 dollars,0.1,0.1,6.656739950180054
deepseek/deepseek-v3.2,dictator,88,1,2,I share 0.30 dollars.,0.3,0.3,10.891036987304688
deepseek/deepseek-v3.2,dictator,88,1,3,I share 0 dollars.,0.0,0.0,6.0208351612091064
deepseek/deepseek-v3.2,dictator,88,3,1,I share 1 dollar.,1.0,0.3333333333333333,8.619625091552734
deepseek/deepseek-v3.2,dictator,88,3,2,I share 1 dollars.,1.0,0.3333333333333333,6.928389072418213
deepseek/deepseek-v3.2,dictator,88,3,3,I share 1 dollar.,1.0,0.3333333333333333,4.007111549377441
deepseek/deepseek-v3.2,dictator,88,5,1,I share $1.50 dollars.,1.5,0.3,6.839626789093018
deepseek/deepseek-v3.2,dictator,88,5,2,I share 1 dollar.,1.0,0.2,7.614194631576538
deepseek/deepseek-v3.2,dictator,88,5,3,I share 2 dollars.,2.0,0.4,10.630226373672485
deepseek/deepseek-v3.2,dictator,88,8,1,I share 1 dollar.,1.0,0.125,9.991700887680054
deepseek/deepseek-v3.2,dictator,88,8,2,I share 1 dollar.,1.0,0.125,6.275686264038086
deepseek/deepseek-v3.2,dictator,88,8,3,I share 2 dollars.,2.0,0.25,4.493254661560059
deepseek/deepseek-v3.2,dictator,88,12,1,I share $4 dollars.,4.0,0.3333333333333333,5.987167596817017
deepseek/deepseek-v3.2,dictator,88,12,2,I share 4 dollars.,4.0,0.3333333333333333,5.959518194198608
deepseek/deepseek-v3.2,dictator,88,12,3,I share 3 dollars.,3.0,0.25,7.073418855667114
deepseek/deepseek-v3.2,dictator,88,18,1,I share 0 dollars.,0.0,0.0,5.381553649902344
deepseek/deepseek-v3.2,dictator,88,18,2,I share 9 dollars.,9.0,0.5,6.629186391830444
deepseek/deepseek-v3.2,dictator,88,18,3,I share 9 dollars.,9.0,0.5,6.373716831207275
deepseek/deepseek-v3.2,dictator,88,41,1,I share 8 dollars.,8.0,0.1951219512195122,4.770745754241943
deepseek/deepseek-v3.2,dictator,88,41,2,I share 10 dollars.,10.0,0.24390243902439024,9.122452020645142
deepseek/deepseek-v3.2,dictator,88,41,3,I share $20 dollars.,20.0,0.4878048780487805,5.234233617782593
deepseek/deepseek-v3.2,dictator,88,27,1,I share 9 dollars.,9.0,0.3333333333333333,8.103353023529053
deepseek/deepseek-v3.2,dictator,88,27,2,I share 5 dollars.,5.0,0.18518518518518517,5.649909496307373
deepseek/deepseek-v3.2,dictator,88,27,3,I share 6 dollars.,6.0,0.2222222222222222,7.8925557136535645
deepseek/deepseek-v3.2,dictator,88,63,1,I share 20 dollars.,20.0,0.31746031746031744,8.136244297027588
deepseek/deepseek-v3.2,dictator,88,63,2,I share 28 dollars.,28.0,0.4444444444444444,6.985946893692017
deepseek/deepseek-v3.2,dictator,88,63,3,I share 0 dollars.,0.0,0.0,8.988669872283936
deepseek/deepseek-v3.2,dictator,88,95,1,I share 40 dollars.,40.0,0.42105263157894735,2.8150579929351807
deepseek/deepseek-v3.2,dictator,88,95,2,I share 10 dollars.,10.0,0.10526315789473684,9.069290399551392
deepseek/deepseek-v3.2,dictator,88,95,3,I share 30 dollars.,30.0,0.3157894736842105,10.638774394989014
deepseek/deepseek-v3.2,dictator,88,144,1,I share $40 dollars.,40.0,0.2777777777777778,7.171827793121338
deepseek/deepseek-v3.2,dictator,88,144,2,I share 72 dollars.,72.0,0.5,7.531860828399658
deepseek/deepseek-v3.2,dictator,88,144,3,I share 36 dollars.,36.0,0.25,6.151183366775513
deepseek/deepseek-v3.2,dictator,88,217,1,I share 54 dollars,54.0,0.2488479262672811,7.3834228515625
deepseek/deepseek-v3.2,dictator,88,217,2,I share 43 dollars.,43.0,0.19815668202764977,7.315513610839844
deepseek/deepseek-v3.2,dictator,88,217,3,I share 30 dollars.,30.0,0.1382488479262673,7.194805383682251
deepseek/deepseek-v3.2,dictator,88,328,1,I share 65 dollars.,65.0,0.19817073170731708,5.606184720993042
deepseek/deepseek-v3.2,dictator,88,328,2,I share 50 dollars.,50.0,0.1524390243902439,10.732642889022827
deepseek/deepseek-v3.2,dictator,88,328,3,I share 98 dollars.,98.0,0.29878048780487804,10.91338849067688
deepseek/deepseek-v3.2,dictator,88,496,1,I share 50 dollars.,50.0,0.10080645161290322,6.769343376159668
deepseek/deepseek-v3.2,dictator,88,496,2,I share 50 dollars.,50.0,0.10080645161290322,5.671018362045288
deepseek/deepseek-v3.2,dictator,88,496,3,I share 248 dollars.,248.0,0.5,10.207805156707764
deepseek/deepseek-v3.2,dictator,88,1135,1,I share 200 dollars.,200.0,0.1762114537444934,4.0362021923065186
deepseek/deepseek-v3.2,dictator,88,1135,2,I share 0 dollars.,0.0,0.0,11.561212539672852
deepseek/deepseek-v3.2,dictator,88,1135,3,I share 113 dollars.,113.0,0.09955947136563877,10.225400447845459
deepseek/deepseek-v3.2,dictator,88,751,1,I share 75 dollars.,75.0,0.09986684420772303,7.952833652496338
deepseek/deepseek-v3.2,dictator,88,751,2,I share 150 dollars.,150.0,0.19973368841544606,8.379260063171387
deepseek/deepseek-v3.2,dictator,88,751,3,I share 125 dollars.,125.0,0.16644474034620507,11.735826015472412
deepseek/deepseek-v3.2,dictator,88,1717,1,I share 343 dollars.,343.0,0.1997670355270821,12.208672523498535
deepseek/deepseek-v3.2,dictator,88,1717,2,I share 400 dollars.,400.0,0.23296447291788003,9.60948371887207
deepseek/deepseek-v3.2,dictator,88,1717,3,I share 300 dollars,300.0,0.17472335468841002,15.645067691802979
deepseek/deepseek-v3.2,dictator,88,2596,1,I share 300 dollars.,300.0,0.11556240369799692,10.866682291030884
deepseek/deepseek-v3.2,dictator,88,2596,2,I share 1298 dollars,1298.0,0.5,11.093777894973755
deepseek/deepseek-v3.2,dictator,88,2596,3,I share 500 dollars.,500.0,0.1926040061633282,15.016911029815674
deepseek/deepseek-v3.2,dictator,88,5938,1,I share 500 dollars,500.0,0.08420343550016841,10.443164587020874
deepseek/deepseek-v3.2,dictator,88,5938,2,I share 2970 dollars.,2970.0,0.5001684068710003,15.107587099075317
deepseek/deepseek-v3.2,dictator,88,5938,3,I share 1000 dollars.,1000.0,0.16840687100033683,6.161242961883545
deepseek/deepseek-v3.2,dictator,88,3926,1,"I share $1,566 dollars.",1566.0,0.3988792664289353,9.432268142700195
deepseek/deepseek-v3.2,dictator,88,3926,2,I share $0 dollars.,0.0,0.0,15.990422248840332
deepseek/deepseek-v3.2,dictator,88,3926,3,I share 392 dollars.,392.0,0.09984717269485481,10.83196473121643
deepseek/deepseek-v3.2,dictator,88,20531,1,I share 2053 dollars,2053.0,0.09999512931664313,2.0609893798828125
deepseek/deepseek-v3.2,dictator,88,20531,2,I share 2053 dollars,2053.0,0.09999512931664313,6.4723732471466064
deepseek/deepseek-v3.2,dictator,88,20531,3,I share 4106 dollars,4106.0,0.19999025863328626,5.53706693649292
deepseek/deepseek-v3.2,dictator,88,8979,1,I share 897 dollars.,897.0,0.09989976612094888,12.340225219726562
deepseek/deepseek-v3.2,dictator,88,8979,2,I share 300 dollars.,300.0,0.03341129301703976,2.5407345294952393
deepseek/deepseek-v3.2,dictator,88,8979,3,I share 4490 dollars.,4490.0,0.5000556854883618,6.462904930114746
deepseek/deepseek-v3.2,dictator,88,13578,1,"I share 2,716 dollars.",2716.0,0.20002945941964942,14.029123783111572
deepseek/deepseek-v3.2,dictator,88,13578,2,I share 2000 dollars.,2000.0,0.14729709824716453,7.3121562004089355
deepseek/deepseek-v3.2,dictator,88,13578,3,I share 678 dollars.,678.0,0.04993371630578878,3.562587022781372
deepseek/deepseek-v3.2,dictator,88,31054,1,"I share 15,527 dollars.",15527.0,0.5,5.429565906524658
deepseek/deepseek-v3.2,dictator,88,31054,2,"I share 15,527 dollars.",15527.0,0.5,4.855167388916016
deepseek/deepseek-v3.2,dictator,88,31054,3,"I share 15,527 dollars.",15527.0,0.5,4.45381760597229
deepseek/deepseek-v3.2,dictator,88,71000,1,"I share 14,200 dollars.",14200.0,0.2,4.280097484588623
deepseek/deepseek-v3.2,dictator,88,71000,2,I share 0 dollars.,0.0,0.0,6.827710866928101
deepseek/deepseek-v3.2,dictator,88,71000,3,"I share $7,100 dollars.",7100.0,0.1,3.2573816776275635
deepseek/deepseek-v3.2,dictator,88,46962,1,I share $0 dollars,0.0,0.0,7.808441162109375
deepseek/deepseek-v3.2,dictator,88,46962,2,I share 0 dollars.,0.0,0.0,4.927410840988159
deepseek/deepseek-v3.2,dictator,88,46962,3,I share 15000 dollars.,15000.0,0.3194071802734125,6.713106155395508
deepseek/deepseek-v3.2,dictator,88,162379,1,I share 40000 dollars,40000.0,0.24633727267688557,6.671481132507324
deepseek/deepseek-v3.2,dictator,88,162379,2,"I share $8,000 dollars.",8000.0,0.04926745453537711,2.8228061199188232
deepseek/deepseek-v3.2,dictator,88,162379,3,I share 81190 dollars,81190.0,0.5000030792159085,4.948822975158691
deepseek/deepseek-v3.2,dictator,88,107392,1,I share 0 dollars.,0.0,0.0,7.538076877593994
deepseek/deepseek-v3.2,dictator,88,107392,2,"I share 10,739 dollars.",10739.0,0.09999813766388557,2.315549850463867
deepseek/deepseek-v3.2,dictator,88,107392,3,"I share 10,000 dollars.",10000.0,0.09311680572109654,5.6513352394104
deepseek/deepseek-v3.2,dictator,88,250000,1,I share 0 dollars.,0.0,0.0,4.567980527877808
deepseek/deepseek-v3.2,dictator,88,250000,2,"I share 50,000 dollars.",50000.0,0.2,5.969099521636963
deepseek/deepseek-v3.2,dictator,88,250000,3,"I share 50,000 dollars.",50000.0,0.2,6.504328489303589
deepseek/deepseek-v3.2,dictator,90,3,1,I share 1 dollar.,1.0,0.3333333333333333,7.583986520767212
deepseek/deepseek-v3.2,dictator,90,3,2,I share 1 dollar.,1.0,0.3333333333333333,4.787931442260742
deepseek/deepseek-v3.2,dictator,90,3,3,I share 1 dollars.,1.0,0.3333333333333333,6.32366681098938
deepseek/deepseek-v3.2,dictator,90,1,1,I share $0.40 dollars.,0.4,0.4,6.69610071182251
deepseek/deepseek-v3.2,dictator,90,1,2,I share 0.25 dollars,0.25,0.25,6.4616944789886475
deepseek/deepseek-v3.2,dictator,90,1,3,I share 0.30 dollars.,0.3,0.3,6.325568914413452
deepseek/deepseek-v3.2,dictator,90,2,1,I share 0 dollars.,0.0,0.0,6.76289701461792
deepseek/deepseek-v3.2,dictator,90,2,2,I share 1 dollars,1.0,0.5,5.683302402496338
deepseek/deepseek-v3.2,dictator,90,2,3,I share 0 dollars.,0.0,0.0,9.702124834060669
deepseek/deepseek-v3.2,dictator,90,10,1,I share 2 dollars.,2.0,0.2,4.10610032081604
deepseek/deepseek-v3.2,dictator,90,10,2,I share 2 dollars.,2.0,0.2,11.035645008087158
deepseek/deepseek-v3.2,dictator,90,10,3,I share 3 dollars.,3.0,0.3,5.459349632263184
deepseek/deepseek-v3.2,dictator,90,8,1,I share 3 dollars.,3.0,0.375,5.174571990966797
deepseek/deepseek-v3.2,dictator,90,8,2,I share 2 dollars.,2.0,0.25,10.576261520385742
deepseek/deepseek-v3.2,dictator,90,8,3,I share 1 dollar.,1.0,0.125,5.3908445835113525
deepseek/deepseek-v3.2,dictator,90,12,1,I share 4 dollars.,4.0,0.3333333333333333,4.37387752532959
deepseek/deepseek-v3.2,dictator,90,12,2,I share 2 dollars.,2.0,0.16666666666666666,8.289267778396606
deepseek/deepseek-v3.2,dictator,90,12,3,I share 4 dollars.,4.0,0.3333333333333333,6.144434690475464
deepseek/deepseek-v3.2,dictator,90,5,1,I share $0 dollars.,0.0,0.0,5.72919225692749
deepseek/deepseek-v3.2,dictator,90,5,2,I share $2.50 dollars.,2.5,0.5,15.55556321144104
deepseek/deepseek-v3.2,dictator,90,5,3,I share 2 dollars.,2.0,0.4,6.645627498626709
deepseek/deepseek-v3.2,dictator,90,41,1,I share $12 dollars.,12.0,0.2926829268292683,5.50033164024353
deepseek/deepseek-v3.2,dictator,90,41,2,I share $10 dollars.,10.0,0.24390243902439024,10.15524411201477
deepseek/deepseek-v3.2,dictator,90,41,3,I share $15 dollars.,15.0,0.36585365853658536,2.6457488536834717
deepseek/deepseek-v3.2,dictator,90,63,1,I share 15 dollars.,15.0,0.23809523809523808,6.4409520626068115
deepseek/deepseek-v3.2,dictator,90,63,2,I share 6 dollars.,6.0,0.09523809523809523,6.62761664390564
deepseek/deepseek-v3.2,dictator,90,63,3,I share 0 dollars,0.0,0.0,6.400439739227295
deepseek/deepseek-v3.2,dictator,90,18,1,I share 0 dollars.,0.0,0.0,6.165637969970703
deepseek/deepseek-v3.2,dictator,90,18,2,I share 3 dollars.,3.0,0.16666666666666666,6.6558837890625
deepseek/deepseek-v3.2,dictator,90,18,3,I share 9 dollars.,9.0,0.5,7.312087059020996
deepseek/deepseek-v3.2,dictator,90,27,1,I share $10 dollars.,10.0,0.37037037037037035,7.313654899597168
deepseek/deepseek-v3.2,dictator,90,27,2,I share 7 dollars.,7.0,0.25925925925925924,7.251473426818848
deepseek/deepseek-v3.2,dictator,90,27,3,I share 5 dollars.,5.0,0.18518518518518517,14.780898094177246
deepseek/deepseek-v3.2,dictator,90,95,1,I share 5 dollars.,5.0,0.05263157894736842,7.10136342048645
deepseek/deepseek-v3.2,dictator,90,95,2,I share 30 dollars.,30.0,0.3157894736842105,12.41645884513855
deepseek/deepseek-v3.2,dictator,90,95,3,I share 30 dollars.,30.0,0.3157894736842105,10.712239027023315
deepseek/deepseek-v3.2,dictator,90,144,1,I share 72 dollars,72.0,0.5,13.78996992111206
deepseek/deepseek-v3.2,dictator,90,144,2,I share 72 dollars.,72.0,0.5,9.78156328201294
deepseek/deepseek-v3.2,dictator,90,144,3,I share 30 dollars.,30.0,0.20833333333333334,7.196535110473633
deepseek/deepseek-v3.2,dictator,90,217,1,I share 50 dollars.,50.0,0.2304147465437788,11.769857406616211
deepseek/deepseek-v3.2,dictator,90,217,2,I share 50 dollars.,50.0,0.2304147465437788,18.72579574584961
deepseek/deepseek-v3.2,dictator,90,217,3,I share 70 dollars.,70.0,0.3225806451612903,5.27526068687439
deepseek/deepseek-v3.2,dictator,90,328,1,I share 80 dollars.,80.0,0.24390243902439024,11.209471940994263
deepseek/deepseek-v3.2,dictator,90,328,2,I share 80 dollars.,80.0,0.24390243902439024,14.01069450378418
deepseek/deepseek-v3.2,dictator,90,328,3,I share 65 dollars.,65.0,0.19817073170731708,9.515949964523315
deepseek/deepseek-v3.2,dictator,90,496,1,I share 0 dollars.,0.0,0.0,8.912009477615356
deepseek/deepseek-v3.2,dictator,90,496,2,I share 100 dollars.,100.0,0.20161290322580644,2.6855952739715576
deepseek/deepseek-v3.2,dictator,90,496,3,I share 50 dollars.,50.0,0.10080645161290322,5.9299890995025635
deepseek/deepseek-v3.2,dictator,90,751,1,I share 75 dollars.,75.0,0.09986684420772303,7.356392860412598
deepseek/deepseek-v3.2,dictator,90,751,2,I share 100 dollars.,100.0,0.13315579227696406,3.2449991703033447
deepseek/deepseek-v3.2,dictator,90,751,3,I share 75 dollars.,75.0,0.09986684420772303,10.471325874328613
deepseek/deepseek-v3.2,dictator,90,1717,1,I share 400 dollars.,400.0,0.23296447291788003,2.56118106842041
deepseek/deepseek-v3.2,dictator,90,1717,2,I share 300 dollars.,300.0,0.17472335468841002,11.527053356170654
deepseek/deepseek-v3.2,dictator,90,1717,3,I share 80 dollars.,80.0,0.046592894583576,5.663153171539307
deepseek/deepseek-v3.2,dictator,90,1135,1,I share 200 dollars.,200.0,0.1762114537444934,4.534079074859619
deepseek/deepseek-v3.2,dictator,90,1135,2,I share 50 dollars.,50.0,0.04405286343612335,11.594260454177856
deepseek/deepseek-v3.2,dictator,90,1135,3,I share 50 dollars.,50.0,0.04405286343612335,5.966082334518433
deepseek/deepseek-v3.2,dictator,90,2596,1,I share 300 dollars.,300.0,0.11556240369799692,9.683954000473022
deepseek/deepseek-v3.2,dictator,90,2596,2,I share 500 dollars.,500.0,0.1926040061633282,7.9724133014678955
deepseek/deepseek-v3.2,dictator,90,2596,3,I share $520 dollars.,520.0,0.20030816640986132,5.309618234634399
deepseek/deepseek-v3.2,dictator,90,3926,1,I share 392 dollars.,392.0,0.09984717269485481,6.438130140304565
deepseek/deepseek-v3.2,dictator,90,3926,2,I share 500 dollars.,500.0,0.1273560876209883,5.813604116439819
deepseek/deepseek-v3.2,dictator,90,3926,3,I share 500 dollars.,500.0,0.1273560876209883,1.512882947921753
deepseek/deepseek-v3.2,dictator,90,5938,1,I share 500 dollars.,500.0,0.08420343550016841,5.418252944946289
deepseek/deepseek-v3.2,dictator,90,5938,2,I share 100 dollars.,100.0,0.016840687100033683,2.7146432399749756
deepseek/deepseek-v3.2,dictator,90,5938,3,I share $297 dollars,297.0,0.050016840687100036,5.244674444198608
deepseek/deepseek-v3.2,dictator,90,8979,1,I share 0 dollars.,0.0,0.0,5.46454381942749
deepseek/deepseek-v3.2,dictator,90,8979,2,I share 898 dollars.,898.0,0.10001113709767234,3.1512725353240967
deepseek/deepseek-v3.2,dictator,90,8979,3,I share 0 dollars.,0.0,0.0,4.6104371547698975
deepseek/deepseek-v3.2,dictator,90,13578,1,I share 6780 dollars.,6780.0,0.4993371630578878,1.605342149734497
deepseek/deepseek-v3.2,dictator,90,13578,2,"I share 1,357 dollars.",1357.0,0.09994108116070113,5.788583993911743
deepseek/deepseek-v3.2,dictator,90,13578,3,I share 678 dollars,678.0,0.04993371630578878,4.809646368026733
deepseek/deepseek-v3.2,dictator,90,20531,1,I share 2053 dollars.,2053.0,0.09999512931664313,6.32985782623291
deepseek/deepseek-v3.2,dictator,90,20531,2,"I share 3,000 dollars.",3000.0,0.14612050070624907,4.741101980209351
deepseek/deepseek-v3.2,dictator,90,20531,3,I share 2053 dollars.,2053.0,0.09999512931664313,11.263828992843628
deepseek/deepseek-v3.2,dictator,90,31054,1,I share 8000 dollars.,8000.0,0.2576157660848844,5.16759729385376
deepseek/deepseek-v3.2,dictator,90,31054,2,"I share 10,000 dollars.",10000.0,0.3220197076061055,10.958333730697632
deepseek/deepseek-v3.2,dictator,90,31054,3,"I share $15,527 dollars.",15527.0,0.5,10.098214149475098
deepseek/deepseek-v3.2,dictator,90,46962,1,I share 500 dollars,500.0,0.01064690600911375,4.874729156494141
deepseek/deepseek-v3.2,dictator,90,46962,2,"I share 9,392 dollars.",9392.0,0.19999148247519272,11.108703136444092
deepseek/deepseek-v3.2,dictator,90,46962,3,I share 5000 dollars.,5000.0,0.10646906009113752,11.140711784362793
deepseek/deepseek-v3.2,dictator,78,3926,1,I share 981 dollars.,981.0,0.249872643912379,8.869943380355835
deepseek/deepseek-v3.2,dictator,78,3926,2,"I share $1,963 dollars.",1963.0,0.5,12.023201704025269
deepseek/deepseek-v3.2,dictator,78,3926,3,I share 785 dollars.,785.0,0.1999490575649516,9.518462896347046
deepseek/deepseek-v3.2,dictator,90,71000,1,"I share 7,100 dollars.",7100.0,0.1,12.277548551559448
deepseek/deepseek-v3.2,dictator,90,71000,2,"I share 10,000 dollars",10000.0,0.14084507042253522,9.07388424873352
deepseek/deepseek-v3.2,dictator,90,71000,3,I share 0 dollars.,0.0,0.0,11.830111742019653
deepseek/deepseek-v3.2,dictator,90,107392,1,"I share 10,000 dollars.",10000.0,0.09311680572109654,10.312151193618774
deepseek/deepseek-v3.2,dictator,90,107392,2,"I share 40,000 dollars.",40000.0,0.37246722288438616,11.098982334136963
deepseek/deepseek-v3.2,dictator,90,107392,3,"I share 10,000 dollars",10000.0,0.09311680572109654,10.851305723190308
deepseek/deepseek-v3.2,dictator,90,250000,1,"I share 125,000 dollars",125000.0,0.5,10.783337116241455
deepseek/deepseek-v3.2,dictator,90,250000,2,"I share 25,000 dollars.",25000.0,0.1,10.435035943984985
deepseek/deepseek-v3.2,dictator,90,250000,3,I share 50000 dollars.,50000.0,0.2,1.5605130195617676
deepseek/deepseek-v3.2,dictator,92,3,1,I share 1 dollars.,1.0,0.3333333333333333,2.2724497318267822
deepseek/deepseek-v3.2,dictator,92,3,2,I share 1 dollar.,1.0,0.3333333333333333,4.944918632507324
deepseek/deepseek-v3.2,dictator,92,3,3,I share 1 dollar.,1.0,0.3333333333333333,5.680191516876221
deepseek/deepseek-v3.2,dictator,90,162379,1,"I share $8,000 dollars",8000.0,0.04926745453537711,10.960376262664795
deepseek/deepseek-v3.2,dictator,90,162379,2,"I share 32,475 dollars",32475.0,0.19999507325454646,7.023556470870972
deepseek/deepseek-v3.2,dictator,90,162379,3,I share 65000 dollars.,65000.0,0.400298068099939,5.685406923294067
deepseek/deepseek-v3.2,dictator,92,1,1,I share 0 dollars.,0.0,0.0,12.581680059432983
deepseek/deepseek-v3.2,dictator,92,1,2,I share 0.30 dollars.,0.3,0.3,6.2341063022613525
deepseek/deepseek-v3.2,dictator,92,1,3,I share 0 dollars.,0.0,0.0,6.37669038772583
deepseek/deepseek-v3.2,dictator,92,2,1,I share 1 dollar.,1.0,0.5,10.93269419670105
deepseek/deepseek-v3.2,dictator,92,2,2,I share 0.80 dollars.,0.8,0.4,10.129585027694702
deepseek/deepseek-v3.2,dictator,92,2,3,I share $1.00 dollars.,1.0,0.5,3.861842632293701
deepseek/deepseek-v3.2,dictator,92,5,1,I share 2 dollars.,2.0,0.4,8.084038019180298
deepseek/deepseek-v3.2,dictator,92,5,2,I share 0 dollars.,0.0,0.0,3.5905137062072754
deepseek/deepseek-v3.2,dictator,92,5,3,I share $2.50 dollars.,2.5,0.5,11.80013918876648
deepseek/deepseek-v3.2,dictator,92,12,1,I share 2 dollars.,2.0,0.16666666666666666,8.385941505432129
deepseek/deepseek-v3.2,dictator,92,12,2,I share 2 dollars.,2.0,0.16666666666666666,1.6120240688323975
deepseek/deepseek-v3.2,dictator,92,12,3,I share 2 dollars,2.0,0.16666666666666666,5.60359525680542
deepseek/deepseek-v3.2,dictator,92,18,1,I share 6 dollars,6.0,0.3333333333333333,7.932089567184448
deepseek/deepseek-v3.2,dictator,92,18,2,I share 3 dollars.,3.0,0.16666666666666666,2.5936737060546875
deepseek/deepseek-v3.2,dictator,92,18,3,I share 2 dollars.,2.0,0.1111111111111111,5.363848924636841
deepseek/deepseek-v3.2,dictator,92,8,1,I share 1 dollar.,1.0,0.125,13.064648628234863
deepseek/deepseek-v3.2,dictator,92,8,2,I share 0 dollars.,0.0,0.0,3.9201254844665527
deepseek/deepseek-v3.2,dictator,92,8,3,I share 1 dollar.,1.0,0.125,6.435009002685547
deepseek/deepseek-v3.2,dictator,92,10,1,I share 2 dollars.,2.0,0.2,12.061292171478271
deepseek/deepseek-v3.2,dictator,92,10,2,I share 2 dollars,2.0,0.2,6.542954921722412
deepseek/deepseek-v3.2,dictator,92,10,3,I share 4 dollars.,4.0,0.4,5.727924346923828
deepseek/deepseek-v3.2,dictator,92,27,1,I share 5 dollars.,5.0,0.18518518518518517,5.577071666717529
deepseek/deepseek-v3.2,dictator,92,27,2,I share 9 dollars.,9.0,0.3333333333333333,6.145195245742798
deepseek/deepseek-v3.2,dictator,92,27,3,I share 5 dollars.,5.0,0.18518518518518517,5.092844486236572
deepseek/deepseek-v3.2,dictator,92,63,1,I share 10 dollars.,10.0,0.15873015873015872,7.042426109313965
deepseek/deepseek-v3.2,dictator,92,63,2,I share 0 dollars.,0.0,0.0,6.799355506896973
deepseek/deepseek-v3.2,dictator,92,63,3,I share 31 dollars,31.0,0.49206349206349204,5.0687432289123535
deepseek/deepseek-v3.2,dictator,92,41,1,I share $0 dollars.,0.0,0.0,8.70415472984314
deepseek/deepseek-v3.2,dictator,92,41,2,I share 10 dollars.,10.0,0.24390243902439024,3.7164530754089355
deepseek/deepseek-v3.2,dictator,92,41,3,I share 5 dollars.,5.0,0.12195121951219512,7.401782274246216
deepseek/deepseek-v3.2,dictator,92,95,1,I share 5 dollars.,5.0,0.05263157894736842,9.216135740280151
deepseek/deepseek-v3.2,dictator,92,95,2,I share 30 dollars.,30.0,0.3157894736842105,6.495876789093018
deepseek/deepseek-v3.2,dictator,92,95,3,I share 10 dollars.,10.0,0.10526315789473684,13.682790994644165
deepseek/deepseek-v3.2,dictator,92,328,1,I share 16 dollars.,16.0,0.04878048780487805,15.208152532577515
deepseek/deepseek-v3.2,dictator,92,328,2,I share 65 dollars.,65.0,0.19817073170731708,2.7873077392578125
deepseek/deepseek-v3.2,dictator,92,328,3,I share 40 dollars.,40.0,0.12195121951219512,6.03479790687561
deepseek/deepseek-v3.2,dictator,92,217,1,I share 20 dollars.,20.0,0.09216589861751152,9.13209056854248
deepseek/deepseek-v3.2,dictator,92,217,2,I share 20 dollars.,20.0,0.09216589861751152,14.020833492279053
deepseek/deepseek-v3.2,dictator,92,217,3,I share 10 dollars.,10.0,0.04608294930875576,11.99546480178833
deepseek/deepseek-v3.2,dictator,92,496,1,I share 124 dollars.,124.0,0.25,16.12815570831299
deepseek/deepseek-v3.2,dictator,92,496,2,I share 50 dollars.,50.0,0.10080645161290322,8.374241828918457
deepseek/deepseek-v3.2,dictator,92,496,3,I share 100 dollars.,100.0,0.20161290322580644,8.60421085357666
deepseek/deepseek-v3.2,dictator,92,144,1,I share 28 dollars.,28.0,0.19444444444444445,10.60178256034851
deepseek/deepseek-v3.2,dictator,92,144,2,I share 29 dollars.,29.0,0.2013888888888889,2.370187520980835
deepseek/deepseek-v3.2,dictator,92,144,3,I share 72 dollars.,72.0,0.5,5.652358531951904
deepseek/deepseek-v3.2,dictator,92,751,1,I share 150 dollars,150.0,0.19973368841544606,10.61625862121582
deepseek/deepseek-v3.2,dictator,92,751,2,I share 200 dollars.,200.0,0.2663115845539281,10.7487473487854
deepseek/deepseek-v3.2,dictator,92,751,3,I share 150 dollars.,150.0,0.19973368841544606,6.846741437911987
deepseek/deepseek-v3.2,dictator,92,1135,1,I share 45 dollars.,45.0,0.039647577092511016,10.575276136398315
deepseek/deepseek-v3.2,dictator,92,1135,2,I share 50 dollars.,50.0,0.04405286343612335,5.068232297897339
deepseek/deepseek-v3.2,dictator,92,1135,3,I share 200 dollars.,200.0,0.1762114537444934,16.938730478286743
deepseek/deepseek-v3.2,dictator,92,1717,1,I share 250 dollars,250.0,0.145602795573675,7.336370944976807
deepseek/deepseek-v3.2,dictator,92,1717,2,I share 200 dollars.,200.0,0.11648223645894001,4.713441610336304
deepseek/deepseek-v3.2,dictator,92,1717,3,I share 100 dollars.,100.0,0.05824111822947001,17.037550926208496
deepseek/deepseek-v3.2,dictator,92,2596,1,I share 259 dollars.,259.0,0.09976887519260401,6.63334321975708
deepseek/deepseek-v3.2,dictator,92,2596,2,I share 500 dollars.,500.0,0.1926040061633282,16.39974093437195
deepseek/deepseek-v3.2,dictator,92,2596,3,I share 500 dollars.,500.0,0.1926040061633282,5.77810001373291
deepseek/deepseek-v3.2,dictator,92,3926,1,I share $392.60 dollars.,392.6,0.1,15.844107866287231
deepseek/deepseek-v3.2,dictator,92,3926,2,I share 392 dollars.,392.0,0.09984717269485481,7.542800188064575
deepseek/deepseek-v3.2,dictator,92,3926,3,I share $392 dollars.,392.0,0.09984717269485481,4.718897342681885
deepseek/deepseek-v3.2,dictator,92,5938,1,I share 500 dollars.,500.0,0.08420343550016841,12.002031564712524
deepseek/deepseek-v3.2,dictator,92,5938,2,I share 500 dollars.,500.0,0.08420343550016841,6.063782215118408
deepseek/deepseek-v3.2,dictator,92,5938,3,I share $297 dollars.,297.0,0.050016840687100036,5.303898811340332
deepseek/deepseek-v3.2,dictator,92,13578,1,I share 3000 dollars,3000.0,0.2209456473707468,5.345067977905273
deepseek/deepseek-v3.2,dictator,92,13578,2,I share 0 dollars.,0.0,0.0,6.734076738357544
deepseek/deepseek-v3.2,dictator,92,13578,3,I share 0 dollars.,0.0,0.0,4.992185115814209
deepseek/deepseek-v3.2,dictator,92,8979,1,I share 300 dollars,300.0,0.03341129301703976,5.468372821807861
deepseek/deepseek-v3.2,dictator,92,8979,2,I share 300 dollars,300.0,0.03341129301703976,5.8218162059783936
deepseek/deepseek-v3.2,dictator,92,8979,3,I share 4489 dollars.,4489.0,0.4999443145116383,6.164384126663208
deepseek/deepseek-v3.2,dictator,92,20531,1,I share 4106 dollars.,4106.0,0.19999025863328626,6.028253555297852
deepseek/deepseek-v3.2,dictator,92,20531,2,"I share 4,106 dollars.",4106.0,0.19999025863328626,5.802256107330322
deepseek/deepseek-v3.2,dictator,92,20531,3,I share 4106 dollars,4106.0,0.19999025863328626,5.121025085449219
deepseek/deepseek-v3.2,dictator,92,31054,1,I share 500 dollars,500.0,0.016100985380305275,6.567221641540527
deepseek/deepseek-v3.2,dictator,92,31054,2,"I share 3,000 dollars.",3000.0,0.09660591228183164,4.255163908004761
deepseek/deepseek-v3.2,dictator,92,31054,3,I share 3105 dollars.,3105.0,0.09998711921169576,11.61937952041626
deepseek/deepseek-v3.2,dictator,92,46962,1,I share 0 dollars.,0.0,0.0,6.8437559604644775
deepseek/deepseek-v3.2,dictator,92,46962,2,I share 200 dollars,200.0,0.004258762403645501,5.575645208358765
deepseek/deepseek-v3.2,dictator,92,46962,3,I share 5000 dollars.,5000.0,0.10646906009113752,10.199594259262085
deepseek/deepseek-v3.2,dictator,92,107392,1,I share 3000 dollars.,3000.0,0.027935041716328962,6.3526787757873535
deepseek/deepseek-v3.2,dictator,92,107392,2,I share 5000 dollars.,5000.0,0.04655840286054827,9.33356261253357
deepseek/deepseek-v3.2,dictator,92,107392,3,I share 10000 dollars.,10000.0,0.09311680572109654,5.508434057235718
deepseek/deepseek-v3.2,dictator,92,71000,1,"I share 30,000 dollars.",30000.0,0.4225352112676056,6.52873969078064
deepseek/deepseek-v3.2,dictator,92,71000,2,"I share 5,000 dollars",5000.0,0.07042253521126761,9.309974670410156
deepseek/deepseek-v3.2,dictator,92,71000,3,I share 0 dollars.,0.0,0.0,5.692031383514404
deepseek/deepseek-v3.2,dictator,92,162379,1,"I share $81,190 dollars.",81190.0,0.5000030792159085,11.303701162338257
deepseek/deepseek-v3.2,dictator,92,162379,2,"I share 16,238 dollars",16238.0,0.10000061584318169,5.940700054168701
deepseek/deepseek-v3.2,dictator,92,162379,3,"I share $16,237 dollars.",16237.0,0.09999445741136477,5.08760666847229
deepseek/deepseek-v3.2,dictator,94,1,1,I share 0.10 dollars.,0.1,0.1,5.3140709400177
deepseek/deepseek-v3.2,dictator,94,1,2,I share 0.25 dollars.,0.25,0.25,6.117094039916992
deepseek/deepseek-v3.2,dictator,94,1,3,I share 0.10 dollars.,0.1,0.1,12.465213775634766
deepseek/deepseek-v3.2,dictator,92,250000,1,"I share 25,000 dollars.",25000.0,0.1,5.075288772583008
deepseek/deepseek-v3.2,dictator,92,250000,2,"I share 50,000 dollars.",50000.0,0.2,15.06957197189331
deepseek/deepseek-v3.2,dictator,92,250000,3,"I share 50,000 dollars",50000.0,0.2,8.164926290512085
deepseek/deepseek-v3.2,dictator,94,2,1,I share 1 dollar.,1.0,0.5,5.599603652954102
deepseek/deepseek-v3.2,dictator,94,2,2,I share 0 dollars,0.0,0.0,15.07702350616455
deepseek/deepseek-v3.2,dictator,94,2,3,I share 1 dollar.,1.0,0.5,8.60357117652893
deepseek/deepseek-v3.2,dictator,94,3,1,I share 1 dollars,1.0,0.3333333333333333,7.757885217666626
deepseek/deepseek-v3.2,dictator,94,3,2,I share 1 dollar.,1.0,0.3333333333333333,11.138123512268066
deepseek/deepseek-v3.2,dictator,94,3,3,I share 1 dollar.,1.0,0.3333333333333333,10.929819822311401
deepseek/deepseek-v3.2,dictator,94,8,1,I share 2 dollars.,2.0,0.25,10.69627046585083
deepseek/deepseek-v3.2,dictator,94,8,2,I share 0 dollars.,0.0,0.0,12.875378131866455
deepseek/deepseek-v3.2,dictator,94,8,3,I share 1 dollar.,1.0,0.125,7.702666282653809
deepseek/deepseek-v3.2,dictator,94,12,1,I share 3 dollars.,3.0,0.25,11.791156530380249
deepseek/deepseek-v3.2,dictator,94,12,2,I share 4 dollars.,4.0,0.3333333333333333,9.640337944030762
deepseek/deepseek-v3.2,dictator,94,12,3,I share 4 dollars.,4.0,0.3333333333333333,3.321840763092041
deepseek/deepseek-v3.2,dictator,94,18,1,I share 2 dollars.,2.0,0.1111111111111111,11.449214696884155
deepseek/deepseek-v3.2,dictator,94,18,2,I share 2 dollars.,2.0,0.1111111111111111,9.450870037078857
deepseek/deepseek-v3.2,dictator,94,18,3,I share 3 dollars.,3.0,0.16666666666666666,4.4304070472717285
deepseek/deepseek-v3.2,dictator,94,10,1,I share 3 dollars.,3.0,0.3,14.124685525894165
deepseek/deepseek-v3.2,dictator,94,10,2,I share 2 dollars,2.0,0.2,10.606541156768799
deepseek/deepseek-v3.2,dictator,94,10,3,I share 0 dollars,0.0,0.0,9.325122833251953
deepseek/deepseek-v3.2,dictator,94,41,1,I share 4 dollars.,4.0,0.0975609756097561,8.520192623138428
deepseek/deepseek-v3.2,dictator,94,41,2,I share $10 dollars.,10.0,0.24390243902439024,2.0557808876037598
deepseek/deepseek-v3.2,dictator,94,41,3,I share $20 dollars.,20.0,0.4878048780487805,0.6589522361755371
deepseek/deepseek-v3.2,dictator,94,27,1,I share 5 dollars.,5.0,0.18518518518518517,6.851942777633667
deepseek/deepseek-v3.2,dictator,94,27,2,I share 0 dollars,0.0,0.0,6.811221599578857
deepseek/deepseek-v3.2,dictator,94,27,3,I share 10 dollars.,10.0,0.37037037037037035,1.6456444263458252
deepseek/deepseek-v3.2,dictator,94,95,1,I share 40 dollars.,40.0,0.42105263157894735,3.0976476669311523
deepseek/deepseek-v3.2,dictator,94,95,2,I share 47 dollars.,47.0,0.49473684210526314,10.162522077560425
deepseek/deepseek-v3.2,dictator,94,95,3,I share 47 dollars.,47.0,0.49473684210526314,7.847456216812134
deepseek/deepseek-v3.2,dictator,94,63,1,I share 15 dollars,15.0,0.23809523809523808,10.048702001571655
deepseek/deepseek-v3.2,dictator,94,63,2,I share 0 dollars.,0.0,0.0,11.804012537002563
deepseek/deepseek-v3.2,dictator,94,63,3,I share $20 dollars.,20.0,0.31746031746031744,8.394309997558594
deepseek/deepseek-v3.2,dictator,94,217,1,I share 50 dollars.,50.0,0.2304147465437788,14.096349954605103
deepseek/deepseek-v3.2,dictator,94,217,2,I share 100 dollars.,100.0,0.4608294930875576,5.676096200942993
deepseek/deepseek-v3.2,dictator,94,217,3,I share 54 dollars,54.0,0.2488479262672811,4.9606688022613525
deepseek/deepseek-v3.2,dictator,94,144,1,I share 72 dollars.,72.0,0.5,13.953157663345337
deepseek/deepseek-v3.2,dictator,94,144,2,I share 36 dollars.,36.0,0.25,5.24150276184082
deepseek/deepseek-v3.2,dictator,94,144,3,I share 48 dollars.,48.0,0.3333333333333333,6.664240121841431
deepseek/deepseek-v3.2,dictator,94,328,1,I share 80 dollars.,80.0,0.24390243902439024,7.671484470367432
deepseek/deepseek-v3.2,dictator,94,328,2,I share 50 dollars,50.0,0.1524390243902439,6.43102765083313
deepseek/deepseek-v3.2,dictator,94,328,3,I share 50 dollars.,50.0,0.1524390243902439,3.7028732299804688
deepseek/deepseek-v3.2,dictator,94,496,1,I share 50 dollars.,50.0,0.10080645161290322,5.203838109970093
deepseek/deepseek-v3.2,dictator,94,496,2,I share 50 dollars.,50.0,0.10080645161290322,8.034868240356445
deepseek/deepseek-v3.2,dictator,94,496,3,I share 50 dollars.,50.0,0.10080645161290322,3.387129783630371
deepseek/deepseek-v3.2,dictator,94,751,1,I share 150 dollars,150.0,0.19973368841544606,4.826652526855469
deepseek/deepseek-v3.2,dictator,94,751,2,I share 200 dollars.,200.0,0.2663115845539281,8.387413263320923
deepseek/deepseek-v3.2,dictator,94,751,3,I share 188 dollars.,188.0,0.25033288948069243,3.828629493713379
deepseek/deepseek-v3.2,dictator,94,1135,1,I share 50 dollars.,50.0,0.04405286343612335,4.968486070632935
deepseek/deepseek-v3.2,dictator,94,1135,2,I share 100 dollars.,100.0,0.0881057268722467,6.132494926452637
deepseek/deepseek-v3.2,dictator,94,1135,3,I share 100 dollars.,100.0,0.0881057268722467,5.926372051239014
deepseek/deepseek-v3.2,dictator,94,1717,1,I share 200 dollars.,200.0,0.11648223645894001,6.4759743213653564
deepseek/deepseek-v3.2,dictator,94,1717,2,I share 500 dollars.,500.0,0.29120559114735,5.022308588027954
deepseek/deepseek-v3.2,dictator,94,1717,3,I share 200 dollars.,200.0,0.11648223645894001,3.613422393798828
deepseek/deepseek-v3.2,dictator,94,2596,1,I share 500 dollars.,500.0,0.1926040061633282,5.60955810546875
deepseek/deepseek-v3.2,dictator,94,2596,2,I share 259 dollars.,259.0,0.09976887519260401,4.288069009780884
deepseek/deepseek-v3.2,dictator,94,2596,3,I share $259.60 dollars.,259.6,0.1,5.349852800369263
deepseek/deepseek-v3.2,dictator,94,5938,1,I share 500 dollars,500.0,0.08420343550016841,3.8130393028259277
deepseek/deepseek-v3.2,dictator,94,5938,2,I share $500 dollars.,500.0,0.08420343550016841,5.216050148010254
deepseek/deepseek-v3.2,dictator,94,5938,3,I share 593 dollars.,593.0,0.09986527450319974,6.430070161819458
deepseek/deepseek-v3.2,dictator,94,3926,1,I share 392 dollars.,392.0,0.09984717269485481,8.435948848724365
deepseek/deepseek-v3.2,dictator,94,3926,2,I share $392 dollars.,392.0,0.09984717269485481,7.631624221801758
deepseek/deepseek-v3.2,dictator,94,3926,3,I share $392 dollars.,392.0,0.09984717269485481,6.218902587890625
deepseek/deepseek-v3.2,dictator,94,13578,1,I share 4000 dollars.,4000.0,0.29459419649432905,5.937014102935791
deepseek/deepseek-v3.2,dictator,94,13578,2,I share 3000 dollars.,3000.0,0.2209456473707468,6.118140697479248
deepseek/deepseek-v3.2,dictator,94,13578,3,"I share 3,000 dollars.",3000.0,0.2209456473707468,6.5562145709991455
deepseek/deepseek-v3.2,dictator,94,8979,1,I share 898 dollars.,898.0,0.10001113709767234,6.1639533042907715
deepseek/deepseek-v3.2,dictator,94,8979,2,I share 300 dollars.,300.0,0.03341129301703976,6.330148696899414
deepseek/deepseek-v3.2,dictator,94,8979,3,I share 1000 dollars.,1000.0,0.11137097672346587,6.3060996532440186
deepseek/deepseek-v3.2,dictator,94,31054,1,"I share 15,527 dollars.",15527.0,0.5,6.6869285106658936
deepseek/deepseek-v3.2,dictator,94,31054,2,"I share 10,000 dollars.",10000.0,0.3220197076061055,2.0023272037506104
deepseek/deepseek-v3.2,dictator,94,31054,3,I share 0 dollars.,0.0,0.0,5.3695056438446045
deepseek/deepseek-v3.2,dictator,94,20531,1,I share 100 dollars.,100.0,0.0048706833568749695,10.94321060180664
deepseek/deepseek-v3.2,dictator,94,20531,2,I share 10265 dollars.,10265.0,0.49997564658321564,2.5705296993255615
deepseek/deepseek-v3.2,dictator,94,20531,3,I share 10265 dollars,10265.0,0.49997564658321564,7.0908143520355225
deepseek/deepseek-v3.2,dictator,94,46962,1,I share 0 dollars.,0.0,0.0,1.985539197921753
deepseek/deepseek-v3.2,dictator,94,46962,2,I share 0 dollars.,0.0,0.0,6.318089723587036
deepseek/deepseek-v3.2,dictator,94,46962,3,I share 500 dollars.,500.0,0.01064690600911375,10.690582275390625
deepseek/deepseek-v3.2,dictator,94,71000,1,I share 0 dollars.,0.0,0.0,1.4708542823791504
deepseek/deepseek-v3.2,dictator,94,71000,2,I share 0 dollars,0.0,0.0,5.796486139297485
deepseek/deepseek-v3.2,dictator,94,71000,3,I share 10000 dollars.,10000.0,0.14084507042253522,12.260316133499146
deepseek/deepseek-v3.2,dictator,94,107392,1,I share 1073 dollars.,1073.0,0.00999143325387366,11.675477504730225
deepseek/deepseek-v3.2,dictator,94,107392,2,"I share 40,000 dollars",40000.0,0.37246722288438616,25.211477756500244
deepseek/deepseek-v3.2,dictator,94,107392,3,"I share 50,000 dollars.",50000.0,0.4655840286054827,3.4553844928741455
deepseek/deepseek-v3.2,dictator,94,162379,1,"I share 32,476 dollars.",32476.0,0.20000123168636338,11.39933729171753
deepseek/deepseek-v3.2,dictator,94,162379,2,"I share $81,190 dollars",81190.0,0.5000030792159085,21.75339102745056
deepseek/deepseek-v3.2,dictator,94,162379,3,"I share 40,000 dollars.",40000.0,0.24633727267688557,7.143134117126465
deepseek/deepseek-v3.2,dictator,94,250000,1,"I share $50,000 dollars.",50000.0,0.2,22.357269525527954
deepseek/deepseek-v3.2,dictator,94,250000,2,I share 50000 dollars.,50000.0,0.2,6.809297323226929
deepseek/deepseek-v3.2,dictator,94,250000,3,"I share 25,000 dollars",25000.0,0.1,6.374971389770508
deepseek/deepseek-v3.2,dictator,96,1,1,I share 0.25 dollars.,0.25,0.25,22.380418300628662
deepseek/deepseek-v3.2,dictator,96,1,2,I share 0 dollars.,0.0,0.0,6.873867034912109
deepseek/deepseek-v3.2,dictator,96,1,3,I share 0 dollars,0.0,0.0,7.067723751068115
deepseek/deepseek-v3.2,dictator,96,2,1,I share 0.50 dollars.,0.5,0.25,7.332409143447876
deepseek/deepseek-v3.2,dictator,96,2,2,I share 0 dollars.,0.0,0.0,6.185860872268677
deepseek/deepseek-v3.2,dictator,96,2,3,I share 0 dollars.,0.0,0.0,5.760283946990967
deepseek/deepseek-v3.2,dictator,96,3,1,I share 1 dollar.,1.0,0.3333333333333333,7.281170129776001
deepseek/deepseek-v3.2,dictator,96,3,2,I share 1 dollar.,1.0,0.3333333333333333,5.03435754776001
deepseek/deepseek-v3.2,dictator,96,3,3,I share 1 dollar.,1.0,0.3333333333333333,8.39052963256836
deepseek/deepseek-v3.2,dictator,96,5,1,I share 1 dollar.,1.0,0.2,6.029613256454468
deepseek/deepseek-v3.2,dictator,96,5,2,I share 0 dollars.,0.0,0.0,5.997704744338989
deepseek/deepseek-v3.2,dictator,96,5,3,I share 1 dollar.,1.0,0.2,4.999424695968628
deepseek/deepseek-v3.2,dictator,96,8,1,I share 1 dollar.,1.0,0.125,5.846101760864258
deepseek/deepseek-v3.2,dictator,96,8,2,I share 2 dollars.,2.0,0.25,5.632241249084473
deepseek/deepseek-v3.2,dictator,96,8,3,I share 0 dollars.,0.0,0.0,4.300652265548706
deepseek/deepseek-v3.2,dictator,96,10,1,I share 2 dollars.,2.0,0.2,4.386383771896362
deepseek/deepseek-v3.2,dictator,96,10,2,I share 0 dollars.,0.0,0.0,6.397558927536011
deepseek/deepseek-v3.2,dictator,96,10,3,I share 2 dollars.,2.0,0.2,4.2417261600494385
deepseek/deepseek-v3.2,dictator,96,12,1,I share 4 dollars.,4.0,0.3333333333333333,3.025110960006714
deepseek/deepseek-v3.2,dictator,96,12,2,I share 3 dollars.,3.0,0.25,5.213377475738525
deepseek/deepseek-v3.2,dictator,96,12,3,I share 4 dollars.,4.0,0.3333333333333333,5.797620534896851
deepseek/deepseek-v3.2,dictator,96,18,1,I share 3 dollars.,3.0,0.16666666666666666,9.144643545150757
deepseek/deepseek-v3.2,dictator,96,18,2,I share 0 dollars.,0.0,0.0,3.289269208908081
deepseek/deepseek-v3.2,dictator,96,18,3,I share 3 dollars.,3.0,0.16666666666666666,4.606586694717407
deepseek/deepseek-v3.2,dictator,96,27,1,I share 6 dollars.,6.0,0.2222222222222222,7.208488702774048
deepseek/deepseek-v3.2,dictator,96,27,2,I share 5 dollars.,5.0,0.18518518518518517,3.746201515197754
deepseek/deepseek-v3.2,dictator,96,27,3,I share 13 dollars.,13.0,0.48148148148148145,6.07196569442749
deepseek/deepseek-v3.2,dictator,96,63,1,I share 0 dollars.,0.0,0.0,6.8021368980407715
deepseek/deepseek-v3.2,dictator,96,63,2,I share 16 dollars.,16.0,0.25396825396825395,4.035805940628052
deepseek/deepseek-v3.2,dictator,96,63,3,I share 10 dollars.,10.0,0.15873015873015872,6.56660532951355
deepseek/deepseek-v3.2,dictator,96,41,1,I share $10 dollars.,10.0,0.24390243902439024,6.367053985595703
deepseek/deepseek-v3.2,dictator,96,41,2,I share $20 dollars.,20.0,0.4878048780487805,5.956866264343262
deepseek/deepseek-v3.2,dictator,96,41,3,I share 5 dollars.,5.0,0.12195121951219512,7.374737739562988
deepseek/deepseek-v3.2,dictator,96,144,1,I share 20 dollars.,20.0,0.1388888888888889,6.217467308044434
deepseek/deepseek-v3.2,dictator,96,144,2,I share 36 dollars,36.0,0.25,6.344375848770142
deepseek/deepseek-v3.2,dictator,96,144,3,I share 10 dollars.,10.0,0.06944444444444445,6.0191895961761475
deepseek/deepseek-v3.2,dictator,96,95,1,I share 47 dollars.,47.0,0.49473684210526314,4.880663633346558
deepseek/deepseek-v3.2,dictator,96,95,2,I share 0 dollars.,0.0,0.0,7.7805256843566895
deepseek/deepseek-v3.2,dictator,96,95,3,I share 38 dollars.,38.0,0.4,7.113612174987793
deepseek/deepseek-v3.2,dictator,96,328,1,I share 30 dollars.,30.0,0.09146341463414634,4.2788965702056885
deepseek/deepseek-v3.2,dictator,96,328,2,I share 0 dollars.,0.0,0.0,0.9139106273651123
deepseek/deepseek-v3.2,dictator,96,328,3,I share 40 dollars.,40.0,0.12195121951219512,5.830685138702393
deepseek/deepseek-v3.2,dictator,96,217,1,I share 50 dollars,50.0,0.2304147465437788,7.570135831832886
deepseek/deepseek-v3.2,dictator,96,217,2,I share 5 dollars.,5.0,0.02304147465437788,5.982696771621704
deepseek/deepseek-v3.2,dictator,96,217,3,I share 43 dollars.,43.0,0.19815668202764977,22.905730962753296
deepseek/deepseek-v3.2,dictator,96,751,1,I share 75 dollars.,75.0,0.09986684420772303,6.3040430545806885
deepseek/deepseek-v3.2,dictator,96,751,2,I share 150 dollars.,150.0,0.19973368841544606,21.254781007766724
deepseek/deepseek-v3.2,dictator,96,751,3,I share 0 dollars.,0.0,0.0,10.519435405731201
deepseek/deepseek-v3.2,dictator,96,496,1,I share 248 dollars.,248.0,0.5,7.512504816055298
deepseek/deepseek-v3.2,dictator,96,496,2,I share 50 dollars,50.0,0.10080645161290322,20.963348388671875
deepseek/deepseek-v3.2,dictator,96,496,3,I share 0 dollars.,0.0,0.0,10.824230432510376
deepseek/deepseek-v3.2,dictator,96,1135,1,I share 50 dollars.,50.0,0.04405286343612335,22.506871938705444
deepseek/deepseek-v3.2,dictator,96,1135,2,I share 50 dollars.,50.0,0.04405286343612335,11.134801149368286
deepseek/deepseek-v3.2,dictator,96,1135,3,I share 30 dollars,30.0,0.02643171806167401,9.46108865737915
deepseek/deepseek-v3.2,dictator,96,1717,1,I share 50 dollars.,50.0,0.029120559114735003,9.615378856658936
deepseek/deepseek-v3.2,dictator,96,1717,2,I share 86 dollars.,86.0,0.050087361677344205,9.670705080032349
deepseek/deepseek-v3.2,dictator,96,1717,3,I share 200 dollars,200.0,0.11648223645894001,11.312345027923584
deepseek/deepseek-v3.2,dictator,96,5938,1,I share 200 dollars.,200.0,0.033681374200067365,10.069714069366455
deepseek/deepseek-v3.2,dictator,96,5938,2,I share 500 dollars.,500.0,0.08420343550016841,1.3479528427124023
deepseek/deepseek-v3.2,dictator,96,5938,3,I share 500 dollars,500.0,0.08420343550016841,10.753559350967407
deepseek/deepseek-v3.2,dictator,96,2596,1,I share 260 dollars.,260.0,0.10015408320493066,11.193207025527954
deepseek/deepseek-v3.2,dictator,96,2596,2,I share 259 dollars.,259.0,0.09976887519260401,8.968984842300415
deepseek/deepseek-v3.2,dictator,96,2596,3,I share 1298 dollars.,1298.0,0.5,12.466762065887451
deepseek/deepseek-v3.2,dictator,96,3926,1,I share $392 dollars.,392.0,0.09984717269485481,9.719905853271484
deepseek/deepseek-v3.2,dictator,96,3926,2,I share 1963 dollars.,1963.0,0.5,10.350701570510864
deepseek/deepseek-v3.2,dictator,96,3926,3,I share 500 dollars.,500.0,0.1273560876209883,12.494105100631714
deepseek/deepseek-v3.2,dictator,96,31054,1,I share 5000 dollars.,5000.0,0.16100985380305274,6.680004835128784
deepseek/deepseek-v3.2,dictator,96,31054,2,"I share 9,316 dollars.",9316.0,0.2999935596058479,4.746915817260742
deepseek/deepseek-v3.2,dictator,96,31054,3,I share 10000 dollars.,10000.0,0.3220197076061055,5.065555810928345
deepseek/deepseek-v3.2,dictator,96,8979,1,I share 448 dollars.,448.0,0.049894197572112706,11.183250904083252
deepseek/deepseek-v3.2,dictator,96,8979,2,I share 200 dollars,200.0,0.022274195344693173,5.784533500671387
deepseek/deepseek-v3.2,dictator,96,8979,3,I share 500 dollars.,500.0,0.055685488361732934,12.958656787872314
deepseek/deepseek-v3.2,dictator,96,20531,1,"I share 2,000 dollars.",2000.0,0.0974136671374994,5.655491352081299
deepseek/deepseek-v3.2,dictator,96,20531,2,"I share $2,053 dollars",2053.0,0.09999512931664313,12.75292706489563
deepseek/deepseek-v3.2,dictator,96,20531,3,I share 2053 dollars,2053.0,0.09999512931664313,4.722888469696045
deepseek/deepseek-v3.2,dictator,96,13578,1,I share 0 dollars.,0.0,0.0,6.154177188873291
deepseek/deepseek-v3.2,dictator,96,13578,2,I share 3000 dollars.,3000.0,0.2209456473707468,12.777634143829346
deepseek/deepseek-v3.2,dictator,96,13578,3,I share 3000 dollars,3000.0,0.2209456473707468,4.803616046905518
deepseek/deepseek-v3.2,dictator,96,46962,1,I share 100 dollars.,100.0,0.0021293812018227504,8.68658185005188
deepseek/deepseek-v3.2,dictator,96,46962,2,I share 0 dollars.,0.0,0.0,3.62738037109375
deepseek/deepseek-v3.2,dictator,96,46962,3,I share 500 dollars,500.0,0.01064690600911375,5.350208044052124
deepseek/deepseek-v3.2,dictator,96,71000,1,I share 500 dollars.,500.0,0.007042253521126761,4.479807615280151
deepseek/deepseek-v3.2,dictator,96,71000,2,"I share 10,000 dollars.",10000.0,0.14084507042253522,5.851618528366089
deepseek/deepseek-v3.2,dictator,96,71000,3,I share 0 dollars.,0.0,0.0,6.244964122772217
deepseek/deepseek-v3.2,dictator,96,107392,1,"I share 10,739 dollars.",10739.0,0.09999813766388557,5.881378412246704
deepseek/deepseek-v3.2,dictator,96,107392,2,I share 3000 dollars.,3000.0,0.027935041716328962,7.036402940750122
deepseek/deepseek-v3.2,dictator,96,107392,3,I share 5000 dollars,5000.0,0.04655840286054827,5.357720136642456
deepseek/deepseek-v3.2,dictator,96,162379,1,I share $0 dollars,0.0,0.0,5.475099086761475
deepseek/deepseek-v3.2,dictator,96,162379,2,"I share 65,000 dollars",65000.0,0.400298068099939,6.173148155212402
deepseek/deepseek-v3.2,dictator,96,162379,3,"I share 16,237 dollars.",16237.0,0.09999445741136477,7.008301734924316
deepseek/deepseek-v3.2,dictator,96,250000,1,"I share 50,000 dollars.",50000.0,0.2,7.354912519454956
deepseek/deepseek-v3.2,dictator,96,250000,2,"I share $50,000 dollars.",50000.0,0.2,4.978261470794678
deepseek/deepseek-v3.2,dictator,96,250000,3,I share 50000 dollars.,50000.0,0.2,11.427449941635132
deepseek/deepseek-v3.2,dictator,98,2,1,I share 1 dollar.,1.0,0.5,6.459919691085815
deepseek/deepseek-v3.2,dictator,98,2,2,I share 0 dollars,0.0,0.0,10.513391017913818
deepseek/deepseek-v3.2,dictator,98,2,3,I share 0 dollars.,0.0,0.0,5.784050226211548
deepseek/deepseek-v3.2,dictator,98,3,1,I share 1 dollar.,1.0,0.3333333333333333,4.698605537414551
deepseek/deepseek-v3.2,dictator,98,3,2,I share 1.5 dollars.,1.5,0.5,13.519059896469116
deepseek/deepseek-v3.2,dictator,98,3,3,I share 1 dollar.,1.0,0.3333333333333333,4.143662452697754
deepseek/deepseek-v3.2,dictator,98,1,1,I share 0 dollars.,0.0,0.0,7.792033910751343
deepseek/deepseek-v3.2,dictator,98,1,2,I share 0.20 dollars.,0.2,0.2,9.7843759059906
deepseek/deepseek-v3.2,dictator,98,1,3,I share 0.50 dollars.,0.5,0.5,5.428645610809326
deepseek/deepseek-v3.2,dictator,98,5,1,I share 1 dollar.,1.0,0.2,6.6110241413116455
deepseek/deepseek-v3.2,dictator,98,5,2,I share 1 dollar.,1.0,0.2,6.665711402893066
deepseek/deepseek-v3.2,dictator,98,5,3,I share 1 dollar.,1.0,0.2,4.504381418228149
deepseek/deepseek-v3.2,dictator,98,12,1,I share 3 dollars.,3.0,0.25,5.661623001098633
deepseek/deepseek-v3.2,dictator,98,12,2,I share 3 dollars.,3.0,0.25,5.653981447219849
deepseek/deepseek-v3.2,dictator,98,12,3,I share 2 dollars.,2.0,0.16666666666666666,5.857187509536743
deepseek/deepseek-v3.2,dictator,98,10,1,I share 2 dollars.,2.0,0.2,6.988343000411987
deepseek/deepseek-v3.2,dictator,98,10,2,I share 0 dollars,0.0,0.0,4.911509275436401
deepseek/deepseek-v3.2,dictator,98,10,3,I share 2 dollars.,2.0,0.2,6.336039781570435
deepseek/deepseek-v3.2,dictator,98,8,1,I share 0 dollars.,0.0,0.0,6.364208459854126
deepseek/deepseek-v3.2,dictator,98,8,2,I share 2 dollars.,2.0,0.25,6.693759918212891
deepseek/deepseek-v3.2,dictator,98,8,3,I share 4 dollars.,4.0,0.5,5.256197452545166
deepseek/deepseek-v3.2,dictator,98,63,1,I share 15 dollars.,15.0,0.23809523809523808,6.690581798553467
deepseek/deepseek-v3.2,dictator,98,63,2,I share 21 dollars.,21.0,0.3333333333333333,3.766529083251953
deepseek/deepseek-v3.2,dictator,98,63,3,I share 0 dollars.,0.0,0.0,6.429512977600098
deepseek/deepseek-v3.2,dictator,98,41,1,I share $15 dollars.,15.0,0.36585365853658536,6.685885667800903
deepseek/deepseek-v3.2,dictator,98,41,2,I share 20 dollars.,20.0,0.4878048780487805,4.768050193786621
deepseek/deepseek-v3.2,dictator,98,41,3,I share 20 dollars.,20.0,0.4878048780487805,5.770363092422485
deepseek/deepseek-v3.2,dictator,98,18,1,I share 0 dollars.,0.0,0.0,7.636250972747803
deepseek/deepseek-v3.2,dictator,98,18,2,I share 9 dollars,9.0,0.5,8.947347164154053
deepseek/deepseek-v3.2,dictator,98,18,3,I share 2 dollars.,2.0,0.1111111111111111,7.4149205684661865
deepseek/deepseek-v3.2,dictator,98,27,1,I share $13 dollars.,13.0,0.48148148148148145,8.665871143341064
deepseek/deepseek-v3.2,dictator,98,27,2,I share 5 dollars.,5.0,0.18518518518518517,21.630961656570435
deepseek/deepseek-v3.2,dictator,98,27,3,I share 4 dollars.,4.0,0.14814814814814814,6.526604890823364
deepseek/deepseek-v3.2,dictator,98,95,1,I share 5 dollars.,5.0,0.05263157894736842,6.366597890853882
deepseek/deepseek-v3.2,dictator,98,95,2,I share 30 dollars,30.0,0.3157894736842105,6.4313483238220215
deepseek/deepseek-v3.2,dictator,98,95,3,I share 5 dollars.,5.0,0.05263157894736842,6.368622541427612
deepseek/deepseek-v3.2,dictator,98,217,1,I share 43 dollars.,43.0,0.19815668202764977,5.767892122268677
deepseek/deepseek-v3.2,dictator,98,217,2,I share 108 dollars.,108.0,0.4976958525345622,6.942959785461426
deepseek/deepseek-v3.2,dictator,98,217,3,I share 50 dollars,50.0,0.2304147465437788,6.12346887588501
deepseek/deepseek-v3.2,dictator,98,144,1,I share 0 dollars,0.0,0.0,5.899615287780762
deepseek/deepseek-v3.2,dictator,98,144,2,I share 48 dollars.,48.0,0.3333333333333333,8.222206354141235
deepseek/deepseek-v3.2,dictator,98,144,3,I share 36 dollars.,36.0,0.25,5.558335065841675
deepseek/deepseek-v3.2,dictator,98,496,1,I share 62 dollars.,62.0,0.125,11.591264486312866
deepseek/deepseek-v3.2,dictator,98,496,2,I share 124 dollars.,124.0,0.25,5.358028411865234
deepseek/deepseek-v3.2,dictator,98,496,3,I share 50 dollars,50.0,0.10080645161290322,6.665241003036499
deepseek/deepseek-v3.2,dictator,98,751,1,I share 150 dollars.,150.0,0.19973368841544606,11.021767854690552
deepseek/deepseek-v3.2,dictator,98,751,2,I share 150 dollars.,150.0,0.19973368841544606,6.52699875831604
deepseek/deepseek-v3.2,dictator,98,751,3,I share 100 dollars.,100.0,0.13315579227696406,7.04616641998291
deepseek/deepseek-v3.2,dictator,98,1135,1,I share 50 dollars.,50.0,0.04405286343612335,11.029408693313599
deepseek/deepseek-v3.2,dictator,98,1135,2,I share 100 dollars.,100.0,0.0881057268722467,7.122852325439453
deepseek/deepseek-v3.2,dictator,98,1135,3,I share 100 dollars,100.0,0.0881057268722467,5.882526159286499
deepseek/deepseek-v3.2,dictator,98,328,1,I share 65 dollars.,65.0,0.19817073170731708,16.80621099472046
deepseek/deepseek-v3.2,dictator,98,328,2,I share 65 dollars.,65.0,0.19817073170731708,7.742960453033447
deepseek/deepseek-v3.2,dictator,98,328,3,I share 65 dollars.,65.0,0.19817073170731708,11.919431447982788
deepseek/deepseek-v3.2,dictator,98,3926,1,I share $392 dollars.,392.0,0.09984717269485481,10.516491889953613
deepseek/deepseek-v3.2,dictator,98,3926,2,I share 392 dollars.,392.0,0.09984717269485481,5.787263870239258
deepseek/deepseek-v3.2,dictator,98,3926,3,I share 1000 dollars.,1000.0,0.2547121752419766,6.086893796920776
deepseek/deepseek-v3.2,dictator,98,2596,1,I share 259 dollars.,259.0,0.09976887519260401,11.679280281066895
deepseek/deepseek-v3.2,dictator,98,2596,2,I share 1298 dollars,1298.0,0.5,4.818765640258789
deepseek/deepseek-v3.2,dictator,98,2596,3,I share 100 dollars.,100.0,0.03852080123266564,7.246074199676514
deepseek/deepseek-v3.2,dictator,98,1717,1,I share 0 dollars.,0.0,0.0,12.012893438339233
deepseek/deepseek-v3.2,dictator,98,1717,2,I share 200 dollars.,200.0,0.11648223645894001,6.730634689331055
deepseek/deepseek-v3.2,dictator,98,1717,3,I share 300 dollars.,300.0,0.17472335468841002,6.252698183059692
deepseek/deepseek-v3.2,dictator,98,5938,1,"I share 1,000 dollars.",1000.0,0.16840687100033683,5.136983394622803
deepseek/deepseek-v3.2,dictator,98,5938,2,I share 500 dollars.,500.0,0.08420343550016841,5.558212757110596
deepseek/deepseek-v3.2,dictator,98,5938,3,I share 0 dollars.,0.0,0.0,4.876257658004761
deepseek/deepseek-v3.2,dictator,98,8979,1,I share 1500 dollars.,1500.0,0.1670564650851988,4.56023645401001
deepseek/deepseek-v3.2,dictator,98,8979,2,I share 4489 dollars,4489.0,0.4999443145116383,5.658207416534424
deepseek/deepseek-v3.2,dictator,98,8979,3,I share 4490 dollars.,4490.0,0.5000556854883618,5.883918046951294
deepseek/deepseek-v3.2,dictator,98,20531,1,"I share 5,000 dollars.",5000.0,0.24353416784374848,3.309053897857666
deepseek/deepseek-v3.2,dictator,98,20531,2,"I share 2,053 dollars.",2053.0,0.09999512931664313,6.614629030227661
deepseek/deepseek-v3.2,dictator,98,20531,3,I share 300 dollars.,300.0,0.014612050070624908,6.19507622718811
deepseek/deepseek-v3.2,dictator,98,31054,1,"I share 10,000 dollars.",10000.0,0.3220197076061055,6.3076536655426025
deepseek/deepseek-v3.2,dictator,98,31054,2,"I share 7,763 dollars.",7763.0,0.2499838990146197,5.173392057418823
deepseek/deepseek-v3.2,dictator,98,31054,3,I share 4000 dollars,4000.0,0.1288078830424422,1.5360548496246338
deepseek/deepseek-v3.2,dictator,98,13578,1,"I share 3,394 dollars.",3394.0,0.24996317572543822,4.687773942947388
deepseek/deepseek-v3.2,dictator,98,13578,2,I share 4000 dollars.,4000.0,0.29459419649432905,5.943854331970215
deepseek/deepseek-v3.2,dictator,98,13578,3,"I share 1,357 dollars.",1357.0,0.09994108116070113,6.749457836151123
deepseek/deepseek-v3.2,dictator,98,46962,1,I share 500 dollars,500.0,0.01064690600911375,2.9007017612457275
deepseek/deepseek-v3.2,dictator,98,46962,2,I share 500 dollars.,500.0,0.01064690600911375,3.773472785949707
deepseek/deepseek-v3.2,dictator,98,46962,3,I share 500 dollars.,500.0,0.01064690600911375,6.878230094909668
deepseek/deepseek-v3.2,dictator,98,71000,1,I share 0 dollars.,0.0,0.0,5.804808616638184
deepseek/deepseek-v3.2,dictator,98,71000,2,I share 0 dollars.,0.0,0.0,8.350554943084717
deepseek/deepseek-v3.2,dictator,98,71000,3,I share 500 dollars.,500.0,0.007042253521126761,1.9528353214263916
deepseek/deepseek-v3.2,dictator,98,107392,1,"I share $10,000 dollars.",10000.0,0.09311680572109654,5.293197393417358
deepseek/deepseek-v3.2,dictator,98,107392,2,I share 53696 dollars.,53696.0,0.5,5.730413198471069
deepseek/deepseek-v3.2,dictator,98,107392,3,"I share 20,000 dollars.",20000.0,0.18623361144219308,5.217844724655151
deepseek/deepseek-v3.2,dictator,98,162379,1,I share 10000 dollars,10000.0,0.06158431816922139,5.681797027587891
deepseek/deepseek-v3.2,dictator,98,162379,2,"I share 48,000 dollars",48000.0,0.29560472721226266,5.117971181869507
deepseek/deepseek-v3.2,dictator,98,162379,3,"I share 54,126 dollars",54126.0,0.3333312805227277,5.3239216804504395
deepseek/deepseek-v3.2,dictator,100,1,1,I share 0.30 dollars.,0.3,0.3,5.282337188720703
deepseek/deepseek-v3.2,dictator,100,1,2,I share 0 dollars.,0.0,0.0,4.889937877655029
deepseek/deepseek-v3.2,dictator,100,1,3,I share 0 dollars.,0.0,0.0,5.6574578285217285
deepseek/deepseek-v3.2,dictator,100,2,1,I share 0 dollars.,0.0,0.0,7.330343723297119
deepseek/deepseek-v3.2,dictator,100,2,2,I share $1 dollars.,1.0,0.5,3.3099863529205322
deepseek/deepseek-v3.2,dictator,100,2,3,I share 0 dollars.,0.0,0.0,5.061597585678101
deepseek/deepseek-v3.2,dictator,98,250000,1,I share 125000 dollars.,125000.0,0.5,8.600351333618164
deepseek/deepseek-v3.2,dictator,98,250000,2,"I share 30,000 dollars",30000.0,0.12,5.989080429077148
deepseek/deepseek-v3.2,dictator,98,250000,3,I share 50000 dollars.,50000.0,0.2,6.4421069622039795
deepseek/deepseek-v3.2,dictator,100,3,1,I share 1 dollars.,1.0,0.3333333333333333,5.055582046508789
deepseek/deepseek-v3.2,dictator,100,3,2,I share 1 dollar.,1.0,0.3333333333333333,5.665531873703003
deepseek/deepseek-v3.2,dictator,100,3,3,I share 1 dollar.,1.0,0.3333333333333333,1.7729408740997314
deepseek/deepseek-v3.2,dictator,100,5,1,I share 0 dollars.,0.0,0.0,3.054208517074585
deepseek/deepseek-v3.2,dictator,100,5,2,I share 0 dollars,0.0,0.0,3.1695151329040527
deepseek/deepseek-v3.2,dictator,100,5,3,I share 0 dollars,0.0,0.0,0.8003430366516113
deepseek/deepseek-v3.2,dictator,100,18,1,I share 0 dollars.,0.0,0.0,0.7203640937805176
deepseek/deepseek-v3.2,dictator,100,18,2,I share 2 dollars.,2.0,0.1111111111111111,5.6632466316223145
deepseek/deepseek-v3.2,dictator,100,18,3,I share 0 dollars,0.0,0.0,0.754328727722168
deepseek/deepseek-v3.2,dictator,100,8,1,I share 4 dollars.,4.0,0.5,1.5068843364715576
deepseek/deepseek-v3.2,dictator,100,8,2,I share 2 dollars.,2.0,0.25,7.09809947013855
deepseek/deepseek-v3.2,dictator,100,8,3,I share 4 dollars.,4.0,0.5,5.9679272174835205
deepseek/deepseek-v3.2,dictator,94,5,1,I share $2.50 dollars.,2.5,0.5,11.921366214752197
deepseek/deepseek-v3.2,dictator,94,5,2,I share 1 dollar.,1.0,0.2,10.507201194763184
deepseek/deepseek-v3.2,dictator,94,5,3,I share 1 dollar.,1.0,0.2,8.100313901901245
deepseek/deepseek-v3.2,dictator,100,10,1,I share 2 dollars.,2.0,0.2,6.733988046646118
deepseek/deepseek-v3.2,dictator,100,10,2,I share 2 dollars.,2.0,0.2,5.841195106506348
deepseek/deepseek-v3.2,dictator,100,10,3,I share 0 dollars.,0.0,0.0,1.4510061740875244
deepseek/deepseek-v3.2,dictator,100,12,1,I share 2 dollars.,2.0,0.16666666666666666,5.790807247161865
deepseek/deepseek-v3.2,dictator,100,12,2,I share 2 dollars.,2.0,0.16666666666666666,6.6374804973602295
deepseek/deepseek-v3.2,dictator,100,12,3,I share 3 dollars.,3.0,0.25,7.248016357421875
deepseek/deepseek-v3.2,dictator,100,41,1,I share 5 dollars.,5.0,0.12195121951219512,6.674644947052002
deepseek/deepseek-v3.2,dictator,100,41,2,I share 10 dollars.,10.0,0.24390243902439024,2.1519546508789062
deepseek/deepseek-v3.2,dictator,100,41,3,I share 10 dollars.,10.0,0.24390243902439024,11.844181776046753
deepseek/deepseek-v3.2,dictator,100,63,1,I share 31 dollars.,31.0,0.49206349206349204,5.542760372161865
deepseek/deepseek-v3.2,dictator,100,63,2,I share 30 dollars.,30.0,0.47619047619047616,14.423453330993652
deepseek/deepseek-v3.2,dictator,100,63,3,I share 5 dollars.,5.0,0.07936507936507936,4.02904200553894
deepseek/deepseek-v3.2,dictator,100,27,1,I share 0 dollars,0.0,0.0,7.606985569000244
deepseek/deepseek-v3.2,dictator,100,27,2,I share $13 dollars.,13.0,0.48148148148148145,14.808359384536743
deepseek/deepseek-v3.2,dictator,100,27,3,I share 0 dollars.,0.0,0.0,3.628990888595581
deepseek/deepseek-v3.2,dictator,100,95,1,I share 5 dollars.,5.0,0.05263157894736842,12.064789295196533
deepseek/deepseek-v3.2,dictator,100,95,2,I share 5 dollars.,5.0,0.05263157894736842,6.238356113433838
deepseek/deepseek-v3.2,dictator,100,95,3,I share 5 dollars.,5.0,0.05263157894736842,2.189634323120117
deepseek/deepseek-v3.2,dictator,100,144,1,I share 72 dollars.,72.0,0.5,12.862575054168701
deepseek/deepseek-v3.2,dictator,100,144,2,I share 72 dollars.,72.0,0.5,6.073849439620972
deepseek/deepseek-v3.2,dictator,100,144,3,I share 0 dollars.,0.0,0.0,9.866262912750244
deepseek/deepseek-v3.2,dictator,100,496,1,I share 50 dollars.,50.0,0.10080645161290322,4.320822238922119
deepseek/deepseek-v3.2,dictator,100,496,2,I share 50 dollars.,50.0,0.10080645161290322,4.0320117473602295
deepseek/deepseek-v3.2,dictator,100,496,3,I share 0 dollars.,0.0,0.0,5.818936586380005
deepseek/deepseek-v3.2,dictator,100,217,1,I share 43 dollars.,43.0,0.19815668202764977,5.179633855819702
deepseek/deepseek-v3.2,dictator,100,217,2,I share 0 dollars.,0.0,0.0,7.686227083206177
deepseek/deepseek-v3.2,dictator,100,217,3,I share 20 dollars.,20.0,0.09216589861751152,9.316346883773804
deepseek/deepseek-v3.2,dictator,100,328,1,I share 0 dollars.,0.0,0.0,4.095110893249512
deepseek/deepseek-v3.2,dictator,100,328,2,I share 20 dollars.,20.0,0.06097560975609756,6.387473106384277
deepseek/deepseek-v3.2,dictator,100,328,3,I share 10 dollars.,10.0,0.03048780487804878,6.201370000839233
deepseek/deepseek-v3.2,dictator,100,751,1,I share 100 dollars.,100.0,0.13315579227696406,5.157563924789429
deepseek/deepseek-v3.2,dictator,100,751,2,I share 75 dollars.,75.0,0.09986684420772303,7.559197664260864
deepseek/deepseek-v3.2,dictator,100,751,3,I share 75 dollars.,75.0,0.09986684420772303,5.031284332275391
deepseek/deepseek-v3.2,dictator,100,1135,1,I share 0 dollars.,0.0,0.0,4.2271153926849365
deepseek/deepseek-v3.2,dictator,100,1135,2,I share 50 dollars.,50.0,0.04405286343612335,5.710423231124878
deepseek/deepseek-v3.2,dictator,100,1135,3,I share 100 dollars.,100.0,0.0881057268722467,11.865492105484009
deepseek/deepseek-v3.2,dictator,100,1717,1,I share 100 dollars.,100.0,0.05824111822947001,6.107344627380371
deepseek/deepseek-v3.2,dictator,100,1717,2,I share 0 dollars.,0.0,0.0,10.139249324798584
deepseek/deepseek-v3.2,dictator,100,1717,3,I share 500 dollars,500.0,0.29120559114735,11.446973323822021
deepseek/deepseek-v3.2,dictator,100,2596,1,I share 1298 dollars.,1298.0,0.5,4.245422601699829
deepseek/deepseek-v3.2,dictator,100,2596,2,I share 500 dollars.,500.0,0.1926040061633282,9.570925235748291
deepseek/deepseek-v3.2,dictator,100,2596,3,I share 259 dollars.,259.0,0.09976887519260401,10.770036935806274
deepseek/deepseek-v3.2,dictator,100,5938,1,I share 594 dollars.,594.0,0.10003368137420007,11.784690618515015
deepseek/deepseek-v3.2,dictator,100,5938,2,I share 594 dollars.,594.0,0.10003368137420007,10.55539584159851
deepseek/deepseek-v3.2,dictator,100,5938,3,I share $2969 dollars.,2969.0,0.5,9.665962934494019
deepseek/deepseek-v3.2,dictator,100,3926,1,I share 392 dollars.,392.0,0.09984717269485481,11.624298095703125
deepseek/deepseek-v3.2,dictator,100,3926,2,I share $392 dollars.,392.0,0.09984717269485481,10.406890869140625
deepseek/deepseek-v3.2,dictator,100,3926,3,I share 392 dollars.,392.0,0.09984717269485481,14.40030550956726
deepseek/deepseek-v3.2,dictator,100,13578,1,I share 100 dollars.,100.0,0.007364854912358227,10.112250328063965
deepseek/deepseek-v3.2,dictator,100,13578,2,I share 1000 dollars.,1000.0,0.07364854912358226,1.518547534942627
deepseek/deepseek-v3.2,dictator,100,13578,3,I share 0 dollars.,0.0,0.0,6.378988265991211
deepseek/deepseek-v3.2,dictator,100,20531,1,I share 0 dollars.,0.0,0.0,10.211647987365723
deepseek/deepseek-v3.2,dictator,100,20531,2,I share 2053 dollars.,2053.0,0.09999512931664313,2.1674559116363525
deepseek/deepseek-v3.2,dictator,100,20531,3,I share 0 dollars,0.0,0.0,5.780186414718628
deepseek/deepseek-v3.2,dictator,100,8979,1,I share 0 dollars.,0.0,0.0,9.515243768692017
deepseek/deepseek-v3.2,dictator,100,8979,2,I share 300 dollars,300.0,0.03341129301703976,11.365731716156006
deepseek/deepseek-v3.2,dictator,100,8979,3,I share 0 dollars.,0.0,0.0,7.662719964981079
deepseek/deepseek-v3.2,dictator,100,31054,1,I share 0 dollars.,0.0,0.0,2.1916139125823975
deepseek/deepseek-v3.2,dictator,100,31054,2,"I share 10,000 dollars.",10000.0,0.3220197076061055,8.0337553024292
deepseek/deepseek-v3.2,dictator,100,31054,3,"I share 15,527 dollars.",15527.0,0.5,5.205193758010864
deepseek/deepseek-v3.2,dictator,100,46962,1,I share 500 dollars.,500.0,0.01064690600911375,5.0489044189453125
deepseek/deepseek-v3.2,dictator,100,46962,2,I share 4696 dollars.,4696.0,0.09999574123759636,3.9516494274139404
deepseek/deepseek-v3.2,dictator,100,46962,3,I share 5000 dollars.,5000.0,0.10646906009113752,11.993123769760132
deepseek/deepseek-v3.2,dictator,100,71000,1,I share 0 dollars.,0.0,0.0,5.039654970169067
deepseek/deepseek-v3.2,dictator,100,71000,2,I share 1000 dollars.,1000.0,0.014084507042253521,11.455932855606079
deepseek/deepseek-v3.2,dictator,100,71000,3,I share 0 dollars.,0.0,0.0,6.6471474170684814
deepseek/deepseek-v3.2,dictator,100,162379,1,"I share 16,237 dollars.",16237.0,0.09999445741136477,6.350586175918579
deepseek/deepseek-v3.2,dictator,100,162379,2,"I share 10,000 dollars.",10000.0,0.06158431816922139,10.161786317825317
deepseek/deepseek-v3.2,dictator,100,162379,3,"I share 16,238 dollars.",16238.0,0.10000061584318169,6.000823974609375
deepseek/deepseek-v3.2,dictator,100,107392,1,"I share 10,000 dollars.",10000.0,0.09311680572109654,13.449060440063477
deepseek/deepseek-v3.2,dictator,100,107392,2,I share 0 dollars.,0.0,0.0,4.323937892913818
deepseek/deepseek-v3.2,dictator,100,107392,3,I share 5369 dollars.,5369.0,0.04999441299165673,6.567943096160889
deepseek/deepseek-v3.2,dictator,100,250000,1,"I share 25,000 dollars.",25000.0,0.1,10.08807921409607
deepseek/deepseek-v3.2,dictator,100,250000,2,I share 50000 dollars.,50000.0,0.2,5.913118124008179
deepseek/deepseek-v3.2,dictator,100,250000,3,I share 50 dollars.,50.0,0.0002,6.536329030990601
deepseek/deepseek-v3.2,dictator,88,10,1,I share 1 dollar.,1.0,0.1,6.446911573410034
deepseek/deepseek-v3.2,dictator,88,10,2,I share 2 dollars.,2.0,0.2,5.474998474121094
deepseek/deepseek-v3.2,dictator,88,10,3,I share 4 dollars.,4.0,0.4,6.274773359298706
