model,game,social_distance,money,rep,raw_response,share,share_pct,latency_s
x-ai/grok-4.1-fast,dictator,1,8,1,I share 4 dollars,4.0,0.5,12.529818773269652
x-ai/grok-4.1-fast,dictator,1,8,2,I share 4 dollars,4.0,0.5,5.533420562744141
x-ai/grok-4.1-fast,dictator,1,8,3,I share 4 dollars,4.0,0.5,5.806194067001343
x-ai/grok-4.1-fast,dictator,1,1,1,I share 0.50 dollars,0.5,0.5,12.200522899627686
x-ai/grok-4.1-fast,dictator,1,1,2,I share 0.5 dollars,0.5,0.5,6.859627962112427
x-ai/grok-4.1-fast,dictator,1,1,3,I share 0.50 dollars,0.5,0.5,6.598548650741577
x-ai/grok-4.1-fast,dictator,1,3,1,I share 2 dollars,2.0,0.6666666666666666,13.338852405548096
x-ai/grok-4.1-fast,dictator,1,3,2,I share 2 dollars,2.0,0.6666666666666666,6.627456188201904
x-ai/grok-4.1-fast,dictator,1,3,3,I share 2 dollars,2.0,0.6666666666666666,6.03522801399231
x-ai/grok-4.1-fast,dictator,1,2,1,I share 1 dollars,1.0,0.5,12.67037868499756
x-ai/grok-4.1-fast,dictator,1,2,2,I share 1 dollars,1.0,0.5,7.5085132122039795
x-ai/grok-4.1-fast,dictator,1,2,3,I share 1 dollars,1.0,0.5,7.361836671829224
x-ai/grok-4.1-fast,dictator,1,5,1,I share 2.50 dollars,2.5,0.5,11.807218551635742
x-ai/grok-4.1-fast,dictator,1,5,2,I share 3 dollars,3.0,0.6,10.566781520843506
x-ai/grok-4.1-fast,dictator,1,5,3,I share 3 dollars,3.0,0.6,8.064078569412231
x-ai/grok-4.1-fast,dictator,1,10,1,I share 5 dollars,5.0,0.5,12.364168643951416
x-ai/grok-4.1-fast,dictator,1,10,2,I share 5 dollars,5.0,0.5,7.966969728469849
x-ai/grok-4.1-fast,dictator,1,10,3,I share 5 dollars,5.0,0.5,10.949851512908936
x-ai/grok-4.1-fast,dictator,1,18,1,I share 9 dollars,9.0,0.5,4.272074460983276
x-ai/grok-4.1-fast,dictator,1,18,2,I share 9 dollars,9.0,0.5,6.327219247817993
x-ai/grok-4.1-fast,dictator,1,18,3,I share 9 dollars,9.0,0.5,6.359960317611694
x-ai/grok-4.1-fast,dictator,1,12,1,I share 6 dollars,6.0,0.5,6.541561126708984
x-ai/grok-4.1-fast,dictator,1,12,2,I share 6 dollars,6.0,0.5,5.783874273300171
x-ai/grok-4.1-fast,dictator,1,12,3,I share 6 dollars,6.0,0.5,7.239270925521851
x-ai/grok-4.1-fast,dictator,1,27,1,I share 14 dollars,14.0,0.5185185185185185,7.344599008560181
x-ai/grok-4.1-fast,dictator,1,27,2,I share 14 dollars,14.0,0.5185185185185185,6.870203495025635
x-ai/grok-4.1-fast,dictator,1,27,3,I share 20 dollars,20.0,0.7407407407407407,10.381139278411863
x-ai/grok-4.1-fast,dictator,1,41,1,I share 25 dollars,25.0,0.6097560975609756,10.836404085159302
x-ai/grok-4.1-fast,dictator,1,41,2,I share 21 dollars,21.0,0.5121951219512195,8.560790300369263
x-ai/grok-4.1-fast,dictator,1,41,3,I share 20 dollars,20.0,0.4878048780487805,9.761494398117064
x-ai/grok-4.1-fast,dictator,1,95,1,I share 50 dollars,50.0,0.5263157894736842,7.807777404785156
x-ai/grok-4.1-fast,dictator,1,95,2,I share 48 dollars,48.0,0.5052631578947369,7.02652645111084
x-ai/grok-4.1-fast,dictator,1,95,3,I share 50 dollars,50.0,0.5263157894736842,11.958876848220823
x-ai/grok-4.1-fast,dictator,1,144,1,I share 72 dollars,72.0,0.5,8.543145179748535
x-ai/grok-4.1-fast,dictator,1,144,2,I share 72 dollars,72.0,0.5,3.47660756111145
x-ai/grok-4.1-fast,dictator,1,144,3,I share 72 dollars,72.0,0.5,7.090714693069458
x-ai/grok-4.1-fast,dictator,1,63,1,I share 32 dollars,32.0,0.5079365079365079,10.06656551361084
x-ai/grok-4.1-fast,dictator,1,63,2,I share 32 dollars,32.0,0.5079365079365079,12.670941591262816
x-ai/grok-4.1-fast,dictator,1,63,3,I share 32 dollars,32.0,0.5079365079365079,10.852914094924929
x-ai/grok-4.1-fast,dictator,1,328,1,I share 164 dollars,164.0,0.5,4.846961498260498
x-ai/grok-4.1-fast,dictator,1,328,2,I share 164 dollars,164.0,0.5,7.76987361907959
x-ai/grok-4.1-fast,dictator,1,328,3,I share 164 dollars,164.0,0.5,5.527512311935425
x-ai/grok-4.1-fast,dictator,1,217,1,I share 150 dollars,150.0,0.6912442396313364,8.414228677749634
x-ai/grok-4.1-fast,dictator,1,217,2,I share 109 dollars,109.0,0.5023041474654378,10.272905111312866
x-ai/grok-4.1-fast,dictator,1,217,3,I share 109 dollars,109.0,0.5023041474654378,9.683760404586792
x-ai/grok-4.1-fast,dictator,1,496,1,I share 248 dollars,248.0,0.5,6.266087532043457
x-ai/grok-4.1-fast,dictator,1,496,2,I share 248 dollars,248.0,0.5,6.947614908218384
x-ai/grok-4.1-fast,dictator,1,496,3,I share 248 dollars,248.0,0.5,10.70266079902649
x-ai/grok-4.1-fast,dictator,1,751,1,I share 376 dollars,376.0,0.5006657789613849,6.489551544189453
x-ai/grok-4.1-fast,dictator,1,751,2,I share 376 dollars,376.0,0.5006657789613849,6.80538010597229
x-ai/grok-4.1-fast,dictator,1,751,3,I share 376 dollars,376.0,0.5006657789613849,14.32295823097229
x-ai/grok-4.1-fast,dictator,1,3926,1,I share 1963 dollars,1963.0,0.5,10.824645757675173
x-ai/grok-4.1-fast,dictator,1,3926,2,I share 1963 dollars,1963.0,0.5,5.54809308052063
x-ai/grok-4.1-fast,dictator,1,3926,3,I share 1963 dollars,1963.0,0.5,4.93192720413208
x-ai/grok-4.1-fast,dictator,1,1717,1,I share 858 dollars,858.0,0.4997087944088526,8.258419036865234
x-ai/grok-4.1-fast,dictator,1,1717,2,I share 858 dollars,858.0,0.4997087944088526,11.361924648284912
x-ai/grok-4.1-fast,dictator,1,1717,3,I share 858 dollars,858.0,0.4997087944088526,11.55944323539734
x-ai/grok-4.1-fast,dictator,1,1135,1,I share 567 dollars,567.0,0.4995594713656388,9.035967588424684
x-ai/grok-4.1-fast,dictator,1,1135,2,I share 567 dollars,567.0,0.4995594713656388,14.187079191207886
x-ai/grok-4.1-fast,dictator,1,1135,3,I share 567 dollars,567.0,0.4995594713656388,11.457826614379885
x-ai/grok-4.1-fast,dictator,1,2596,1,I share 1298 dollars,1298.0,0.5,13.00020432472229
x-ai/grok-4.1-fast,dictator,1,2596,2,I share 1298 dollars,1298.0,0.5,6.673123836517334
x-ai/grok-4.1-fast,dictator,1,2596,3,I share 1298 dollars,1298.0,0.5,9.839893341064451
x-ai/grok-4.1-fast,dictator,1,5938,1,I share 2969 dollars,2969.0,0.5,7.553932428359985
x-ai/grok-4.1-fast,dictator,1,5938,2,I share 2969 dollars,2969.0,0.5,5.364389419555664
x-ai/grok-4.1-fast,dictator,1,5938,3,I share 2969 dollars,2969.0,0.5,10.658610820770264
x-ai/grok-4.1-fast,dictator,1,8979,1,I share 4490 dollars,4490.0,0.5000556854883618,8.63809871673584
x-ai/grok-4.1-fast,dictator,1,8979,2,I share 4490 dollars,4490.0,0.5000556854883618,10.200398683547974
x-ai/grok-4.1-fast,dictator,1,8979,3,I share 4489 dollars,4489.0,0.4999443145116383,6.716715574264526
x-ai/grok-4.1-fast,dictator,1,13578,1,I share 6789 dollars,6789.0,0.5,6.32633113861084
x-ai/grok-4.1-fast,dictator,1,13578,2,I share 6789 dollars,6789.0,0.5,10.41514801979065
x-ai/grok-4.1-fast,dictator,1,13578,3,I share 6789 dollars,6789.0,0.5,5.931843042373657
x-ai/grok-4.1-fast,dictator,1,31054,1,I share 15527 dollars,15527.0,0.5,6.80718994140625
x-ai/grok-4.1-fast,dictator,1,31054,2,I share 15527 dollars,15527.0,0.5,6.41650128364563
x-ai/grok-4.1-fast,dictator,1,31054,3,I share 15527 dollars,15527.0,0.5,6.253641843795776
x-ai/grok-4.1-fast,dictator,1,71000,1,I share 35500 dollars,35500.0,0.5,5.64670205116272
x-ai/grok-4.1-fast,dictator,1,71000,2,I share 35500 dollars,35500.0,0.5,9.491631031036375
x-ai/grok-4.1-fast,dictator,1,71000,3,I share 35500 dollars,35500.0,0.5,12.541346073150637
x-ai/grok-4.1-fast,dictator,1,46962,1,I share 23481 dollars,23481.0,0.5,8.689407587051392
x-ai/grok-4.1-fast,dictator,1,46962,2,I share 23481 dollars,23481.0,0.5,9.434077739715576
x-ai/grok-4.1-fast,dictator,1,46962,3,I share 23481 dollars,23481.0,0.5,17.761613845825195
x-ai/grok-4.1-fast,dictator,1,20531,1,I share 10265 dollars,10265.0,0.4999756465832156,13.925025463104248
x-ai/grok-4.1-fast,dictator,1,20531,2,I share 10265 dollars,10265.0,0.4999756465832156,8.672784090042114
x-ai/grok-4.1-fast,dictator,1,20531,3,I share 10266 dollars,10266.0,0.5000243534167844,19.47223544120789
x-ai/grok-4.1-fast,dictator,1,107392,1,I share 53696 dollars,53696.0,0.5,4.33094334602356
x-ai/grok-4.1-fast,dictator,1,107392,2,I share 53696 dollars,53696.0,0.5,16.433797597885132
x-ai/grok-4.1-fast,dictator,1,107392,3,I share 53696 dollars,53696.0,0.5,9.31153917312622
x-ai/grok-4.1-fast,dictator,1,250000,1,I share 125000 dollars,125000.0,0.5,15.781275272369385
x-ai/grok-4.1-fast,dictator,1,250000,2,I share 125000 dollars,125000.0,0.5,9.249730587005615
x-ai/grok-4.1-fast,dictator,1,250000,3,I share 125000 dollars,125000.0,0.5,11.956348657608032
x-ai/grok-4.1-fast,dictator,1,162379,1,I share 81190 dollars,81190.0,0.5000030792159085,18.995705604553223
x-ai/grok-4.1-fast,dictator,1,162379,2,I share 81190 dollars,81190.0,0.5000030792159085,6.662858486175537
x-ai/grok-4.1-fast,dictator,1,162379,3,I share 81190 dollars,81190.0,0.5000030792159085,12.915060758590698
x-ai/grok-4.1-fast,dictator,2,2,1,I share 1 dollars,1.0,0.5,5.8726067543029785
x-ai/grok-4.1-fast,dictator,2,2,2,I share 1 dollars,1.0,0.5,10.39727520942688
x-ai/grok-4.1-fast,dictator,2,2,3,I share 1 dollars,1.0,0.5,11.632148265838625
x-ai/grok-4.1-fast,dictator,2,3,1,I share 1.5 dollars,1.5,0.5,14.225722551345823
x-ai/grok-4.1-fast,dictator,2,3,2,I share 1.50 dollars,1.5,0.5,11.666471004486084
x-ai/grok-4.1-fast,dictator,2,3,3,I share 1.50 dollars,1.5,0.5,7.317308187484741
x-ai/grok-4.1-fast,dictator,2,5,1,I share 2.50 dollars,2.5,0.5,11.937316179275513
x-ai/grok-4.1-fast,dictator,2,5,2,I share 2.50 dollars,2.5,0.5,8.98106598854065
x-ai/grok-4.1-fast,dictator,2,5,3,I share 3 dollars,3.0,0.6,8.737297534942627
x-ai/grok-4.1-fast,dictator,2,1,1,I share 0.50 dollars,0.5,0.5,18.561501026153564
x-ai/grok-4.1-fast,dictator,2,1,2,I share 0.50 dollars,0.5,0.5,12.55812644958496
x-ai/grok-4.1-fast,dictator,2,1,3,I share 0.50 dollars,0.5,0.5,8.13168978691101
x-ai/grok-4.1-fast,dictator,2,8,1,I share 4 dollars,4.0,0.5,8.94144892692566
x-ai/grok-4.1-fast,dictator,2,8,2,I share 4 dollars,4.0,0.5,7.123922824859619
x-ai/grok-4.1-fast,dictator,2,8,3,I share 4 dollars,4.0,0.5,6.852750778198242
x-ai/grok-4.1-fast,dictator,2,10,1,I share 5 dollars,5.0,0.5,8.137556552886963
x-ai/grok-4.1-fast,dictator,2,10,2,I share 5 dollars,5.0,0.5,6.762881278991699
x-ai/grok-4.1-fast,dictator,2,10,3,I share 5 dollars,5.0,0.5,7.00704836845398
x-ai/grok-4.1-fast,dictator,2,12,1,I share 6 dollars,6.0,0.5,7.304868936538696
x-ai/grok-4.1-fast,dictator,2,12,2,I share 6 dollars,6.0,0.5,6.538010358810425
x-ai/grok-4.1-fast,dictator,2,12,3,I share 6 dollars,6.0,0.5,12.520185708999634
x-ai/grok-4.1-fast,dictator,2,41,1,I share 20 dollars,20.0,0.4878048780487805,5.950380086898804
x-ai/grok-4.1-fast,dictator,2,41,2,I share 20 dollars,20.0,0.4878048780487805,12.09483766555786
x-ai/grok-4.1-fast,dictator,2,41,3,I share 20 dollars,20.0,0.4878048780487805,11.2415668964386
x-ai/grok-4.1-fast,dictator,2,18,1,I share 9 dollars,9.0,0.5,5.512876749038696
x-ai/grok-4.1-fast,dictator,2,18,2,I share 9 dollars,9.0,0.5,11.040701389312744
x-ai/grok-4.1-fast,dictator,2,18,3,I share 9 dollars,9.0,0.5,14.38932180404663
x-ai/grok-4.1-fast,dictator,2,27,1,I share 14 dollars,14.0,0.5185185185185185,6.993574619293213
x-ai/grok-4.1-fast,dictator,2,27,2,I share 14 dollars,14.0,0.5185185185185185,11.92926287651062
x-ai/grok-4.1-fast,dictator,2,27,3,I share 14 dollars,14.0,0.5185185185185185,11.776914358139038
x-ai/grok-4.1-fast,dictator,2,95,1,I share 50 dollars,50.0,0.5263157894736842,13.163914680480955
x-ai/grok-4.1-fast,dictator,2,95,2,I share 50 dollars,50.0,0.5263157894736842,12.232855558395386
x-ai/grok-4.1-fast,dictator,2,95,3,I share 50 dollars,50.0,0.5263157894736842,5.59254264831543
x-ai/grok-4.1-fast,dictator,2,63,1,I share 32 dollars,32.0,0.5079365079365079,13.671384811401367
x-ai/grok-4.1-fast,dictator,2,63,2,I share 31 dollars,31.0,0.492063492063492,11.810762643814089
x-ai/grok-4.1-fast,dictator,2,63,3,I share 32 dollars,32.0,0.5079365079365079,8.875192165374756
x-ai/grok-4.1-fast,dictator,2,144,1,I share 72 dollars,72.0,0.5,12.113830804824827
x-ai/grok-4.1-fast,dictator,2,144,2,I share 72 dollars,72.0,0.5,6.5905516147613525
x-ai/grok-4.1-fast,dictator,2,144,3,I share 72 dollars,72.0,0.5,7.049696683883667
x-ai/grok-4.1-fast,dictator,2,328,1,I share 164 dollars,164.0,0.5,5.275858402252197
x-ai/grok-4.1-fast,dictator,2,328,2,I share 164 dollars,164.0,0.5,5.636479616165161
x-ai/grok-4.1-fast,dictator,2,328,3,I share 164 dollars,164.0,0.5,5.568628311157227
x-ai/grok-4.1-fast,dictator,2,496,1,I share 248 dollars,248.0,0.5,8.8085196018219
x-ai/grok-4.1-fast,dictator,2,496,2,I share 248 dollars,248.0,0.5,8.382997035980225
x-ai/grok-4.1-fast,dictator,2,496,3,I share 248 dollars,248.0,0.5,4.631607055664063
x-ai/grok-4.1-fast,dictator,2,217,1,I share 109 dollars,109.0,0.5023041474654378,7.095683336257935
x-ai/grok-4.1-fast,dictator,2,217,2,I share 109 dollars,109.0,0.5023041474654378,8.346131324768066
x-ai/grok-4.1-fast,dictator,2,217,3,I share 109 dollars,109.0,0.5023041474654378,12.224247455596924
x-ai/grok-4.1-fast,dictator,2,1135,1,I share 567 dollars,567.0,0.4995594713656388,7.761537313461304
x-ai/grok-4.1-fast,dictator,2,1135,2,I share 567 dollars,567.0,0.4995594713656388,6.922642707824707
x-ai/grok-4.1-fast,dictator,2,1135,3,I share 568 dollars,568.0,0.5004405286343613,8.321251153945923
x-ai/grok-4.1-fast,dictator,2,1717,1,I share 858 dollars,858.0,0.4997087944088526,11.597498178482056
x-ai/grok-4.1-fast,dictator,2,1717,2,I share 858 dollars,858.0,0.4997087944088526,5.292511463165283
x-ai/grok-4.1-fast,dictator,2,1717,3,I share 858 dollars,858.0,0.4997087944088526,6.277749061584473
x-ai/grok-4.1-fast,dictator,2,751,1,I share 376 dollars,376.0,0.5006657789613849,11.82347321510315
x-ai/grok-4.1-fast,dictator,2,751,2,I share 376 dollars,376.0,0.5006657789613849,7.382726192474365
x-ai/grok-4.1-fast,dictator,2,751,3,I share 376 dollars,376.0,0.5006657789613849,13.352254390716553
x-ai/grok-4.1-fast,dictator,2,2596,1,I share 1298 dollars,1298.0,0.5,6.935436725616455
x-ai/grok-4.1-fast,dictator,2,2596,2,I share 1298 dollars,1298.0,0.5,10.256709814071655
x-ai/grok-4.1-fast,dictator,2,2596,3,I share 1298 dollars,1298.0,0.5,7.092571496963501
x-ai/grok-4.1-fast,dictator,2,3926,1,I share 1963 dollars,1963.0,0.5,8.995629072189331
x-ai/grok-4.1-fast,dictator,2,3926,2,I share 1963 dollars,1963.0,0.5,9.502436876296995
x-ai/grok-4.1-fast,dictator,2,3926,3,I share 1963 dollars,1963.0,0.5,8.04253625869751
x-ai/grok-4.1-fast,dictator,2,5938,1,I share 2969 dollars,2969.0,0.5,8.472188472747803
x-ai/grok-4.1-fast,dictator,2,5938,2,I share 2969 dollars,2969.0,0.5,7.128906488418579
x-ai/grok-4.1-fast,dictator,2,5938,3,I share 2969 dollars,2969.0,0.5,7.689659357070923
x-ai/grok-4.1-fast,dictator,2,8979,1,I share 4490 dollars,4490.0,0.5000556854883618,10.53676152229309
x-ai/grok-4.1-fast,dictator,2,8979,2,I share 4490 dollars,4490.0,0.5000556854883618,7.575648546218872
x-ai/grok-4.1-fast,dictator,2,8979,3,I share 4490 dollars,4490.0,0.5000556854883618,14.171019554138184
x-ai/grok-4.1-fast,dictator,2,13578,1,I share 6789 dollars,6789.0,0.5,8.641762256622314
x-ai/grok-4.1-fast,dictator,2,13578,2,I share 6789 dollars,6789.0,0.5,14.37462329864502
x-ai/grok-4.1-fast,dictator,2,13578,3,I share 6789 dollars,6789.0,0.5,8.299158334732056
x-ai/grok-4.1-fast,dictator,2,20531,1,I share 10266 dollars,10266.0,0.5000243534167844,12.41757607460022
x-ai/grok-4.1-fast,dictator,2,20531,2,I share 10266 dollars,10266.0,0.5000243534167844,10.336597204208374
x-ai/grok-4.1-fast,dictator,2,20531,3,I share 10265 dollars,10265.0,0.4999756465832156,8.552978992462158
x-ai/grok-4.1-fast,dictator,2,31054,1,I share 15527 dollars,15527.0,0.5,6.670167446136475
x-ai/grok-4.1-fast,dictator,2,31054,2,I share 15527 dollars,15527.0,0.5,11.834103107452393
x-ai/grok-4.1-fast,dictator,2,31054,3,"I share 15,527 dollars",15527.0,0.5,12.122849464416504
x-ai/grok-4.1-fast,dictator,2,71000,1,I share 35500 dollars,35500.0,0.5,10.434066772460938
x-ai/grok-4.1-fast,dictator,2,71000,2,I share 35500 dollars,35500.0,0.5,8.909059524536133
x-ai/grok-4.1-fast,dictator,2,71000,3,I share 35500 dollars,35500.0,0.5,5.247785806655884
x-ai/grok-4.1-fast,dictator,2,46962,1,I share 23481 dollars,23481.0,0.5,11.013101816177368
x-ai/grok-4.1-fast,dictator,2,46962,2,I share 23481 dollars,23481.0,0.5,9.529560089111328
x-ai/grok-4.1-fast,dictator,2,46962,3,I share 23481 dollars,23481.0,0.5,6.964637517929077
x-ai/grok-4.1-fast,dictator,2,250000,1,I share 125000 dollars,125000.0,0.5,4.6943182945251465
x-ai/grok-4.1-fast,dictator,2,250000,2,"I share 125,000 dollars",125000.0,0.5,5.823288917541504
x-ai/grok-4.1-fast,dictator,2,250000,3,I share 125000 dollars,125000.0,0.5,10.979156732559204
x-ai/grok-4.1-fast,dictator,2,107392,1,I share 53696 dollars,53696.0,0.5,10.35141897201538
x-ai/grok-4.1-fast,dictator,2,107392,2,I share 53696 dollars,53696.0,0.5,6.495215892791748
x-ai/grok-4.1-fast,dictator,2,107392,3,I share 53696 dollars,53696.0,0.5,10.342572450637816
x-ai/grok-4.1-fast,dictator,4,2,1,I share 1 dollars,1.0,0.5,5.544990539550781
x-ai/grok-4.1-fast,dictator,4,2,2,I share 1 dollars,1.0,0.5,11.321332693099976
x-ai/grok-4.1-fast,dictator,4,2,3,I share 1 dollars,1.0,0.5,6.651728868484497
x-ai/grok-4.1-fast,dictator,2,162379,1,I share 81189 dollars,81189.0,0.4999969207840915,9.1920645236969
x-ai/grok-4.1-fast,dictator,2,162379,2,I share 81189 dollars,81189.0,0.4999969207840915,16.294183492660522
x-ai/grok-4.1-fast,dictator,2,162379,3,I share 81190 dollars,81190.0,0.5000030792159085,7.071148633956909
x-ai/grok-4.1-fast,dictator,4,1,1,I share 0.50 dollars,0.5,0.5,8.540958881378174
x-ai/grok-4.1-fast,dictator,4,1,2,I share 0.50 dollars,0.5,0.5,12.847502946853638
x-ai/grok-4.1-fast,dictator,4,1,3,I share 0.5 dollars,0.5,0.5,11.636906862258911
x-ai/grok-4.1-fast,dictator,4,3,1,I share 2 dollars,2.0,0.6666666666666666,5.998810291290283
x-ai/grok-4.1-fast,dictator,4,3,2,I share 1.50 dollars,1.5,0.5,13.91149353981018
x-ai/grok-4.1-fast,dictator,4,3,3,I share 2 dollars,2.0,0.6666666666666666,8.583626747131348
x-ai/grok-4.1-fast,dictator,4,8,1,I share 4 dollars,4.0,0.5,5.941369533538818
x-ai/grok-4.1-fast,dictator,4,8,2,I share 4 dollars,4.0,0.5,5.4363932609558105
x-ai/grok-4.1-fast,dictator,4,8,3,I share 4 dollars,4.0,0.5,9.404955625534058
x-ai/grok-4.1-fast,dictator,4,12,1,I share 6 dollars,6.0,0.5,3.1863698959350586
x-ai/grok-4.1-fast,dictator,4,12,2,I share 6 dollars,6.0,0.5,6.425368547439575
x-ai/grok-4.1-fast,dictator,4,12,3,I share 6 dollars,6.0,0.5,7.834166049957275
x-ai/grok-4.1-fast,dictator,4,10,1,I share 5 dollars,5.0,0.5,5.420165300369263
x-ai/grok-4.1-fast,dictator,4,10,2,I share 5 dollars,5.0,0.5,5.376831531524658
x-ai/grok-4.1-fast,dictator,4,10,3,I share 5 dollars,5.0,0.5,8.781589269638062
x-ai/grok-4.1-fast,dictator,4,18,1,I share 9 dollars,9.0,0.5,6.975562572479248
x-ai/grok-4.1-fast,dictator,4,18,2,I share 9 dollars,9.0,0.5,6.455977916717529
x-ai/grok-4.1-fast,dictator,4,18,3,I share 9 dollars,9.0,0.5,6.689203500747681
x-ai/grok-4.1-fast,dictator,4,5,1,I share 2.5 dollars,2.5,0.5,6.002425909042358
x-ai/grok-4.1-fast,dictator,4,5,2,I share 2.5 dollars,2.5,0.5,17.98393702507019
x-ai/grok-4.1-fast,dictator,4,5,3,I share 2.50 dollars,2.5,0.5,9.398619890213013
x-ai/grok-4.1-fast,dictator,4,27,1,I share 14 dollars,14.0,0.5185185185185185,6.452902317047119
x-ai/grok-4.1-fast,dictator,4,27,2,I share 20 dollars,20.0,0.7407407407407407,8.162483215332031
x-ai/grok-4.1-fast,dictator,4,27,3,I share 14 dollars,14.0,0.5185185185185185,8.27142333984375
x-ai/grok-4.1-fast,dictator,4,41,1,I share 20 dollars,20.0,0.4878048780487805,6.814511775970459
x-ai/grok-4.1-fast,dictator,4,41,2,I share 21 dollars,21.0,0.5121951219512195,6.424254894256592
x-ai/grok-4.1-fast,dictator,4,41,3,I share 20 dollars,20.0,0.4878048780487805,10.128339290618896
x-ai/grok-4.1-fast,dictator,4,63,1,I share 32 dollars,32.0,0.5079365079365079,9.931194067001345
x-ai/grok-4.1-fast,dictator,4,63,2,I share 31 dollars,31.0,0.492063492063492,9.479671955108644
x-ai/grok-4.1-fast,dictator,4,63,3,I share 32 dollars,32.0,0.5079365079365079,11.764623403549194
x-ai/grok-4.1-fast,dictator,4,328,1,I share 164 dollars,164.0,0.5,6.922494888305664
x-ai/grok-4.1-fast,dictator,4,328,2,I share 164 dollars,164.0,0.5,10.469353199005129
x-ai/grok-4.1-fast,dictator,4,328,3,I share 164 dollars,164.0,0.5,7.554712772369385
x-ai/grok-4.1-fast,dictator,4,217,1,I share 109 dollars,109.0,0.5023041474654378,10.482223987579346
x-ai/grok-4.1-fast,dictator,4,217,2,I share 108 dollars,108.0,0.4976958525345622,13.2824444770813
x-ai/grok-4.1-fast,dictator,4,217,3,I share 108 dollars,108.0,0.4976958525345622,5.005134105682373
x-ai/grok-4.1-fast,dictator,4,95,1,I share 48 dollars,48.0,0.5052631578947369,9.340282201766968
x-ai/grok-4.1-fast,dictator,4,95,2,I share 50 dollars,50.0,0.5263157894736842,8.543334722518921
x-ai/grok-4.1-fast,dictator,4,95,3,I share 47 dollars,47.0,0.4947368421052631,19.05528426170349
x-ai/grok-4.1-fast,dictator,4,144,1,I share 72 dollars,72.0,0.5,11.094154357910156
x-ai/grok-4.1-fast,dictator,4,144,2,I share 72 dollars,72.0,0.5,10.049835920333862
x-ai/grok-4.1-fast,dictator,4,144,3,I share 72 dollars,72.0,0.5,11.773406982421877
x-ai/grok-4.1-fast,dictator,4,496,1,I share 248 dollars,248.0,0.5,11.81265664100647
x-ai/grok-4.1-fast,dictator,4,496,2,I share 248 dollars,248.0,0.5,4.97016191482544
x-ai/grok-4.1-fast,dictator,4,496,3,I share 248 dollars,248.0,0.5,7.994106769561768
x-ai/grok-4.1-fast,dictator,4,751,1,I share 375 dollars,375.0,0.4993342210386152,5.801349401473999
x-ai/grok-4.1-fast,dictator,4,751,2,I share 375 dollars,375.0,0.4993342210386152,5.991962432861328
x-ai/grok-4.1-fast,dictator,4,751,3,I share 376 dollars,376.0,0.5006657789613849,7.459489107131958
x-ai/grok-4.1-fast,dictator,4,2596,1,I share 1298 dollars,1298.0,0.5,5.410670757293701
x-ai/grok-4.1-fast,dictator,4,2596,2,I share 1298 dollars,1298.0,0.5,7.439205169677734
x-ai/grok-4.1-fast,dictator,4,2596,3,I share 1298 dollars,1298.0,0.5,7.356789827346802
x-ai/grok-4.1-fast,dictator,4,1135,1,I share 567 dollars,567.0,0.4995594713656388,8.102705240249634
x-ai/grok-4.1-fast,dictator,4,1135,2,I share 568 dollars,568.0,0.5004405286343613,5.910638809204102
x-ai/grok-4.1-fast,dictator,4,1135,3,I share 567 dollars,567.0,0.4995594713656388,9.67050051689148
x-ai/grok-4.1-fast,dictator,4,3926,1,I share 1963 dollars,1963.0,0.5,7.963228225708008
x-ai/grok-4.1-fast,dictator,4,3926,2,I share 1963 dollars,1963.0,0.5,9.595605850219728
x-ai/grok-4.1-fast,dictator,4,3926,3,I share 1963 dollars,1963.0,0.5,9.76477599143982
x-ai/grok-4.1-fast,dictator,4,1717,1,I share 858 dollars,858.0,0.4997087944088526,7.789637565612793
x-ai/grok-4.1-fast,dictator,4,1717,2,I share 858 dollars,858.0,0.4997087944088526,9.932347297668455
x-ai/grok-4.1-fast,dictator,4,1717,3,I share 858 dollars,858.0,0.4997087944088526,14.63065767288208
x-ai/grok-4.1-fast,dictator,4,5938,1,I share 2969 dollars,2969.0,0.5,5.551801681518555
x-ai/grok-4.1-fast,dictator,4,5938,2,I share 2969 dollars,2969.0,0.5,12.312724590301514
x-ai/grok-4.1-fast,dictator,4,5938,3,I share 2969 dollars,2969.0,0.5,13.06520128250122
x-ai/grok-4.1-fast,dictator,4,13578,1,I share 6789 dollars,6789.0,0.5,9.529282569885254
x-ai/grok-4.1-fast,dictator,4,13578,2,I share 6789 dollars,6789.0,0.5,6.240146636962891
x-ai/grok-4.1-fast,dictator,4,13578,3,I share 6789 dollars,6789.0,0.5,4.424885511398315
x-ai/grok-4.1-fast,dictator,4,31054,1,I share 15527 dollars,15527.0,0.5,6.300255060195923
x-ai/grok-4.1-fast,dictator,4,31054,2,I share 15527 dollars,15527.0,0.5,5.80803108215332
x-ai/grok-4.1-fast,dictator,4,31054,3,I share 15527 dollars,15527.0,0.5,5.255080938339233
x-ai/grok-4.1-fast,dictator,4,8979,1,I share 4490 dollars,4490.0,0.5000556854883618,10.649516344070436
x-ai/grok-4.1-fast,dictator,4,8979,2,I share 4490 dollars,4490.0,0.5000556854883618,14.0016348361969
x-ai/grok-4.1-fast,dictator,4,8979,3,I share 4500 dollars,4500.0,0.5011693952555963,13.3359854221344
x-ai/grok-4.1-fast,dictator,4,71000,1,I share 35500 dollars,35500.0,0.5,5.932995557785034
x-ai/grok-4.1-fast,dictator,4,71000,2,I share 35500 dollars,35500.0,0.5,5.209488153457642
x-ai/grok-4.1-fast,dictator,4,71000,3,I share 35500 dollars,35500.0,0.5,5.345709562301636
x-ai/grok-4.1-fast,dictator,4,46962,1,I share 23481 dollars,23481.0,0.5,12.643589735031128
x-ai/grok-4.1-fast,dictator,4,46962,2,I share 23481 dollars,23481.0,0.5,8.806117534637451
x-ai/grok-4.1-fast,dictator,4,46962,3,I share 23481 dollars,23481.0,0.5,4.986888647079468
x-ai/grok-4.1-fast,dictator,4,107392,1,I share 53696 dollars,53696.0,0.5,8.293989658355713
x-ai/grok-4.1-fast,dictator,4,107392,2,I share 53696 dollars,53696.0,0.5,5.754732847213745
x-ai/grok-4.1-fast,dictator,4,107392,3,I share 53696 dollars,53696.0,0.5,4.959502935409546
x-ai/grok-4.1-fast,dictator,4,20531,1,I share 10265 dollars,10265.0,0.4999756465832156,16.760807275772095
x-ai/grok-4.1-fast,dictator,4,20531,2,I share 10266 dollars,10266.0,0.5000243534167844,11.492559909820557
x-ai/grok-4.1-fast,dictator,4,20531,3,I share 10265 dollars,10265.0,0.4999756465832156,9.676976680755615
x-ai/grok-4.1-fast,dictator,4,250000,1,I share 125000 dollars,125000.0,0.5,8.47034740447998
x-ai/grok-4.1-fast,dictator,4,250000,2,I share 125000 dollars,125000.0,0.5,7.026315927505493
x-ai/grok-4.1-fast,dictator,4,250000,3,I share 125000 dollars,125000.0,0.5,7.293344497680664
x-ai/grok-4.1-fast,dictator,6,1,1,I share 0.50 dollars,0.5,0.5,6.671426057815552
x-ai/grok-4.1-fast,dictator,6,1,2,I share 0.50 dollars,0.5,0.5,5.953581094741821
x-ai/grok-4.1-fast,dictator,6,1,3,I share 0.50 dollars,0.5,0.5,9.596351623535156
x-ai/grok-4.1-fast,dictator,6,3,1,I share 2 dollars,2.0,0.6666666666666666,6.455756902694702
x-ai/grok-4.1-fast,dictator,6,3,2,I share 2 dollars,2.0,0.6666666666666666,6.732478857040405
x-ai/grok-4.1-fast,dictator,6,3,3,I share 1.5 dollars,1.5,0.5,7.682418346405029
x-ai/grok-4.1-fast,dictator,4,162379,1,I share 81190 dollars,81190.0,0.5000030792159085,8.9093599319458
x-ai/grok-4.1-fast,dictator,4,162379,2,I share 81200 dollars,81200.0,0.5000646635340776,12.788925409317017
x-ai/grok-4.1-fast,dictator,4,162379,3,I share 81190 dollars,81190.0,0.5000030792159085,11.23966908454895
x-ai/grok-4.1-fast,dictator,6,2,1,I share 1 dollars,1.0,0.5,8.462810277938843
x-ai/grok-4.1-fast,dictator,6,2,2,I share 1 dollars,1.0,0.5,9.596172571182253
x-ai/grok-4.1-fast,dictator,6,2,3,I share 1 dollars,1.0,0.5,12.800712823867798
x-ai/grok-4.1-fast,dictator,6,5,1,I share 3 dollars,3.0,0.6,6.240119218826294
x-ai/grok-4.1-fast,dictator,6,5,2,I share 3 dollars,3.0,0.6,9.560088396072388
x-ai/grok-4.1-fast,dictator,6,5,3,I share 3 dollars,3.0,0.6,15.156873226165771
x-ai/grok-4.1-fast,dictator,6,8,1,I share 4 dollars,4.0,0.5,14.61318039894104
x-ai/grok-4.1-fast,dictator,6,8,2,I share 4 dollars,4.0,0.5,3.869852542877197
x-ai/grok-4.1-fast,dictator,6,8,3,I share 4 dollars,4.0,0.5,6.238785266876221
x-ai/grok-4.1-fast,dictator,6,18,1,I share 9 dollars,9.0,0.5,8.901274681091309
x-ai/grok-4.1-fast,dictator,6,18,2,I share 10 dollars,10.0,0.5555555555555556,4.706177949905396
x-ai/grok-4.1-fast,dictator,6,18,3,I share 9 dollars,9.0,0.5,5.906126260757446
x-ai/grok-4.1-fast,dictator,6,10,1,I share 5 dollars,5.0,0.5,13.01730465888977
x-ai/grok-4.1-fast,dictator,6,10,2,I share 5 dollars,5.0,0.5,5.745630502700806
x-ai/grok-4.1-fast,dictator,6,10,3,I share 5 dollars,5.0,0.5,6.531375169754028
x-ai/grok-4.1-fast,dictator,6,12,1,I share 6 dollars,6.0,0.5,8.882163763046265
x-ai/grok-4.1-fast,dictator,6,12,2,I share 6 dollars,6.0,0.5,4.825210332870483
x-ai/grok-4.1-fast,dictator,6,12,3,I share 6 dollars,6.0,0.5,6.5701234340667725
x-ai/grok-4.1-fast,dictator,6,27,1,I share 14 dollars,14.0,0.5185185185185185,7.898811340332031
x-ai/grok-4.1-fast,dictator,6,27,2,I share 14 dollars,14.0,0.5185185185185185,7.036553144454956
x-ai/grok-4.1-fast,dictator,6,27,3,I share 13 dollars,13.0,0.4814814814814814,6.609212160110474
x-ai/grok-4.1-fast,dictator,6,41,1,I share 20 dollars,20.0,0.4878048780487805,9.156552076339722
x-ai/grok-4.1-fast,dictator,6,41,2,I share 21 dollars,21.0,0.5121951219512195,7.777727365493774
x-ai/grok-4.1-fast,dictator,6,41,3,I share 20 dollars,20.0,0.4878048780487805,7.04390025138855
x-ai/grok-4.1-fast,dictator,6,144,1,I share 72 dollars,72.0,0.5,6.335947275161743
x-ai/grok-4.1-fast,dictator,6,144,2,I share 72 dollars,72.0,0.5,6.631509304046631
x-ai/grok-4.1-fast,dictator,6,144,3,I share 72 dollars,72.0,0.5,4.678160190582275
x-ai/grok-4.1-fast,dictator,6,63,1,I share 31 dollars,31.0,0.492063492063492,10.041887998580933
x-ai/grok-4.1-fast,dictator,6,63,2,I share 31 dollars,31.0,0.492063492063492,6.231548309326172
x-ai/grok-4.1-fast,dictator,6,63,3,I share 31 dollars,31.0,0.492063492063492,3.845637083053589
x-ai/grok-4.1-fast,dictator,6,95,1,I share 50 dollars,50.0,0.5263157894736842,10.160823345184326
x-ai/grok-4.1-fast,dictator,6,95,2,I share 47 dollars,47.0,0.4947368421052631,8.388049125671387
x-ai/grok-4.1-fast,dictator,6,95,3,I share 45 dollars,45.0,0.4736842105263157,5.664100408554077
x-ai/grok-4.1-fast,dictator,6,217,1,I share 109 dollars,109.0,0.5023041474654378,6.559491157531738
x-ai/grok-4.1-fast,dictator,6,217,2,I share 109 dollars,109.0,0.5023041474654378,9.342982769012451
x-ai/grok-4.1-fast,dictator,6,217,3,I share 108 dollars,108.0,0.4976958525345622,8.44103717803955
x-ai/grok-4.1-fast,dictator,6,496,1,I share 248 dollars,248.0,0.5,4.539177894592285
x-ai/grok-4.1-fast,dictator,6,496,2,I share 248 dollars,248.0,0.5,5.955835342407227
x-ai/grok-4.1-fast,dictator,6,496,3,I share 248 dollars,248.0,0.5,5.185153961181641
x-ai/grok-4.1-fast,dictator,6,328,1,I share 164 dollars,164.0,0.5,9.451575994491575
x-ai/grok-4.1-fast,dictator,6,328,2,I share 164 dollars,164.0,0.5,6.475633859634399
x-ai/grok-4.1-fast,dictator,6,328,3,I share 164 dollars,164.0,0.5,11.366094827651978
x-ai/grok-4.1-fast,dictator,6,1717,1,I share 858 dollars,858.0,0.4997087944088526,6.967887878417969
x-ai/grok-4.1-fast,dictator,6,1717,2,I share 858 dollars,858.0,0.4997087944088526,6.254601001739502
x-ai/grok-4.1-fast,dictator,6,1717,3,I share 858 dollars,858.0,0.4997087944088526,3.481018543243408
x-ai/grok-4.1-fast,dictator,6,1135,1,I share 567 dollars,567.0,0.4995594713656388,7.057429790496826
x-ai/grok-4.1-fast,dictator,6,1135,2,I share 500 dollars,500.0,0.4405286343612334,11.696829795837402
x-ai/grok-4.1-fast,dictator,6,1135,3,I share 567 dollars,567.0,0.4995594713656388,7.297459125518799
x-ai/grok-4.1-fast,dictator,6,751,1,I share 376 dollars,376.0,0.5006657789613849,7.107371330261231
x-ai/grok-4.1-fast,dictator,6,751,2,I share 376 dollars,376.0,0.5006657789613849,6.77385139465332
x-ai/grok-4.1-fast,dictator,6,751,3,I share 376 dollars,376.0,0.5006657789613849,12.802811622619627
x-ai/grok-4.1-fast,dictator,6,3926,1,I share 1963 dollars,1963.0,0.5,6.6219892501831055
x-ai/grok-4.1-fast,dictator,6,3926,2,I share 1963 dollars,1963.0,0.5,8.985745191574097
x-ai/grok-4.1-fast,dictator,6,3926,3,I share 1963 dollars,1963.0,0.5,15.10409450531006
x-ai/grok-4.1-fast,dictator,6,2596,1,I share 1298 dollars,1298.0,0.5,8.018107175827026
x-ai/grok-4.1-fast,dictator,6,2596,2,I share 1298 dollars,1298.0,0.5,10.19393515586853
x-ai/grok-4.1-fast,dictator,6,2596,3,I share 1298 dollars,1298.0,0.5,18.21486186981201
x-ai/grok-4.1-fast,dictator,6,5938,1,I share 2969 dollars,2969.0,0.5,6.08498215675354
x-ai/grok-4.1-fast,dictator,6,5938,2,I share 2969 dollars,2969.0,0.5,7.030935049057007
x-ai/grok-4.1-fast,dictator,6,5938,3,I share 2969 dollars,2969.0,0.5,11.382359266281128
x-ai/grok-4.1-fast,dictator,6,8979,1,I share 4489 dollars,4489.0,0.4999443145116383,10.605134963989258
x-ai/grok-4.1-fast,dictator,6,8979,2,I share 4490 dollars,4490.0,0.5000556854883618,8.867514610290527
x-ai/grok-4.1-fast,dictator,6,8979,3,I share 4500 dollars,4500.0,0.5011693952555963,11.257030963897703
x-ai/grok-4.1-fast,dictator,6,13578,1,I share 5000 dollars,5000.0,0.3682427456179113,17.62481117248535
x-ai/grok-4.1-fast,dictator,6,13578,2,I share 6789 dollars,6789.0,0.5,8.747019290924072
x-ai/grok-4.1-fast,dictator,6,13578,3,I share 6789 dollars,6789.0,0.5,6.463710069656372
x-ai/grok-4.1-fast,dictator,6,20531,1,I share 10265 dollars,10265.0,0.4999756465832156,17.396484375
x-ai/grok-4.1-fast,dictator,6,20531,2,I share 10000 dollars,10000.0,0.4870683356874969,11.31263303756714
x-ai/grok-4.1-fast,dictator,6,20531,3,I share 10265 dollars,10265.0,0.4999756465832156,8.852857828140259
x-ai/grok-4.1-fast,dictator,6,31054,1,I share 15527 dollars,15527.0,0.5,8.538057327270508
x-ai/grok-4.1-fast,dictator,6,31054,2,I share 15527 dollars,15527.0,0.5,6.726397037506104
x-ai/grok-4.1-fast,dictator,6,31054,3,I share 15527 dollars,15527.0,0.5,6.305497407913208
x-ai/grok-4.1-fast,dictator,6,71000,1,I share 25000 dollars,25000.0,0.352112676056338,9.358370780944824
x-ai/grok-4.1-fast,dictator,6,71000,2,I share 35000 dollars,35000.0,0.4929577464788732,6.9174485206604
x-ai/grok-4.1-fast,dictator,6,71000,3,I share 35500 dollars,35500.0,0.5,10.36998438835144
x-ai/grok-4.1-fast,dictator,6,46962,1,I share 23481 dollars,23481.0,0.5,10.08244800567627
x-ai/grok-4.1-fast,dictator,6,46962,2,I share 23481 dollars,23481.0,0.5,6.882719278335571
x-ai/grok-4.1-fast,dictator,6,46962,3,I share 23481 dollars,23481.0,0.5,10.75136137008667
x-ai/grok-4.1-fast,dictator,6,107392,1,I share 53696 dollars,53696.0,0.5,10.919214963912964
x-ai/grok-4.1-fast,dictator,6,107392,2,I share 53696 dollars,53696.0,0.5,5.861175775527954
x-ai/grok-4.1-fast,dictator,6,107392,3,I share 53696 dollars,53696.0,0.5,8.899131774902344
x-ai/grok-4.1-fast,dictator,8,1,1,I share 0.60 dollars,0.6,0.6,6.463574171066284
x-ai/grok-4.1-fast,dictator,8,1,2,I share 0.5 dollars,0.5,0.5,6.2327189445495605
x-ai/grok-4.1-fast,dictator,8,1,3,I share 0.50 dollars,0.5,0.5,5.874489068984985
x-ai/grok-4.1-fast,dictator,6,250000,1,I share 125000 dollars,125000.0,0.5,7.241561651229858
x-ai/grok-4.1-fast,dictator,6,250000,2,I share 125000 dollars,125000.0,0.5,10.539697885513306
x-ai/grok-4.1-fast,dictator,6,250000,3,I share 75000 dollars,75000.0,0.3,8.182860374450684
x-ai/grok-4.1-fast,dictator,8,2,1,I share 1 dollars,1.0,0.5,5.962512254714966
x-ai/grok-4.1-fast,dictator,8,2,2,I share 1 dollars,1.0,0.5,11.586888551712036
x-ai/grok-4.1-fast,dictator,8,2,3,I share 1 dollars,1.0,0.5,6.425363302230835
x-ai/grok-4.1-fast,dictator,8,3,1,I share 2 dollars,2.0,0.6666666666666666,5.172533512115479
x-ai/grok-4.1-fast,dictator,8,3,2,I share 1.50 dollars,1.5,0.5,9.25236439704895
x-ai/grok-4.1-fast,dictator,8,3,3,I share 1.5 dollars,1.5,0.5,11.00798201560974
x-ai/grok-4.1-fast,dictator,8,8,1,I share 4 dollars,4.0,0.5,8.642570495605469
x-ai/grok-4.1-fast,dictator,8,8,2,I share 4 dollars,4.0,0.5,14.930343627929688
x-ai/grok-4.1-fast,dictator,8,8,3,I share 4 dollars,4.0,0.5,4.8312668800354
x-ai/grok-4.1-fast,dictator,6,162379,1,I share 50000 dollars,50000.0,0.3079215908461069,12.360187530517578
x-ai/grok-4.1-fast,dictator,6,162379,2,I share 81190 dollars,81190.0,0.5000030792159085,13.376579761505129
x-ai/grok-4.1-fast,dictator,6,162379,3,I share 81189 dollars,81189.0,0.4999969207840915,28.27548789978028
x-ai/grok-4.1-fast,dictator,8,5,1,I share 2.50 dollars,2.5,0.5,10.298553943634031
x-ai/grok-4.1-fast,dictator,8,5,2,I share 2.5 dollars,2.5,0.5,15.24681830406189
x-ai/grok-4.1-fast,dictator,8,5,3,I share 2 dollars,2.0,0.4,8.889519214630127
x-ai/grok-4.1-fast,dictator,8,10,1,I share 5 dollars,5.0,0.5,15.46966290473938
x-ai/grok-4.1-fast,dictator,8,10,2,I share 5 dollars,5.0,0.5,7.202755928039551
x-ai/grok-4.1-fast,dictator,8,10,3,I share 5 dollars,5.0,0.5,3.746577739715576
x-ai/grok-4.1-fast,dictator,8,12,1,I share 6 dollars,6.0,0.5,16.32232642173767
x-ai/grok-4.1-fast,dictator,8,12,2,I share 6 dollars,6.0,0.5,5.969759225845337
x-ai/grok-4.1-fast,dictator,8,12,3,I share 6 dollars,6.0,0.5,5.561631202697754
x-ai/grok-4.1-fast,dictator,8,18,1,I share 9 dollars,9.0,0.5,15.894991636276243
x-ai/grok-4.1-fast,dictator,8,18,2,I share 9 dollars,9.0,0.5,5.931413888931274
x-ai/grok-4.1-fast,dictator,8,18,3,I share 9 dollars,9.0,0.5,5.46847128868103
x-ai/grok-4.1-fast,dictator,8,27,1,I share 14 dollars,14.0,0.5185185185185185,6.160818576812744
x-ai/grok-4.1-fast,dictator,8,27,2,I share 14 dollars,14.0,0.5185185185185185,7.003399133682251
x-ai/grok-4.1-fast,dictator,8,27,3,I share 12 dollars,12.0,0.4444444444444444,8.418916940689087
x-ai/grok-4.1-fast,dictator,8,41,1,I share 20 dollars,20.0,0.4878048780487805,9.746689558029177
x-ai/grok-4.1-fast,dictator,8,41,2,I share 20 dollars,20.0,0.4878048780487805,7.6147918701171875
x-ai/grok-4.1-fast,dictator,8,41,3,I share 20 dollars,20.0,0.4878048780487805,7.149129629135132
x-ai/grok-4.1-fast,dictator,8,95,1,I share 47 dollars,47.0,0.4947368421052631,7.878307342529297
x-ai/grok-4.1-fast,dictator,8,95,2,I share 47 dollars,47.0,0.4947368421052631,9.6309916973114
x-ai/grok-4.1-fast,dictator,8,95,3,I share 50 dollars,50.0,0.5263157894736842,8.711703300476074
x-ai/grok-4.1-fast,dictator,8,63,1,I share 31 dollars,31.0,0.492063492063492,10.175090074539185
x-ai/grok-4.1-fast,dictator,8,63,2,I share 31 dollars,31.0,0.492063492063492,8.390194654464722
x-ai/grok-4.1-fast,dictator,8,63,3,I share 32 dollars,32.0,0.5079365079365079,11.154089212417604
x-ai/grok-4.1-fast,dictator,8,144,1,I share 72 dollars,72.0,0.5,8.830605030059814
x-ai/grok-4.1-fast,dictator,8,144,2,I share 72 dollars,72.0,0.5,5.105395317077637
x-ai/grok-4.1-fast,dictator,8,144,3,I share 72 dollars,72.0,0.5,8.963349103927612
x-ai/grok-4.1-fast,dictator,8,217,1,I share 100 dollars,100.0,0.4608294930875576,8.768950939178467
x-ai/grok-4.1-fast,dictator,8,217,2,I share 100 dollars,100.0,0.4608294930875576,10.062937021255491
x-ai/grok-4.1-fast,dictator,8,217,3,I share 108 dollars,108.0,0.4976958525345622,6.66908597946167
x-ai/grok-4.1-fast,dictator,8,328,1,I share 164 dollars,164.0,0.5,9.422618865966797
x-ai/grok-4.1-fast,dictator,8,328,2,I share 164 dollars,164.0,0.5,5.540971517562866
x-ai/grok-4.1-fast,dictator,8,328,3,I share 164 dollars,164.0,0.5,5.566041469573975
x-ai/grok-4.1-fast,dictator,8,496,1,I share 248 dollars,248.0,0.5,10.321905374526978
x-ai/grok-4.1-fast,dictator,8,496,2,I share 248 dollars,248.0,0.5,7.141478061676025
x-ai/grok-4.1-fast,dictator,8,496,3,I share 248 dollars,248.0,0.5,11.199138164520264
x-ai/grok-4.1-fast,dictator,8,1135,1,I share 567 dollars,567.0,0.4995594713656388,5.956332445144653
x-ai/grok-4.1-fast,dictator,8,1135,2,I share 567 dollars,567.0,0.4995594713656388,6.972437858581543
x-ai/grok-4.1-fast,dictator,8,1135,3,I share 567 dollars,567.0,0.4995594713656388,11.500131130218506
x-ai/grok-4.1-fast,dictator,8,751,1,I share 375 dollars,375.0,0.4993342210386152,5.791009426116943
x-ai/grok-4.1-fast,dictator,8,751,2,I share 300 dollars,300.0,0.3994673768308921,7.083619117736816
x-ai/grok-4.1-fast,dictator,8,751,3,I share 376 dollars,376.0,0.5006657789613849,12.28251838684082
x-ai/grok-4.1-fast,dictator,8,2596,1,I share 1298 dollars,1298.0,0.5,6.078043460845947
x-ai/grok-4.1-fast,dictator,8,2596,2,I share 1300 dollars,1300.0,0.5007704160246533,10.762825012207031
x-ai/grok-4.1-fast,dictator,8,2596,3,I share 1298 dollars,1298.0,0.5,9.467905044555664
x-ai/grok-4.1-fast,dictator,8,1717,1,I share 858 dollars,858.0,0.4997087944088526,12.419697284698486
x-ai/grok-4.1-fast,dictator,8,1717,2,I share 858 dollars,858.0,0.4997087944088526,9.689857006072998
x-ai/grok-4.1-fast,dictator,8,1717,3,I share 800 dollars,800.0,0.46592894583576,10.232314109802246
x-ai/grok-4.1-fast,dictator,8,3926,1,I share 1963 dollars,1963.0,0.5,8.305530309677124
x-ai/grok-4.1-fast,dictator,8,3926,2,I share 2000 dollars,2000.0,0.5094243504839532,12.813708066940308
x-ai/grok-4.1-fast,dictator,8,3926,3,I share 1500 dollars,1500.0,0.3820682628629648,5.194265842437744
x-ai/grok-4.1-fast,dictator,8,5938,1,I share 2969 dollars,2969.0,0.5,5.670739650726318
x-ai/grok-4.1-fast,dictator,8,5938,2,I share 2969 dollars,2969.0,0.5,8.617737293243408
x-ai/grok-4.1-fast,dictator,8,5938,3,I share 2969 dollars,2969.0,0.5,22.972667455673218
x-ai/grok-4.1-fast,dictator,8,13578,1,I share 6789 dollars,6789.0,0.5,7.201888561248779
x-ai/grok-4.1-fast,dictator,8,13578,2,I share 6789 dollars,6789.0,0.5,17.039429426193237
x-ai/grok-4.1-fast,dictator,8,13578,3,I share 5000 dollars,5000.0,0.3682427456179113,11.754390478134155
x-ai/grok-4.1-fast,dictator,8,8979,1,I share 4000 dollars,4000.0,0.4454839068938634,9.58232808113098
x-ai/grok-4.1-fast,dictator,8,8979,2,I share 4500 dollars,4500.0,0.5011693952555963,16.802292108535767
x-ai/grok-4.1-fast,dictator,8,8979,3,I share 4490 dollars,4490.0,0.5000556854883618,10.020277976989746
x-ai/grok-4.1-fast,dictator,8,46962,1,I share 23481 dollars,23481.0,0.5,13.715139627456663
x-ai/grok-4.1-fast,dictator,8,46962,2,I share 23481 dollars,23481.0,0.5,9.27712869644165
x-ai/grok-4.1-fast,dictator,8,46962,3,I share 23481 dollars,23481.0,0.5,14.52882170677185
x-ai/grok-4.1-fast,dictator,8,31054,1,I share 15527 dollars,15527.0,0.5,13.555546522140505
x-ai/grok-4.1-fast,dictator,8,31054,2,I share 15527 dollars,15527.0,0.5,12.634153604507446
x-ai/grok-4.1-fast,dictator,8,31054,3,I share 15527 dollars,15527.0,0.5,16.54102349281311
x-ai/grok-4.1-fast,dictator,8,20531,1,I share 10000 dollars,10000.0,0.4870683356874969,19.963648557662964
x-ai/grok-4.1-fast,dictator,8,20531,2,I share 10000 dollars,10000.0,0.4870683356874969,14.033421993255615
x-ai/grok-4.1-fast,dictator,8,20531,3,I share 10265 dollars,10265.0,0.4999756465832156,13.005816221237184
x-ai/grok-4.1-fast,dictator,8,71000,1,I share 35500 dollars,35500.0,0.5,15.131729125976562
x-ai/grok-4.1-fast,dictator,8,71000,2,I share 30000 dollars,30000.0,0.4225352112676056,7.896721363067627
x-ai/grok-4.1-fast,dictator,8,71000,3,I share 25000 dollars,25000.0,0.352112676056338,4.5222697257995605
x-ai/grok-4.1-fast,dictator,10,1,1,I share 0.50 dollars,0.5,0.5,4.63615083694458
x-ai/grok-4.1-fast,dictator,10,1,2,I share 0.5 dollars,0.5,0.5,8.68840742111206
x-ai/grok-4.1-fast,dictator,10,1,3,I share 0.50 dollars,0.5,0.5,4.581865549087524
x-ai/grok-4.1-fast,dictator,8,162379,1,I share 81189 dollars,81189.0,0.4999969207840915,16.59521222114563
x-ai/grok-4.1-fast,dictator,8,162379,2,I share 81190 dollars,81190.0,0.5000030792159085,10.521825075149536
x-ai/grok-4.1-fast,dictator,8,162379,3,I share 81200 dollars,81200.0,0.5000646635340776,10.436986207962036
x-ai/grok-4.1-fast,dictator,8,107392,1,I share 53696 dollars,53696.0,0.5,22.382444620132446
x-ai/grok-4.1-fast,dictator,8,107392,2,I share 50000 dollars,50000.0,0.4655840286054827,8.406613111495972
x-ai/grok-4.1-fast,dictator,8,107392,3,I share 50000 dollars,50000.0,0.4655840286054827,10.322803974151611
x-ai/grok-4.1-fast,dictator,8,250000,1,I share 125000 dollars,125000.0,0.5,9.284935235977173
x-ai/grok-4.1-fast,dictator,8,250000,2,I share 100000 dollars,100000.0,0.4,4.856880187988281
x-ai/grok-4.1-fast,dictator,8,250000,3,I share 75000 dollars,75000.0,0.3,13.974828243255615
x-ai/grok-4.1-fast,dictator,10,2,1,I share 1 dollars,1.0,0.5,7.990900754928589
x-ai/grok-4.1-fast,dictator,10,2,2,I share 1 dollars,1.0,0.5,10.073107719421388
x-ai/grok-4.1-fast,dictator,10,2,3,I share 1 dollars,1.0,0.5,5.262603998184204
x-ai/grok-4.1-fast,dictator,10,3,1,I share 1.5 dollars,1.5,0.5,8.963003873825073
x-ai/grok-4.1-fast,dictator,10,3,2,I share 1.50 dollars,1.5,0.5,4.055234432220459
x-ai/grok-4.1-fast,dictator,10,3,3,I share 1.50 dollars,1.5,0.5,8.010258436203003
x-ai/grok-4.1-fast,dictator,10,5,1,I share 2 dollars,2.0,0.4,7.140965223312378
x-ai/grok-4.1-fast,dictator,10,5,2,I share 2.5 dollars,2.5,0.5,7.54144287109375
x-ai/grok-4.1-fast,dictator,10,5,3,I share 2.50 dollars,2.5,0.5,5.149264097213745
x-ai/grok-4.1-fast,dictator,10,12,1,I share 6 dollars,6.0,0.5,5.256635904312134
x-ai/grok-4.1-fast,dictator,10,12,2,I share 6 dollars,6.0,0.5,4.882859468460083
x-ai/grok-4.1-fast,dictator,10,12,3,I share 6 dollars,6.0,0.5,5.738572120666504
x-ai/grok-4.1-fast,dictator,10,8,1,I share 4 dollars,4.0,0.5,7.828134536743164
x-ai/grok-4.1-fast,dictator,10,8,2,I share 4 dollars,4.0,0.5,4.739311933517456
x-ai/grok-4.1-fast,dictator,10,8,3,I share 4 dollars,4.0,0.5,7.054661273956299
x-ai/grok-4.1-fast,dictator,10,10,1,I share 5 dollars,5.0,0.5,4.16312837600708
x-ai/grok-4.1-fast,dictator,10,10,2,I share 5 dollars,5.0,0.5,5.352256774902344
x-ai/grok-4.1-fast,dictator,10,10,3,I share 5 dollars,5.0,0.5,8.331755638122559
x-ai/grok-4.1-fast,dictator,10,18,1,I share 9 dollars.,9.0,0.5,9.577935457229614
x-ai/grok-4.1-fast,dictator,10,18,2,I share 9 dollars,9.0,0.5,7.266616582870483
x-ai/grok-4.1-fast,dictator,10,18,3,I share 9 dollars,9.0,0.5,11.040534973144531
x-ai/grok-4.1-fast,dictator,10,41,1,I share 20 dollars,20.0,0.4878048780487805,4.671285629272461
x-ai/grok-4.1-fast,dictator,10,41,2,I share 20 dollars,20.0,0.4878048780487805,11.296762943267822
x-ai/grok-4.1-fast,dictator,10,41,3,I share 20 dollars,20.0,0.4878048780487805,5.925095796585083
x-ai/grok-4.1-fast,dictator,10,144,1,I share 72 dollars,72.0,0.5,10.919315576553345
x-ai/grok-4.1-fast,dictator,10,144,2,I share 72 dollars,72.0,0.5,5.705912113189697
x-ai/grok-4.1-fast,dictator,10,144,3,I share 72 dollars,72.0,0.5,5.055222034454346
x-ai/grok-4.1-fast,dictator,10,27,1,I share 14 dollars,14.0,0.5185185185185185,11.133464336395264
x-ai/grok-4.1-fast,dictator,10,27,2,I share 13 dollars,13.0,0.4814814814814814,12.572617530822754
x-ai/grok-4.1-fast,dictator,10,27,3,I share 13 dollars,13.0,0.4814814814814814,10.92194366455078
x-ai/grok-4.1-fast,dictator,10,217,1,I share 108 dollars,108.0,0.4976958525345622,7.0009753704071045
x-ai/grok-4.1-fast,dictator,10,217,2,I share 100 dollars,100.0,0.4608294930875576,6.5489537715911865
x-ai/grok-4.1-fast,dictator,10,217,3,I share 100 dollars,100.0,0.4608294930875576,6.757165193557739
x-ai/grok-4.1-fast,dictator,10,63,1,I share 31 dollars,31.0,0.492063492063492,14.643326997756958
x-ai/grok-4.1-fast,dictator,10,63,2,I share 31 dollars,31.0,0.492063492063492,10.630726099014282
x-ai/grok-4.1-fast,dictator,10,63,3,I share 31 dollars,31.0,0.492063492063492,8.798513412475586
x-ai/grok-4.1-fast,dictator,10,95,1,I share 40 dollars,40.0,0.4210526315789473,14.973904848098757
x-ai/grok-4.1-fast,dictator,10,95,2,I share 47 dollars,47.0,0.4947368421052631,11.55278754234314
x-ai/grok-4.1-fast,dictator,10,95,3,I share 47 dollars,47.0,0.4947368421052631,7.495182514190674
x-ai/grok-4.1-fast,dictator,10,328,1,I share 164 dollars,164.0,0.5,6.234155654907227
x-ai/grok-4.1-fast,dictator,10,328,2,I share 164 dollars,164.0,0.5,7.942692041397095
x-ai/grok-4.1-fast,dictator,10,328,3,I share 164 dollars,164.0,0.5,8.341923952102661
x-ai/grok-4.1-fast,dictator,10,496,1,I share 248 dollars,248.0,0.5,15.952888488769531
x-ai/grok-4.1-fast,dictator,10,496,2,I share 248 dollars,248.0,0.5,5.754309177398682
x-ai/grok-4.1-fast,dictator,10,496,3,I share 248 dollars,248.0,0.5,12.825031042099
x-ai/grok-4.1-fast,dictator,10,1717,1,I share 600 dollars,600.0,0.34944670937682,8.440240144729614
x-ai/grok-4.1-fast,dictator,10,1717,2,I share 858 dollars,858.0,0.4997087944088526,8.363701343536377
x-ai/grok-4.1-fast,dictator,10,1717,3,I share 858 dollars,858.0,0.4997087944088526,9.455735206604004
x-ai/grok-4.1-fast,dictator,10,751,1,I share 375 dollars,375.0,0.4993342210386152,7.972199440002441
x-ai/grok-4.1-fast,dictator,10,751,2,I share 375 dollars,375.0,0.4993342210386152,8.256544589996338
x-ai/grok-4.1-fast,dictator,10,751,3,I share 375 dollars,375.0,0.4993342210386152,18.54608678817749
x-ai/grok-4.1-fast,dictator,10,2596,1,I share 1298 dollars,1298.0,0.5,6.435246229171753
x-ai/grok-4.1-fast,dictator,10,2596,2,I share 1298 dollars,1298.0,0.5,5.405615329742432
x-ai/grok-4.1-fast,dictator,10,2596,3,I share 1000 dollars,1000.0,0.3852080123266564,15.378978967666626
x-ai/grok-4.1-fast,dictator,10,1135,1,I share 567 dollars,567.0,0.4995594713656388,8.477260112762451
x-ai/grok-4.1-fast,dictator,10,1135,2,I share 567 dollars,567.0,0.4995594713656388,12.614017248153688
x-ai/grok-4.1-fast,dictator,10,1135,3,I share 567 dollars,567.0,0.4995594713656388,10.667227983474731
x-ai/grok-4.1-fast,dictator,10,3926,1,I share 1963 dollars,1963.0,0.5,5.894563674926758
x-ai/grok-4.1-fast,dictator,10,3926,2,I share 1963 dollars,1963.0,0.5,12.542290449142456
x-ai/grok-4.1-fast,dictator,10,3926,3,I share 1963 dollars,1963.0,0.5,10.534076929092407
x-ai/grok-4.1-fast,dictator,10,5938,1,I share 2969 dollars,2969.0,0.5,5.0656256675720215
x-ai/grok-4.1-fast,dictator,10,5938,2,I share 2000 dollars,2000.0,0.3368137420006736,5.5122551918029785
x-ai/grok-4.1-fast,dictator,10,5938,3,I share 2969 dollars,2969.0,0.5,10.67259645462036
x-ai/grok-4.1-fast,dictator,10,8979,1,I share 4500 dollars,4500.0,0.5011693952555963,11.195266723632812
x-ai/grok-4.1-fast,dictator,10,8979,2,I share 4000 dollars,4000.0,0.4454839068938634,10.143405437469482
x-ai/grok-4.1-fast,dictator,10,8979,3,I share 2500 dollars,2500.0,0.2784274418086647,9.43740725517273
x-ai/grok-4.1-fast,dictator,10,20531,1,I share 5000 dollars,5000.0,0.2435341678437484,9.884058713912964
x-ai/grok-4.1-fast,dictator,10,20531,2,I share 10265 dollars,10265.0,0.4999756465832156,9.976567268371582
x-ai/grok-4.1-fast,dictator,10,20531,3,I share 10000 dollars,10000.0,0.4870683356874969,9.955325603485107
x-ai/grok-4.1-fast,dictator,10,13578,1,I share 6789 dollars,6789.0,0.5,9.323562860488892
x-ai/grok-4.1-fast,dictator,10,13578,2,I share 6789 dollars,6789.0,0.5,10.756786823272703
x-ai/grok-4.1-fast,dictator,10,13578,3,I share 5000 dollars,5000.0,0.3682427456179113,11.077898740768433
x-ai/grok-4.1-fast,dictator,10,46962,1,"I share 23,481 dollars",23481.0,0.5,11.64414381980896
x-ai/grok-4.1-fast,dictator,10,46962,2,I share 23481 dollars,23481.0,0.5,15.15690016746521
x-ai/grok-4.1-fast,dictator,10,46962,3,I share 23481 dollars,23481.0,0.5,9.055684804916382
x-ai/grok-4.1-fast,dictator,10,31054,1,I share 15527 dollars,15527.0,0.5,16.663081645965576
x-ai/grok-4.1-fast,dictator,10,31054,2,"I share 15,527 dollars",15527.0,0.5,8.437661409378052
x-ai/grok-4.1-fast,dictator,10,31054,3,I share 15527 dollars,15527.0,0.5,17.487990617752075
x-ai/grok-4.1-fast,dictator,10,71000,1,I share 35500 dollars,35500.0,0.5,11.369637966156006
x-ai/grok-4.1-fast,dictator,10,71000,2,I share 20000 dollars,20000.0,0.2816901408450704,14.698400497436523
x-ai/grok-4.1-fast,dictator,10,71000,3,I share 35500 dollars,35500.0,0.5,10.408776998519896
x-ai/grok-4.1-fast,dictator,10,250000,1,I share 100000 dollars,100000.0,0.4,11.50468611717224
x-ai/grok-4.1-fast,dictator,10,250000,2,I share 50000 dollars,50000.0,0.2,9.07398772239685
x-ai/grok-4.1-fast,dictator,10,250000,3,I share 75000 dollars,75000.0,0.3,13.132317543029783
x-ai/grok-4.1-fast,dictator,10,162379,1,I share 81190 dollars,81190.0,0.5000030792159085,14.449677467346191
x-ai/grok-4.1-fast,dictator,10,162379,2,I share 81190 dollars,81190.0,0.5000030792159085,11.25781536102295
x-ai/grok-4.1-fast,dictator,10,162379,3,I share 81189 dollars,81189.0,0.4999969207840915,11.18467664718628
x-ai/grok-4.1-fast,dictator,12,2,1,I share 1 dollars,1.0,0.5,5.692321062088013
x-ai/grok-4.1-fast,dictator,12,2,2,I share 1 dollars,1.0,0.5,11.467462539672852
x-ai/grok-4.1-fast,dictator,12,2,3,I share 1 dollars,1.0,0.5,5.274547815322876
x-ai/grok-4.1-fast,dictator,12,1,1,I share 0.50 dollars,0.5,0.5,8.470944166183472
x-ai/grok-4.1-fast,dictator,12,1,2,I share 0.50 dollars,0.5,0.5,11.177385330200195
x-ai/grok-4.1-fast,dictator,12,1,3,I share 0.50 dollars,0.5,0.5,5.883275747299194
x-ai/grok-4.1-fast,dictator,10,107392,1,I share 30000 dollars,30000.0,0.2793504171632896,19.06213521957397
x-ai/grok-4.1-fast,dictator,10,107392,2,I share 53696 dollars,53696.0,0.5,18.006617069244385
x-ai/grok-4.1-fast,dictator,10,107392,3,I share 53696 dollars,53696.0,0.5,11.762694358825684
x-ai/grok-4.1-fast,dictator,12,3,1,I share 1 dollars,1.0,0.3333333333333333,10.392181396484377
x-ai/grok-4.1-fast,dictator,12,3,2,I share 2 dollars,2.0,0.6666666666666666,8.855016946792603
x-ai/grok-4.1-fast,dictator,12,3,3,I share 1 dollars,1.0,0.3333333333333333,8.863070964813232
x-ai/grok-4.1-fast,dictator,12,12,1,I share 6 dollars,6.0,0.5,5.728345632553101
x-ai/grok-4.1-fast,dictator,12,12,2,I share 6 dollars,6.0,0.5,5.143358945846558
x-ai/grok-4.1-fast,dictator,12,12,3,I share 6 dollars,6.0,0.5,9.472629308700562
x-ai/grok-4.1-fast,dictator,12,5,1,I share 2.50 dollars,2.5,0.5,4.361252069473267
x-ai/grok-4.1-fast,dictator,12,5,2,I share 3 dollars,3.0,0.6,8.220951080322266
x-ai/grok-4.1-fast,dictator,12,5,3,I share 2.5 dollars,2.5,0.5,14.585287094116213
x-ai/grok-4.1-fast,dictator,12,10,1,I share 4 dollars,4.0,0.4,8.02494764328003
x-ai/grok-4.1-fast,dictator,12,10,2,I share 3 dollars,3.0,0.3,16.77646279335022
x-ai/grok-4.1-fast,dictator,12,10,3,I share 5 dollars,5.0,0.5,8.88880729675293
x-ai/grok-4.1-fast,dictator,12,8,1,I share 4 dollars,4.0,0.5,11.31720805168152
x-ai/grok-4.1-fast,dictator,12,8,2,I share 4 dollars,4.0,0.5,12.961421012878418
x-ai/grok-4.1-fast,dictator,12,8,3,I share 4 dollars,4.0,0.5,12.610460996627808
x-ai/grok-4.1-fast,dictator,12,18,1,I share 9 dollars,9.0,0.5,12.972980260849
x-ai/grok-4.1-fast,dictator,12,18,2,I share 9 dollars,9.0,0.5,10.797414302825928
x-ai/grok-4.1-fast,dictator,12,18,3,I share 9 dollars,9.0,0.5,7.41305947303772
x-ai/grok-4.1-fast,dictator,12,27,1,I share 12 dollars,12.0,0.4444444444444444,10.234069585800173
x-ai/grok-4.1-fast,dictator,12,27,2,I share 13 dollars,13.0,0.4814814814814814,10.845747947692873
x-ai/grok-4.1-fast,dictator,12,27,3,I share 12 dollars,12.0,0.4444444444444444,10.083606243133543
x-ai/grok-4.1-fast,dictator,12,41,1,I share 20 dollars,20.0,0.4878048780487805,11.453840732574465
x-ai/grok-4.1-fast,dictator,12,41,2,I share 20 dollars,20.0,0.4878048780487805,8.626846075057983
x-ai/grok-4.1-fast,dictator,12,41,3,I share 20 dollars,20.0,0.4878048780487805,10.080535888671877
x-ai/grok-4.1-fast,dictator,12,63,1,I share 31 dollars,31.0,0.492063492063492,12.388825178146362
x-ai/grok-4.1-fast,dictator,12,63,2,I share 31 dollars,31.0,0.492063492063492,8.587408304214478
x-ai/grok-4.1-fast,dictator,12,63,3,I share 31 dollars,31.0,0.492063492063492,9.509888172149658
x-ai/grok-4.1-fast,dictator,12,144,1,I share 72 dollars,72.0,0.5,7.24712610244751
x-ai/grok-4.1-fast,dictator,12,144,2,I share 72 dollars,72.0,0.5,8.977344274520874
x-ai/grok-4.1-fast,dictator,12,144,3,I share 72 dollars,72.0,0.5,6.3738853931427
x-ai/grok-4.1-fast,dictator,12,95,1,I share 45 dollars,45.0,0.4736842105263157,7.949380159378052
x-ai/grok-4.1-fast,dictator,12,95,2,I share 40 dollars,40.0,0.4210526315789473,15.449184894561768
x-ai/grok-4.1-fast,dictator,12,95,3,I share 47 dollars,47.0,0.4947368421052631,8.271563529968262
x-ai/grok-4.1-fast,dictator,12,328,1,I share 164 dollars,164.0,0.5,7.961537837982178
x-ai/grok-4.1-fast,dictator,12,328,2,I share 150 dollars,150.0,0.4573170731707317,5.650435209274292
x-ai/grok-4.1-fast,dictator,12,328,3,I share 164 dollars,164.0,0.5,11.643928289413452
x-ai/grok-4.1-fast,dictator,12,217,1,I share 75 dollars,75.0,0.3456221198156682,10.565253734588625
x-ai/grok-4.1-fast,dictator,12,217,2,I share 100 dollars,100.0,0.4608294930875576,8.437397480010986
x-ai/grok-4.1-fast,dictator,12,217,3,I share 108 dollars,108.0,0.4976958525345622,11.274093627929688
x-ai/grok-4.1-fast,dictator,12,496,1,I share 248 dollars,248.0,0.5,5.155167579650879
x-ai/grok-4.1-fast,dictator,12,496,2,I share 248 dollars,248.0,0.5,8.473359107971191
x-ai/grok-4.1-fast,dictator,12,496,3,I share 200 dollars,200.0,0.4032258064516129,11.1823468208313
x-ai/grok-4.1-fast,dictator,12,751,1,I share 375 dollars,375.0,0.4993342210386152,7.729853391647339
x-ai/grok-4.1-fast,dictator,12,751,2,I share 375 dollars,375.0,0.4993342210386152,11.35336709022522
x-ai/grok-4.1-fast,dictator,12,751,3,I share 375 dollars,375.0,0.4993342210386152,20.16822195053101
x-ai/grok-4.1-fast,dictator,12,1135,1,I share 567 dollars,567.0,0.4995594713656388,10.267666816711426
x-ai/grok-4.1-fast,dictator,12,1135,2,I share 567 dollars,567.0,0.4995594713656388,8.691320180892944
x-ai/grok-4.1-fast,dictator,12,1135,3,I share 567 dollars,567.0,0.4995594713656388,15.979663848876951
x-ai/grok-4.1-fast,dictator,12,3926,1,I share 1000 dollars,1000.0,0.2547121752419766,6.397839784622192
x-ai/grok-4.1-fast,dictator,12,3926,2,I share 1963 dollars,1963.0,0.5,14.745232820510864
x-ai/grok-4.1-fast,dictator,12,3926,3,I share 1963 dollars,1963.0,0.5,7.138598918914795
x-ai/grok-4.1-fast,dictator,12,2596,1,I share 1298 dollars,1298.0,0.5,7.403477430343628
x-ai/grok-4.1-fast,dictator,12,2596,2,I share 1000 dollars,1000.0,0.3852080123266564,16.129685163497925
x-ai/grok-4.1-fast,dictator,12,2596,3,I share 1298 dollars,1298.0,0.5,13.20698308944702
x-ai/grok-4.1-fast,dictator,12,5938,1,I share 2969 dollars,2969.0,0.5,17.896710872650146
x-ai/grok-4.1-fast,dictator,12,5938,2,I share 2000 dollars,2000.0,0.3368137420006736,11.24517583847046
x-ai/grok-4.1-fast,dictator,12,5938,3,I share 2969 dollars,2969.0,0.5,6.32893967628479
x-ai/grok-4.1-fast,dictator,12,1717,1,I share 858 dollars,858.0,0.4997087944088526,11.688125848770142
x-ai/grok-4.1-fast,dictator,12,1717,2,I share 858 dollars,858.0,0.4997087944088526,16.671645164489746
x-ai/grok-4.1-fast,dictator,12,1717,3,I share 700 dollars,700.0,0.40768782760629,20.05334997177124
x-ai/grok-4.1-fast,dictator,12,13578,1,I share 6789 dollars,6789.0,0.5,9.836225271224976
x-ai/grok-4.1-fast,dictator,12,13578,2,I share 6789 dollars,6789.0,0.5,6.723870515823364
x-ai/grok-4.1-fast,dictator,12,13578,3,I share 6789 dollars,6789.0,0.5,13.033790349960327
x-ai/grok-4.1-fast,dictator,12,8979,1,I share 3000 dollars,3000.0,0.3341129301703976,12.202508211135864
x-ai/grok-4.1-fast,dictator,12,8979,2,I share 4489 dollars,4489.0,0.4999443145116383,11.29465389251709
x-ai/grok-4.1-fast,dictator,12,8979,3,I share 4000 dollars,4000.0,0.4454839068938634,9.921090126037598
x-ai/grok-4.1-fast,dictator,12,31054,1,I share 15527 dollars,15527.0,0.5,10.568009853363035
x-ai/grok-4.1-fast,dictator,12,31054,2,I share 15527 dollars,15527.0,0.5,6.82711386680603
x-ai/grok-4.1-fast,dictator,12,31054,3,I share 10000 dollars,10000.0,0.3220197076061055,12.045586824417114
x-ai/grok-4.1-fast,dictator,12,46962,1,I share 23481 dollars,23481.0,0.5,5.465327978134155
x-ai/grok-4.1-fast,dictator,12,46962,2,I share 23481 dollars,23481.0,0.5,10.236544847488403
x-ai/grok-4.1-fast,dictator,12,46962,3,I share 12000 dollars,12000.0,0.25552574421873,8.916367530822754
x-ai/grok-4.1-fast,dictator,12,20531,1,I share 10000 dollars,10000.0,0.4870683356874969,16.374647855758667
x-ai/grok-4.1-fast,dictator,12,20531,2,I share 10265 dollars,10265.0,0.4999756465832156,11.588510513305664
x-ai/grok-4.1-fast,dictator,12,20531,3,I share 10265 dollars,10265.0,0.4999756465832156,10.49834656715393
x-ai/grok-4.1-fast,dictator,12,71000,1,I share 35000 dollars,35000.0,0.4929577464788732,11.884841442108154
x-ai/grok-4.1-fast,dictator,12,71000,2,I share 25000 dollars,25000.0,0.352112676056338,14.208365440368652
x-ai/grok-4.1-fast,dictator,12,71000,3,I share 30000 dollars,30000.0,0.4225352112676056,8.420316934585571
x-ai/grok-4.1-fast,dictator,12,107392,1,I share 25000 dollars,25000.0,0.2327920143027413,10.074941396713257
x-ai/grok-4.1-fast,dictator,12,107392,2,I share 53696 dollars,53696.0,0.5,9.875798463821411
x-ai/grok-4.1-fast,dictator,12,107392,3,I share 53696 dollars,53696.0,0.5,17.653424978256226
x-ai/grok-4.1-fast,dictator,14,2,1,I share 1 dollars,1.0,0.5,7.710406303405762
x-ai/grok-4.1-fast,dictator,14,2,2,I share 1 dollars,1.0,0.5,11.550410747528076
x-ai/grok-4.1-fast,dictator,14,2,3,I share 1 dollars,1.0,0.5,8.610271692276001
x-ai/grok-4.1-fast,dictator,14,1,1,I share 0.50 dollars,0.5,0.5,9.83463215827942
x-ai/grok-4.1-fast,dictator,14,1,2,I share 0.50 dollars,0.5,0.5,11.363130807876589
x-ai/grok-4.1-fast,dictator,14,1,3,I share 0.50 dollars,0.5,0.5,8.686811685562134
x-ai/grok-4.1-fast,dictator,12,250000,1,I share 100000 dollars,100000.0,0.4,9.678128004074097
x-ai/grok-4.1-fast,dictator,12,250000,2,I share 50000 dollars,50000.0,0.2,14.906352996826172
x-ai/grok-4.1-fast,dictator,12,250000,3,I share 100000 dollars,100000.0,0.4,7.126452922821045
x-ai/grok-4.1-fast,dictator,12,162379,1,I share 50000 dollars,50000.0,0.3079215908461069,16.016167640686035
x-ai/grok-4.1-fast,dictator,12,162379,2,I share 40000 dollars,40000.0,0.2463372726768855,13.037771463394163
x-ai/grok-4.1-fast,dictator,12,162379,3,I share 50000 dollars,50000.0,0.3079215908461069,14.306736707687378
x-ai/grok-4.1-fast,dictator,14,10,1,I share 4 dollars,4.0,0.4,5.727649211883545
x-ai/grok-4.1-fast,dictator,14,10,2,I share 5 dollars,5.0,0.5,23.894437789916992
x-ai/grok-4.1-fast,dictator,14,10,3,I share 5 dollars,5.0,0.5,7.573006391525267
x-ai/grok-4.1-fast,dictator,14,5,1,I share 2 dollars,2.0,0.4,5.593936443328857
x-ai/grok-4.1-fast,dictator,14,5,2,I share 2 dollars,2.0,0.4,5.824923038482666
x-ai/grok-4.1-fast,dictator,14,5,3,I share 2 dollars,2.0,0.4,32.737571477890015
x-ai/grok-4.1-fast,dictator,14,3,1,I share 1 dollars,1.0,0.3333333333333333,10.11196255683899
x-ai/grok-4.1-fast,dictator,14,3,2,I share 2 dollars,2.0,0.6666666666666666,7.312672138214111
x-ai/grok-4.1-fast,dictator,14,3,3,I share 1 dollars,1.0,0.3333333333333333,31.921167373657227
x-ai/grok-4.1-fast,dictator,14,8,1,I share 4 dollars,4.0,0.5,4.721566677093506
x-ai/grok-4.1-fast,dictator,14,8,2,I share 4 dollars,4.0,0.5,24.21416163444519
x-ai/grok-4.1-fast,dictator,14,8,3,I share 4 dollars,4.0,0.5,10.166197299957275
x-ai/grok-4.1-fast,dictator,14,12,1,I share 6 dollars,6.0,0.5,27.17466688156128
x-ai/grok-4.1-fast,dictator,14,12,2,I share 6 dollars,6.0,0.5,9.429742097854614
x-ai/grok-4.1-fast,dictator,14,12,3,I share 4 dollars,4.0,0.3333333333333333,6.988642454147339
x-ai/grok-4.1-fast,dictator,14,18,1,I share 9 dollars,9.0,0.5,28.118448972702023
x-ai/grok-4.1-fast,dictator,14,18,2,I share 9 dollars,9.0,0.5,10.215551614761353
x-ai/grok-4.1-fast,dictator,14,18,3,I share 9 dollars,9.0,0.5,20.808584690094
x-ai/grok-4.1-fast,dictator,14,63,1,I share 31 dollars,31.0,0.492063492063492,7.995497941970825
x-ai/grok-4.1-fast,dictator,14,63,2,I share 30 dollars,30.0,0.4761904761904761,17.649896383285522
x-ai/grok-4.1-fast,dictator,14,63,3,I share 31 dollars,31.0,0.492063492063492,8.324623346328735
x-ai/grok-4.1-fast,dictator,14,27,1,I share 14 dollars,14.0,0.5185185185185185,9.017244577407835
x-ai/grok-4.1-fast,dictator,14,27,2,I share 14 dollars,14.0,0.5185185185185185,14.72931742668152
x-ai/grok-4.1-fast,dictator,14,27,3,I share 13 dollars,13.0,0.4814814814814814,12.52147912979126
x-ai/grok-4.1-fast,dictator,14,41,1,I share 20 dollars,20.0,0.4878048780487805,10.257965564727783
x-ai/grok-4.1-fast,dictator,14,41,2,I share 20 dollars,20.0,0.4878048780487805,15.211314916610718
x-ai/grok-4.1-fast,dictator,14,41,3,I share 20 dollars,20.0,0.4878048780487805,10.783571004867554
x-ai/grok-4.1-fast,dictator,14,95,1,I share 40 dollars,40.0,0.4210526315789473,12.042134046554564
x-ai/grok-4.1-fast,dictator,14,95,2,I share 40 dollars,40.0,0.4210526315789473,13.23133897781372
x-ai/grok-4.1-fast,dictator,14,95,3,I share 40 dollars,40.0,0.4210526315789473,16.03455352783203
x-ai/grok-4.1-fast,dictator,14,144,1,I share 72 dollars,72.0,0.5,24.77433967590332
x-ai/grok-4.1-fast,dictator,14,144,2,I share 72 dollars,72.0,0.5,10.641993045806885
x-ai/grok-4.1-fast,dictator,14,144,3,I share 72 dollars,72.0,0.5,13.029191970825195
x-ai/grok-4.1-fast,dictator,14,217,1,I share 100 dollars,100.0,0.4608294930875576,12.728383541107178
x-ai/grok-4.1-fast,dictator,14,217,2,I share 100 dollars,100.0,0.4608294930875576,12.791020154953005
x-ai/grok-4.1-fast,dictator,14,217,3,I share 100 dollars,100.0,0.4608294930875576,26.431629419326782
x-ai/grok-4.1-fast,dictator,14,496,1,I share 248 dollars,248.0,0.5,7.05345630645752
x-ai/grok-4.1-fast,dictator,14,496,2,I share 248 dollars,248.0,0.5,9.393811464309692
x-ai/grok-4.1-fast,dictator,14,496,3,I share 248 dollars,248.0,0.5,24.1023952960968
x-ai/grok-4.1-fast,dictator,14,328,1,I share 120 dollars,120.0,0.3658536585365853,9.418744087219238
x-ai/grok-4.1-fast,dictator,14,328,2,I share 164 dollars,164.0,0.5,12.0589599609375
x-ai/grok-4.1-fast,dictator,14,328,3,I share 150 dollars,150.0,0.4573170731707317,25.680756092071533
x-ai/grok-4.1-fast,dictator,14,751,1,I share 300 dollars,300.0,0.3994673768308921,7.617254495620727
x-ai/grok-4.1-fast,dictator,14,751,2,I share 375 dollars,375.0,0.4993342210386152,10.395895957946776
x-ai/grok-4.1-fast,dictator,14,751,3,I share 300 dollars,300.0,0.3994673768308921,28.13996696472168
x-ai/grok-4.1-fast,dictator,14,1135,1,I share 500 dollars,500.0,0.4405286343612334,13.645264863967896
x-ai/grok-4.1-fast,dictator,14,1135,2,I share 400 dollars,400.0,0.3524229074889868,26.84348750114441
x-ai/grok-4.1-fast,dictator,14,1135,3,I share 567 dollars,567.0,0.4995594713656388,13.710383892059326
x-ai/grok-4.1-fast,dictator,14,2596,1,I share 1000 dollars,1000.0,0.3852080123266564,13.313015937805176
x-ai/grok-4.1-fast,dictator,14,2596,2,I share 1000 dollars,1000.0,0.3852080123266564,8.880315065383911
x-ai/grok-4.1-fast,dictator,14,2596,3,I share 1298 dollars,1298.0,0.5,10.90000319480896
x-ai/grok-4.1-fast,dictator,14,5938,1,I share 2969 dollars,2969.0,0.5,15.051726818084717
x-ai/grok-4.1-fast,dictator,14,5938,2,I share 2000 dollars,2000.0,0.3368137420006736,11.968738794326782
x-ai/grok-4.1-fast,dictator,14,5938,3,I share 2969 dollars,2969.0,0.5,23.27289891242981
x-ai/grok-4.1-fast,dictator,14,3926,1,I share 1963 dollars,1963.0,0.5,21.07837677001953
x-ai/grok-4.1-fast,dictator,14,3926,2,I share 1963 dollars,1963.0,0.5,11.903899431228638
x-ai/grok-4.1-fast,dictator,14,3926,3,I share 1000 dollars,1000.0,0.2547121752419766,23.168179273605347
x-ai/grok-4.1-fast,dictator,14,8979,1,I share 3000 dollars,3000.0,0.3341129301703976,15.004409551620483
x-ai/grok-4.1-fast,dictator,14,8979,2,I share 4000 dollars,4000.0,0.4454839068938634,16.426321029663086
x-ai/grok-4.1-fast,dictator,14,8979,3,I share 3500 dollars,3500.0,0.3897984185321305,19.79951930046081
x-ai/grok-4.1-fast,dictator,14,1717,1,I share 858 dollars,858.0,0.4997087944088526,35.27327799797058
x-ai/grok-4.1-fast,dictator,14,1717,2,I share 700 dollars,700.0,0.40768782760629,15.799743175506592
x-ai/grok-4.1-fast,dictator,14,1717,3,I share 800 dollars,800.0,0.46592894583576,26.62906646728516
x-ai/grok-4.1-fast,dictator,14,13578,1,I share 5000 dollars,5000.0,0.3682427456179113,14.83104968070984
x-ai/grok-4.1-fast,dictator,14,13578,2,I share 6789 dollars,6789.0,0.5,18.203203678131104
x-ai/grok-4.1-fast,dictator,14,13578,3,I share 6789 dollars,6789.0,0.5,12.703275918960571
x-ai/grok-4.1-fast,dictator,14,20531,1,I share 10266 dollars,10266.0,0.5000243534167844,23.760615587234497
x-ai/grok-4.1-fast,dictator,14,20531,2,I share 10265 dollars,10265.0,0.4999756465832156,11.313966751098633
x-ai/grok-4.1-fast,dictator,14,20531,3,I share 5000 dollars,5000.0,0.2435341678437484,18.74724197387696
x-ai/grok-4.1-fast,dictator,14,46962,1,I share 20000 dollars,20000.0,0.4258762403645501,14.763463020324709
x-ai/grok-4.1-fast,dictator,14,46962,2,I share 23481 dollars,23481.0,0.5,15.670541763305664
x-ai/grok-4.1-fast,dictator,14,46962,3,I share 10000 dollars,10000.0,0.212938120182275,8.64645767211914
x-ai/grok-4.1-fast,dictator,14,71000,1,I share 21000 dollars,21000.0,0.2957746478873239,17.633689165115356
x-ai/grok-4.1-fast,dictator,14,71000,2,I share 30000 dollars,30000.0,0.4225352112676056,8.626205205917358
x-ai/grok-4.1-fast,dictator,14,71000,3,I share 21000 dollars,21000.0,0.2957746478873239,13.04050636291504
x-ai/grok-4.1-fast,dictator,14,107392,1,I share 40000 dollars,40000.0,0.3724672228843861,15.99099326133728
x-ai/grok-4.1-fast,dictator,14,107392,2,I share 25000 dollars,25000.0,0.2327920143027413,11.513078927993774
x-ai/grok-4.1-fast,dictator,14,107392,3,I share 20000 dollars,20000.0,0.186233611442193,11.89248776435852
x-ai/grok-4.1-fast,dictator,14,31054,1,I share 10000 dollars,10000.0,0.3220197076061055,15.680097579956056
x-ai/grok-4.1-fast,dictator,14,31054,2,I share 5000 dollars,5000.0,0.1610098538030527,15.683436632156372
x-ai/grok-4.1-fast,dictator,14,31054,3,I share 15527 dollars,15527.0,0.5,11.473536252975464
x-ai/grok-4.1-fast,dictator,14,250000,1,I share 50000 dollars,50000.0,0.2,7.57384991645813
x-ai/grok-4.1-fast,dictator,14,250000,2,I share 40000 dollars,40000.0,0.16,10.918904066085815
x-ai/grok-4.1-fast,dictator,14,250000,3,I share 50000 dollars,50000.0,0.2,19.2007429599762
x-ai/grok-4.1-fast,dictator,16,5,1,I share 2 dollars,2.0,0.4,6.546485662460327
x-ai/grok-4.1-fast,dictator,16,5,2,I share 2 dollars,2.0,0.4,6.643730163574219
x-ai/grok-4.1-fast,dictator,16,5,3,I share 2 dollars,2.0,0.4,14.177496194839478
x-ai/grok-4.1-fast,dictator,16,2,1,I share 1 dollars,1.0,0.5,7.447081327438354
x-ai/grok-4.1-fast,dictator,16,2,2,I share 1 dollars,1.0,0.5,8.693700790405273
x-ai/grok-4.1-fast,dictator,16,2,3,I share 1 dollars,1.0,0.5,13.81035089492798
x-ai/grok-4.1-fast,dictator,16,3,1,I share 2 dollars,2.0,0.6666666666666666,8.117961883544922
x-ai/grok-4.1-fast,dictator,16,3,2,I share 1 dollars,1.0,0.3333333333333333,7.636646032333374
x-ai/grok-4.1-fast,dictator,16,3,3,I share 2 dollars,2.0,0.6666666666666666,15.868831634521484
x-ai/grok-4.1-fast,dictator,16,1,1,I share 0.50 dollars,0.5,0.5,9.255535125732422
x-ai/grok-4.1-fast,dictator,16,1,2,I share 0.50 dollars,0.5,0.5,7.501880645751953
x-ai/grok-4.1-fast,dictator,16,1,3,I share 0.50 dollars,0.5,0.5,16.894070863723755
x-ai/grok-4.1-fast,dictator,14,162379,1,I share 70635 dollars,70635.0,0.4350008313882952,24.98836612701416
x-ai/grok-4.1-fast,dictator,14,162379,2,I share 81190 dollars,81190.0,0.5000030792159085,21.88303852081299
x-ai/grok-4.1-fast,dictator,14,162379,3,I share 81389 dollars,81389.0,0.501228607147476,18.670584201812744
x-ai/grok-4.1-fast,dictator,16,8,1,I share 3 dollars,3.0,0.375,7.591330528259277
x-ai/grok-4.1-fast,dictator,16,8,2,I share 3 dollars,3.0,0.375,5.396227598190308
x-ai/grok-4.1-fast,dictator,16,8,3,I share 4 dollars,4.0,0.5,6.444539308547974
x-ai/grok-4.1-fast,dictator,16,12,1,I share 6 dollars,6.0,0.5,6.600156545639038
x-ai/grok-4.1-fast,dictator,16,12,2,I share 5 dollars,5.0,0.4166666666666667,7.266807794570923
x-ai/grok-4.1-fast,dictator,16,12,3,I share 6 dollars,6.0,0.5,9.309549808502195
x-ai/grok-4.1-fast,dictator,16,41,1,I share 16 dollars,16.0,0.3902439024390244,7.483457803726196
x-ai/grok-4.1-fast,dictator,16,41,2,I share 20 dollars,20.0,0.4878048780487805,5.444566965103149
x-ai/grok-4.1-fast,dictator,16,41,3,I share 20 dollars,20.0,0.4878048780487805,7.216038465499878
x-ai/grok-4.1-fast,dictator,16,18,1,I share 9 dollars,9.0,0.5,10.906018018722534
x-ai/grok-4.1-fast,dictator,16,18,2,I share 9 dollars,9.0,0.5,10.58827781677246
x-ai/grok-4.1-fast,dictator,16,18,3,I share 9 dollars,9.0,0.5,5.047676086425781
x-ai/grok-4.1-fast,dictator,16,10,1,I share 4 dollars,4.0,0.4,7.951949596405029
x-ai/grok-4.1-fast,dictator,16,10,2,I share 5 dollars,5.0,0.5,12.097208738327026
x-ai/grok-4.1-fast,dictator,16,10,3,I share 5 dollars,5.0,0.5,9.069835901260376
x-ai/grok-4.1-fast,dictator,16,27,1,I share 13 dollars,13.0,0.4814814814814814,12.594359159469604
x-ai/grok-4.1-fast,dictator,16,27,2,I share 13 dollars,13.0,0.4814814814814814,13.119613647460938
x-ai/grok-4.1-fast,dictator,16,27,3,I share 10 dollars,10.0,0.3703703703703703,22.37186551094055
x-ai/grok-4.1-fast,dictator,16,95,1,I share 40 dollars,40.0,0.4210526315789473,7.565825939178467
x-ai/grok-4.1-fast,dictator,16,95,2,I share 47 dollars,47.0,0.4947368421052631,18.35516619682312
x-ai/grok-4.1-fast,dictator,16,95,3,I share 40 dollars,40.0,0.4210526315789473,10.345184087753296
x-ai/grok-4.1-fast,dictator,16,63,1,I share 31 dollars,31.0,0.492063492063492,8.732165336608887
x-ai/grok-4.1-fast,dictator,16,63,2,I share 20 dollars,20.0,0.3174603174603174,25.14160990715027
x-ai/grok-4.1-fast,dictator,16,63,3,I share 30 dollars,30.0,0.4761904761904761,8.625580549240112
x-ai/grok-4.1-fast,dictator,16,144,1,I share 72 dollars,72.0,0.5,27.961045503616333
x-ai/grok-4.1-fast,dictator,16,144,2,I share 72 dollars,72.0,0.5,5.498183012008667
x-ai/grok-4.1-fast,dictator,16,144,3,I share 72 dollars,72.0,0.5,6.291321754455566
x-ai/grok-4.1-fast,dictator,16,217,1,I share 100 dollars,100.0,0.4608294930875576,18.75750637054444
x-ai/grok-4.1-fast,dictator,16,217,2,I share 100 dollars,100.0,0.4608294930875576,7.710464000701904
x-ai/grok-4.1-fast,dictator,16,217,3,I share 108 dollars,108.0,0.4976958525345622,11.483246088027954
x-ai/grok-4.1-fast,dictator,16,496,1,I share 248 dollars,248.0,0.5,8.97281527519226
x-ai/grok-4.1-fast,dictator,16,496,2,I share 248 dollars,248.0,0.5,4.712774038314819
x-ai/grok-4.1-fast,dictator,16,496,3,I share 248 dollars,248.0,0.5,8.246405601501465
x-ai/grok-4.1-fast,dictator,16,328,1,I share 164 dollars,164.0,0.5,23.72667098045349
x-ai/grok-4.1-fast,dictator,16,328,2,I share 160 dollars,160.0,0.4878048780487805,8.972044229507446
x-ai/grok-4.1-fast,dictator,16,328,3,I share 164 dollars,164.0,0.5,13.494054317474363
x-ai/grok-4.1-fast,dictator,16,751,1,I share 300 dollars,300.0,0.3994673768308921,11.755255937576294
x-ai/grok-4.1-fast,dictator,16,751,2,I share 376 dollars,376.0,0.5006657789613849,6.863558769226074
x-ai/grok-4.1-fast,dictator,16,751,3,I share 300 dollars,300.0,0.3994673768308921,13.744450569152832
x-ai/grok-4.1-fast,dictator,16,1135,1,I share 400 dollars,400.0,0.3524229074889868,9.947436094284058
x-ai/grok-4.1-fast,dictator,16,1135,2,I share 400 dollars,400.0,0.3524229074889868,9.1122784614563
x-ai/grok-4.1-fast,dictator,16,1135,3,I share 567 dollars,567.0,0.4995594713656388,13.145021200180054
x-ai/grok-4.1-fast,dictator,16,2596,1,I share 1298 dollars,1298.0,0.5,10.879860401153564
x-ai/grok-4.1-fast,dictator,16,2596,2,I share 1000 dollars,1000.0,0.3852080123266564,9.608062744140623
x-ai/grok-4.1-fast,dictator,16,2596,3,I share 1000 dollars,1000.0,0.3852080123266564,10.917813062667848
x-ai/grok-4.1-fast,dictator,16,3926,1,I share 1963 dollars,1963.0,0.5,12.625235319137571
x-ai/grok-4.1-fast,dictator,16,3926,2,I share 1963 dollars,1963.0,0.5,11.74309515953064
x-ai/grok-4.1-fast,dictator,16,3926,3,I share 1963 dollars,1963.0,0.5,16.913779735565186
x-ai/grok-4.1-fast,dictator,16,1717,1,I share 400 dollars,400.0,0.23296447291788,7.216973543167114
x-ai/grok-4.1-fast,dictator,16,1717,2,I share 500 dollars,500.0,0.29120559114735,20.954285383224487
x-ai/grok-4.1-fast,dictator,16,1717,3,I share 785 dollars,785.0,0.4571927781013395,20.9354944229126
x-ai/grok-4.1-fast,dictator,16,5938,1,I share 1500 dollars,1500.0,0.2526103065005052,8.642853260040283
x-ai/grok-4.1-fast,dictator,16,5938,2,I share 2000 dollars,2000.0,0.3368137420006736,16.14217495918274
x-ai/grok-4.1-fast,dictator,16,5938,3,I share 2500 dollars,2500.0,0.421017177500842,28.27703976631165
x-ai/grok-4.1-fast,dictator,16,13578,1,I share 3500 dollars,3500.0,0.2577699219325379,10.73137378692627
x-ai/grok-4.1-fast,dictator,16,13578,2,I share 5000 dollars,5000.0,0.3682427456179113,14.092737436294556
x-ai/grok-4.1-fast,dictator,16,13578,3,I share 6789 dollars,6789.0,0.5,11.142308712005615
x-ai/grok-4.1-fast,dictator,16,8979,1,I share 3000 dollars,3000.0,0.3341129301703976,13.125775337219238
x-ai/grok-4.1-fast,dictator,16,8979,2,I share 4000 dollars,4000.0,0.4454839068938634,18.12163519859314
x-ai/grok-4.1-fast,dictator,16,8979,3,I share 4489 dollars,4489.0,0.4999443145116383,19.450263023376465
x-ai/grok-4.1-fast,dictator,16,46962,1,I share 23481 dollars,23481.0,0.5,10.019443273544312
x-ai/grok-4.1-fast,dictator,16,46962,2,I share 23481 dollars,23481.0,0.5,11.95416784286499
x-ai/grok-4.1-fast,dictator,16,46962,3,I share 15000 dollars,15000.0,0.3194071802734125,14.409277439117432
x-ai/grok-4.1-fast,dictator,16,20531,1,I share 5000 dollars,5000.0,0.2435341678437484,22.66457200050354
x-ai/grok-4.1-fast,dictator,16,20531,2,I share 5000 dollars,5000.0,0.2435341678437484,16.257697820663452
x-ai/grok-4.1-fast,dictator,16,20531,3,I share 10265 dollars,10265.0,0.4999756465832156,17.91396474838257
x-ai/grok-4.1-fast,dictator,16,31054,1,I share 15527 dollars,15527.0,0.5,7.18938136100769
x-ai/grok-4.1-fast,dictator,16,31054,2,I share 15527 dollars,15527.0,0.5,16.033568143844604
x-ai/grok-4.1-fast,dictator,16,31054,3,I share 10000 dollars,10000.0,0.3220197076061055,19.24987006187439
x-ai/grok-4.1-fast,dictator,16,107392,1,I share 42957 dollars,42957.0,0.4000018623361144,16.629603624343872
x-ai/grok-4.1-fast,dictator,16,107392,2,I share 53696 dollars,53696.0,0.5,8.530344009399414
x-ai/grok-4.1-fast,dictator,16,107392,3,I share $30000 dollars,30000.0,0.2793504171632896,17.696202516555786
x-ai/grok-4.1-fast,dictator,16,71000,1,I share 15000 dollars,15000.0,0.2112676056338028,18.9475200176239
x-ai/grok-4.1-fast,dictator,16,71000,2,I share 28000 dollars,28000.0,0.3943661971830985,13.776745557785034
x-ai/grok-4.1-fast,dictator,16,71000,3,I share 25000 dollars,25000.0,0.352112676056338,14.22002124786377
x-ai/grok-4.1-fast,dictator,18,1,1,I share 0.50 dollars,0.5,0.5,10.408075094223022
x-ai/grok-4.1-fast,dictator,18,1,2,I share 0.50 dollars,0.5,0.5,14.30330777168274
x-ai/grok-4.1-fast,dictator,18,1,3,I share 0.50 dollars,0.5,0.5,5.682582378387451
x-ai/grok-4.1-fast,dictator,16,250000,1,I share 50000 dollars,50000.0,0.2,16.776431798934937
x-ai/grok-4.1-fast,dictator,16,250000,2,I share 40000 dollars,40000.0,0.16,14.99286437034607
x-ai/grok-4.1-fast,dictator,16,250000,3,I share 50000 dollars,50000.0,0.2,11.000330924987791
x-ai/grok-4.1-fast,dictator,18,3,1,I share 1 dollars,1.0,0.3333333333333333,5.999625444412232
x-ai/grok-4.1-fast,dictator,18,3,2,I share 1 dollars,1.0,0.3333333333333333,10.62341856956482
x-ai/grok-4.1-fast,dictator,18,3,3,I share 1.50 dollars,1.5,0.5,9.382116556167604
x-ai/grok-4.1-fast,dictator,16,162379,1,I share 81190 dollars,81190.0,0.5000030792159085,24.4626100063324
x-ai/grok-4.1-fast,dictator,16,162379,2,I share 25000 dollars,25000.0,0.1539607954230534,19.329567193984985
x-ai/grok-4.1-fast,dictator,16,162379,3,I share $35000 dollars,35000.0,0.2155451135922748,18.32264852523804
x-ai/grok-4.1-fast,dictator,18,5,1,I share 2 dollars,2.0,0.4,13.488850116729736
x-ai/grok-4.1-fast,dictator,18,5,2,I share 2.5 dollars,2.5,0.5,9.117234468460085
x-ai/grok-4.1-fast,dictator,18,5,3,I share 2 dollars,2.0,0.4,25.81246256828308
x-ai/grok-4.1-fast,dictator,18,8,1,I share 3 dollars,3.0,0.375,6.79829216003418
x-ai/grok-4.1-fast,dictator,18,8,2,I share 3 dollars,3.0,0.375,25.60837459564209
x-ai/grok-4.1-fast,dictator,18,8,3,I share 3 dollars,3.0,0.375,18.51827311515808
x-ai/grok-4.1-fast,dictator,18,18,1,I share 9 dollars,9.0,0.5,10.078083038330078
x-ai/grok-4.1-fast,dictator,18,18,2,I share 9 dollars,9.0,0.5,8.076743602752686
x-ai/grok-4.1-fast,dictator,18,18,3,I share 9 dollars,9.0,0.5,13.93703556060791
x-ai/grok-4.1-fast,dictator,18,10,1,I share 5 dollars,5.0,0.5,28.338587999343872
x-ai/grok-4.1-fast,dictator,18,10,2,I share 5 dollars,5.0,0.5,16.070091247558594
x-ai/grok-4.1-fast,dictator,18,10,3,I share 5 dollars,5.0,0.5,5.913165330886841
x-ai/grok-4.1-fast,dictator,18,12,1,I share 6 dollars,6.0,0.5,27.65637755393982
x-ai/grok-4.1-fast,dictator,18,12,2,I share 4 dollars,4.0,0.3333333333333333,15.86606240272522
x-ai/grok-4.1-fast,dictator,18,12,3,I share 4 dollars,4.0,0.3333333333333333,13.748553037643433
x-ai/grok-4.1-fast,dictator,18,27,1,I share 13 dollars,13.0,0.4814814814814814,14.05251693725586
x-ai/grok-4.1-fast,dictator,18,27,2,I share 13 dollars,13.0,0.4814814814814814,8.395580530166626
x-ai/grok-4.1-fast,dictator,18,27,3,I share 10 dollars,10.0,0.3703703703703703,13.46979546546936
x-ai/grok-4.1-fast,dictator,18,41,1,I share 20 dollars,20.0,0.4878048780487805,7.631279945373535
x-ai/grok-4.1-fast,dictator,18,41,2,I share 20 dollars,20.0,0.4878048780487805,4.6355836391448975
x-ai/grok-4.1-fast,dictator,18,41,3,I share 20 dollars,20.0,0.4878048780487805,14.909684419631958
x-ai/grok-4.1-fast,dictator,18,95,1,I share 40 dollars,40.0,0.4210526315789473,7.494426488876343
x-ai/grok-4.1-fast,dictator,18,95,2,I share 40 dollars,40.0,0.4210526315789473,13.565741300582886
x-ai/grok-4.1-fast,dictator,18,95,3,I share 25 dollars,25.0,0.2631578947368421,7.3985655307769775
x-ai/grok-4.1-fast,dictator,18,63,1,I share 30 dollars,30.0,0.4761904761904761,10.47542405128479
x-ai/grok-4.1-fast,dictator,18,63,2,I share 30 dollars,30.0,0.4761904761904761,14.984931468963625
x-ai/grok-4.1-fast,dictator,18,63,3,I share 25 dollars,25.0,0.3968253968253968,10.284387826919556
x-ai/grok-4.1-fast,dictator,18,2,1,I share 1 dollars,1.0,0.5,6.393841743469238
x-ai/grok-4.1-fast,dictator,18,2,2,I share 1 dollars,1.0,0.5,7.395823240280151
x-ai/grok-4.1-fast,dictator,18,2,3,I share 1 dollars,1.0,0.5,8.057126998901367
x-ai/grok-4.1-fast,dictator,18,217,1,I share 85 dollars,85.0,0.391705069124424,8.327218055725098
x-ai/grok-4.1-fast,dictator,18,217,2,I share 100 dollars,100.0,0.4608294930875576,9.86483383178711
x-ai/grok-4.1-fast,dictator,18,217,3,I share 100 dollars,100.0,0.4608294930875576,6.220903635025024
x-ai/grok-4.1-fast,dictator,18,144,1,I share 72 dollars,72.0,0.5,8.188841819763184
x-ai/grok-4.1-fast,dictator,18,144,2,I share 40 dollars,40.0,0.2777777777777778,16.71234965324402
x-ai/grok-4.1-fast,dictator,18,144,3,I share 72 dollars,72.0,0.5,12.039010286331177
x-ai/grok-4.1-fast,dictator,18,751,1,I share 250 dollars,250.0,0.3328894806924101,7.357587814331055
x-ai/grok-4.1-fast,dictator,18,751,2,I share 300 dollars,300.0,0.3994673768308921,10.09537959098816
x-ai/grok-4.1-fast,dictator,18,751,3,I share 200 dollars,200.0,0.2663115845539281,11.221104383468628
x-ai/grok-4.1-fast,dictator,18,496,1,I share 200 dollars,200.0,0.4032258064516129,6.979827642440796
x-ai/grok-4.1-fast,dictator,18,496,2,I share 100 dollars,100.0,0.2016129032258064,12.467055082321169
x-ai/grok-4.1-fast,dictator,18,496,3,I share 200 dollars,200.0,0.4032258064516129,10.184882402420044
x-ai/grok-4.1-fast,dictator,18,328,1,I share 100 dollars,100.0,0.3048780487804878,10.91870403289795
x-ai/grok-4.1-fast,dictator,18,328,2,I share 164 dollars,164.0,0.5,12.492650032043455
x-ai/grok-4.1-fast,dictator,18,328,3,I share 164 dollars,164.0,0.5,17.373987913131714
x-ai/grok-4.1-fast,dictator,18,1135,1,I share 400 dollars,400.0,0.3524229074889868,17.86521601676941
x-ai/grok-4.1-fast,dictator,18,1135,2,I share 450 dollars,450.0,0.3964757709251101,12.155243396759031
x-ai/grok-4.1-fast,dictator,18,1135,3,I share 400 dollars,400.0,0.3524229074889868,8.899610042572021
x-ai/grok-4.1-fast,dictator,18,2596,1,I share 1000 dollars,1000.0,0.3852080123266564,11.570701122283936
x-ai/grok-4.1-fast,dictator,18,2596,2,I share 1298 dollars,1298.0,0.5,7.210510969161987
x-ai/grok-4.1-fast,dictator,18,2596,3,I share 1298 dollars,1298.0,0.5,11.46691918373108
x-ai/grok-4.1-fast,dictator,18,1717,1,I share 500 dollars,500.0,0.29120559114735,18.569562435150143
x-ai/grok-4.1-fast,dictator,18,1717,2,I share 600 dollars,600.0,0.34944670937682,9.83619499206543
x-ai/grok-4.1-fast,dictator,18,1717,3,I share 858 dollars,858.0,0.4997087944088526,13.398073434829712
x-ai/grok-4.1-fast,dictator,18,8979,1,I share 2000 dollars,2000.0,0.2227419534469317,14.77529525756836
x-ai/grok-4.1-fast,dictator,18,8979,2,I share 2500 dollars,2500.0,0.2784274418086647,8.251469612121582
x-ai/grok-4.1-fast,dictator,18,8979,3,I share 2000 dollars,2000.0,0.2227419534469317,11.632032871246338
x-ai/grok-4.1-fast,dictator,18,5938,1,I share 2000 dollars,2000.0,0.3368137420006736,11.335997581481934
x-ai/grok-4.1-fast,dictator,18,5938,2,I share 2000 dollars,2000.0,0.3368137420006736,10.445761680603027
x-ai/grok-4.1-fast,dictator,18,5938,3,I share 1500 dollars,1500.0,0.2526103065005052,17.284068822860718
x-ai/grok-4.1-fast,dictator,18,3926,1,I share 1500 dollars,1500.0,0.3820682628629648,10.559851169586182
x-ai/grok-4.1-fast,dictator,18,3926,2,I share 1963 dollars,1963.0,0.5,10.106452703475952
x-ai/grok-4.1-fast,dictator,18,3926,3,I share 1500 dollars,1500.0,0.3820682628629648,19.83680391311645
x-ai/grok-4.1-fast,dictator,18,13578,1,I share 6789 dollars,6789.0,0.5,15.414309024810793
x-ai/grok-4.1-fast,dictator,18,13578,2,I share 5000 dollars,5000.0,0.3682427456179113,19.045326948165894
x-ai/grok-4.1-fast,dictator,18,13578,3,I share 6789 dollars,6789.0,0.5,10.912742137908936
x-ai/grok-4.1-fast,dictator,18,46962,1,I share 23481 dollars,23481.0,0.5,12.711737871170044
x-ai/grok-4.1-fast,dictator,18,46962,2,I share 23481 dollars,23481.0,0.5,11.893419981002808
x-ai/grok-4.1-fast,dictator,18,46962,3,I share 10000 dollars,10000.0,0.212938120182275,11.680605173110962
x-ai/grok-4.1-fast,dictator,18,107392,1,I share 25000 dollars,25000.0,0.2327920143027413,13.426063776016235
x-ai/grok-4.1-fast,dictator,18,107392,2,I share $30000 dollars,30000.0,0.2793504171632896,8.238509893417358
x-ai/grok-4.1-fast,dictator,18,107392,3,I share 30000 dollars,30000.0,0.2793504171632896,12.234235525131226
x-ai/grok-4.1-fast,dictator,18,71000,1,I share 15000 dollars,15000.0,0.2112676056338028,9.622182607650757
x-ai/grok-4.1-fast,dictator,18,71000,2,I share 25000 dollars,25000.0,0.352112676056338,12.645304679870604
x-ai/grok-4.1-fast,dictator,18,71000,3,I share $20000 dollars,20000.0,0.2816901408450704,14.414433002471924
x-ai/grok-4.1-fast,dictator,18,20531,1,I share 9312 dollars,9312.0,0.4535580341921971,23.746439456939697
x-ai/grok-4.1-fast,dictator,18,20531,2,I share 10265 dollars,10265.0,0.4999756465832156,10.521621704101562
x-ai/grok-4.1-fast,dictator,18,20531,3,I share 8520 dollars,8520.0,0.4149822220057474,21.90534472465515
x-ai/grok-4.1-fast,dictator,18,31054,1,I share 10000 dollars,10000.0,0.3220197076061055,27.57286810874939
x-ai/grok-4.1-fast,dictator,18,31054,2,I share 10000 dollars,10000.0,0.3220197076061055,11.204397439956663
x-ai/grok-4.1-fast,dictator,18,31054,3,I share 15527 dollars,15527.0,0.5,22.192640781402588
x-ai/grok-4.1-fast,dictator,20,1,1,I share 0.50 dollars,0.5,0.5,9.523192167282104
x-ai/grok-4.1-fast,dictator,20,1,2,I share 0.50 dollars,0.5,0.5,17.087799072265625
x-ai/grok-4.1-fast,dictator,20,1,3,I share 0.50 dollars,0.5,0.5,6.956900358200073
x-ai/grok-4.1-fast,dictator,18,250000,1,I share 50000 dollars,50000.0,0.2,7.362705945968628
x-ai/grok-4.1-fast,dictator,18,250000,2,I share 75000 dollars,75000.0,0.3,21.772948265075684
x-ai/grok-4.1-fast,dictator,18,250000,3,I share 40000 dollars,40000.0,0.16,5.4463419914245605
x-ai/grok-4.1-fast,dictator,20,2,1,I share 1 dollars,1.0,0.5,5.823383331298828
x-ai/grok-4.1-fast,dictator,20,2,2,I share 1 dollars,1.0,0.5,20.40819931030273
x-ai/grok-4.1-fast,dictator,20,2,3,I share 1 dollars,1.0,0.5,6.013273477554321
x-ai/grok-4.1-fast,dictator,20,3,1,I share 1.50 dollars,1.5,0.5,7.841203927993774
x-ai/grok-4.1-fast,dictator,20,3,2,I share 1.5 dollars,1.5,0.5,17.286319732666016
x-ai/grok-4.1-fast,dictator,20,3,3,I share 1 dollars,1.0,0.3333333333333333,8.141345500946045
x-ai/grok-4.1-fast,dictator,20,5,1,I share 2 dollars,2.0,0.4,15.241377592086792
x-ai/grok-4.1-fast,dictator,20,5,2,I share 2 dollars,2.0,0.4,6.546539306640625
x-ai/grok-4.1-fast,dictator,20,5,3,I share 1 dollars,1.0,0.2,7.2690043449401855
x-ai/grok-4.1-fast,dictator,20,8,1,I share 4 dollars,4.0,0.5,5.826617479324341
x-ai/grok-4.1-fast,dictator,20,8,2,I share 4 dollars,4.0,0.5,5.089872598648071
x-ai/grok-4.1-fast,dictator,20,8,3,I share 4 dollars,4.0,0.5,6.810347080230713
x-ai/grok-4.1-fast,dictator,20,10,1,I share 3 dollars,3.0,0.3,10.497178792953491
x-ai/grok-4.1-fast,dictator,20,10,2,I share 4 dollars,4.0,0.4,7.703061580657959
x-ai/grok-4.1-fast,dictator,20,10,3,I share 5 dollars,5.0,0.5,4.92648983001709
x-ai/grok-4.1-fast,dictator,20,12,1,I share 6 dollars,6.0,0.5,5.6485114097595215
x-ai/grok-4.1-fast,dictator,20,12,2,I share 6 dollars,6.0,0.5,8.16810393333435
x-ai/grok-4.1-fast,dictator,20,12,3,I share 6 dollars,6.0,0.5,10.296084880828856
x-ai/grok-4.1-fast,dictator,18,162379,1,I share 40000 dollars,40000.0,0.2463372726768855,29.137082815170288
x-ai/grok-4.1-fast,dictator,18,162379,2,I share 25000 dollars,25000.0,0.1539607954230534,26.90283179283142
x-ai/grok-4.1-fast,dictator,18,162379,3,I share 67387 dollars,67387.0,0.4149982448469321,22.69874668121338
x-ai/grok-4.1-fast,dictator,20,18,1,I share 9 dollars,9.0,0.5,10.030998945236206
x-ai/grok-4.1-fast,dictator,20,18,2,I share 6 dollars,6.0,0.3333333333333333,8.286325454711914
x-ai/grok-4.1-fast,dictator,20,18,3,I share 6 dollars,6.0,0.3333333333333333,11.640149593353271
x-ai/grok-4.1-fast,dictator,20,27,1,I share 10 dollars,10.0,0.3703703703703703,7.147619009017944
x-ai/grok-4.1-fast,dictator,20,27,2,I share 13 dollars,13.0,0.4814814814814814,11.421745300292969
x-ai/grok-4.1-fast,dictator,20,27,3,I share 10 dollars,10.0,0.3703703703703703,11.72198224067688
x-ai/grok-4.1-fast,dictator,20,41,1,I share 20 dollars,20.0,0.4878048780487805,6.898782253265381
x-ai/grok-4.1-fast,dictator,20,41,2,I share 20 dollars,20.0,0.4878048780487805,5.865390539169312
x-ai/grok-4.1-fast,dictator,20,41,3,I share 20 dollars,20.0,0.4878048780487805,6.9795918464660645
x-ai/grok-4.1-fast,dictator,20,63,1,I share 31 dollars,31.0,0.492063492063492,6.910833835601807
x-ai/grok-4.1-fast,dictator,20,63,2,I share 21 dollars,21.0,0.3333333333333333,6.003809452056885
x-ai/grok-4.1-fast,dictator,20,63,3,I share 20 dollars,20.0,0.3174603174603174,5.49394965171814
x-ai/grok-4.1-fast,dictator,20,95,1,I share 30 dollars,30.0,0.3157894736842105,5.21092414855957
x-ai/grok-4.1-fast,dictator,20,95,2,I share 40 dollars,40.0,0.4210526315789473,7.477027654647827
x-ai/grok-4.1-fast,dictator,20,95,3,I share 40 dollars,40.0,0.4210526315789473,5.110809326171875
x-ai/grok-4.1-fast,dictator,20,496,1,I share 248 dollars,248.0,0.5,6.983886003494263
x-ai/grok-4.1-fast,dictator,20,496,2,I share 248 dollars,248.0,0.5,5.346472978591919
x-ai/grok-4.1-fast,dictator,20,496,3,I share 248 dollars,248.0,0.5,9.906871557235718
x-ai/grok-4.1-fast,dictator,20,144,1,I share 72 dollars,72.0,0.5,11.216983795166016
x-ai/grok-4.1-fast,dictator,20,144,2,I share 72 dollars,72.0,0.5,10.492704629898071
x-ai/grok-4.1-fast,dictator,20,144,3,I share 50 dollars,50.0,0.3472222222222222,14.280498504638672
x-ai/grok-4.1-fast,dictator,20,328,1,I share 164 dollars,164.0,0.5,10.531618595123293
x-ai/grok-4.1-fast,dictator,20,328,2,I share 164 dollars,164.0,0.5,14.346047401428224
x-ai/grok-4.1-fast,dictator,20,328,3,I share 164 dollars,164.0,0.5,10.349936962127686
x-ai/grok-4.1-fast,dictator,20,217,1,I share 108 dollars,108.0,0.4976958525345622,17.418019771575928
x-ai/grok-4.1-fast,dictator,20,217,2,I share 70 dollars,70.0,0.3225806451612903,13.305313110351562
x-ai/grok-4.1-fast,dictator,20,217,3,I share 100 dollars,100.0,0.4608294930875576,10.119162321090698
x-ai/grok-4.1-fast,dictator,20,751,1,I share 300 dollars,300.0,0.3994673768308921,10.60337781906128
x-ai/grok-4.1-fast,dictator,20,751,2,I share 250 dollars,250.0,0.3328894806924101,12.898452043533323
x-ai/grok-4.1-fast,dictator,20,751,3,I share 300 dollars,300.0,0.3994673768308921,7.8891377449035645
x-ai/grok-4.1-fast,dictator,20,1135,1,I share 400 dollars,400.0,0.3524229074889868,11.66193389892578
x-ai/grok-4.1-fast,dictator,20,1135,2,I share 567 dollars,567.0,0.4995594713656388,12.487886667251589
x-ai/grok-4.1-fast,dictator,20,1135,3,I share 400 dollars,400.0,0.3524229074889868,13.0882408618927
x-ai/grok-4.1-fast,dictator,20,2596,1,I share 1000 dollars,1000.0,0.3852080123266564,16.312644481658936
x-ai/grok-4.1-fast,dictator,20,2596,2,I share 800 dollars,800.0,0.3081664098613251,5.8718345165252686
x-ai/grok-4.1-fast,dictator,20,2596,3,I share 1298 dollars,1298.0,0.5,5.566344738006592
x-ai/grok-4.1-fast,dictator,20,1717,1,I share 500 dollars,500.0,0.29120559114735,15.812890529632568
x-ai/grok-4.1-fast,dictator,20,1717,2,I share 858 dollars,858.0,0.4997087944088526,9.209847450256348
x-ai/grok-4.1-fast,dictator,20,1717,3,I share 858 dollars,858.0,0.4997087944088526,10.04648232460022
x-ai/grok-4.1-fast,dictator,20,5938,1,I share 2000 dollars,2000.0,0.3368137420006736,5.228474855422974
x-ai/grok-4.1-fast,dictator,20,5938,2,I share 2969 dollars,2969.0,0.5,7.723364353179932
x-ai/grok-4.1-fast,dictator,20,5938,3,I share 2000 dollars,2000.0,0.3368137420006736,12.452987670898438
x-ai/grok-4.1-fast,dictator,20,3926,1,I share 1000 dollars,1000.0,0.2547121752419766,10.616243839263916
x-ai/grok-4.1-fast,dictator,20,3926,2,I share 1500 dollars,1500.0,0.3820682628629648,14.321841716766356
x-ai/grok-4.1-fast,dictator,20,3926,3,I share 1963 dollars,1963.0,0.5,9.184979915618896
x-ai/grok-4.1-fast,dictator,20,8979,1,I share 2500 dollars,2500.0,0.2784274418086647,11.487564086914062
x-ai/grok-4.1-fast,dictator,20,8979,2,I share 2500 dollars,2500.0,0.2784274418086647,9.238447427749634
x-ai/grok-4.1-fast,dictator,20,8979,3,I share 4000 dollars,4000.0,0.4454839068938634,13.368130207061768
x-ai/grok-4.1-fast,dictator,20,20531,1,I share 5000 dollars,5000.0,0.2435341678437484,8.3135507106781
x-ai/grok-4.1-fast,dictator,20,20531,2,I share 10265 dollars,10265.0,0.4999756465832156,10.264564275741575
x-ai/grok-4.1-fast,dictator,20,20531,3,I share 4106 dollars,4106.0,0.1999902586332862,14.592447757720947
x-ai/grok-4.1-fast,dictator,20,13578,1,I share 4500 dollars,4500.0,0.3314184710561202,17.099416971206665
x-ai/grok-4.1-fast,dictator,20,13578,2,I share 6789 dollars,6789.0,0.5,14.934547424316406
x-ai/grok-4.1-fast,dictator,20,13578,3,I share 6789 dollars,6789.0,0.5,14.24426794052124
x-ai/grok-4.1-fast,dictator,20,31054,1,I share 15527 dollars,15527.0,0.5,9.773088216781616
x-ai/grok-4.1-fast,dictator,20,31054,2,I share 6211 dollars,6211.0,0.2000064403941521,17.322644472122192
x-ai/grok-4.1-fast,dictator,20,31054,3,I share 10000 dollars,10000.0,0.3220197076061055,12.385998010635376
x-ai/grok-4.1-fast,dictator,20,46962,1,I share 10000 dollars,10000.0,0.212938120182275,13.602264642715454
x-ai/grok-4.1-fast,dictator,20,46962,2,I share 15000 dollars,15000.0,0.3194071802734125,14.202770709991457
x-ai/grok-4.1-fast,dictator,20,46962,3,I share 20000 dollars,20000.0,0.4258762403645501,9.017422199249268
x-ai/grok-4.1-fast,dictator,20,107392,1,I share 25000 dollars,25000.0,0.2327920143027413,11.838111162185667
x-ai/grok-4.1-fast,dictator,20,107392,2,I share 53696 dollars,53696.0,0.5,11.305286169052124
x-ai/grok-4.1-fast,dictator,20,107392,3,I share 20000 dollars,20000.0,0.186233611442193,11.431496620178224
x-ai/grok-4.1-fast,dictator,20,71000,1,I share 14200 dollars,14200.0,0.2,15.370368480682371
x-ai/grok-4.1-fast,dictator,20,71000,2,I share 35500 dollars,35500.0,0.5,12.717119455337524
x-ai/grok-4.1-fast,dictator,20,71000,3,I share $20000 dollars,20000.0,0.2816901408450704,12.185782194137571
x-ai/grok-4.1-fast,dictator,20,250000,1,I share 100000 dollars,100000.0,0.4,7.488012790679932
x-ai/grok-4.1-fast,dictator,20,250000,2,I share 50000 dollars,50000.0,0.2,8.498687982559204
x-ai/grok-4.1-fast,dictator,20,250000,3,"I share $50,000 dollars",50000.0,0.2,12.291706562042236
x-ai/grok-4.1-fast,dictator,22,2,1,I share 1 dollars,1.0,0.5,9.174336671829224
x-ai/grok-4.1-fast,dictator,22,2,2,I share 1 dollars,1.0,0.5,12.3127179145813
x-ai/grok-4.1-fast,dictator,22,2,3,I share 1 dollars,1.0,0.5,7.154262542724609
x-ai/grok-4.1-fast,dictator,22,1,1,I share 0.50 dollars,0.5,0.5,7.974587917327881
x-ai/grok-4.1-fast,dictator,22,1,2,I share 0.50 dollars,0.5,0.5,11.353524208068848
x-ai/grok-4.1-fast,dictator,22,1,3,I share 0.50 dollars,0.5,0.5,10.2887442111969
x-ai/grok-4.1-fast,dictator,20,162379,1,I share 32476 dollars,32476.0,0.2000012316863633,19.853740453720093
x-ai/grok-4.1-fast,dictator,20,162379,2,I share 50000 dollars,50000.0,0.3079215908461069,13.10663652420044
x-ai/grok-4.1-fast,dictator,20,162379,3,I share 81189 dollars,81189.0,0.4999969207840915,15.374839067459106
x-ai/grok-4.1-fast,dictator,22,5,1,I share 2 dollars,2.0,0.4,11.353163480758669
x-ai/grok-4.1-fast,dictator,22,5,2,I share 2 dollars,2.0,0.4,5.162024736404419
x-ai/grok-4.1-fast,dictator,22,5,3,I share 2 dollars,2.0,0.4,12.165279865264893
x-ai/grok-4.1-fast,dictator,22,3,1,I share 2 dollars,2.0,0.6666666666666666,12.16976833343506
x-ai/grok-4.1-fast,dictator,22,3,2,I share 1 dollar,1.0,0.3333333333333333,8.448248386383057
x-ai/grok-4.1-fast,dictator,22,3,3,I share 1 dollars,1.0,0.3333333333333333,15.00171399116516
x-ai/grok-4.1-fast,dictator,22,8,1,I share 3 dollars,3.0,0.375,10.276366233825684
x-ai/grok-4.1-fast,dictator,22,8,2,I share 4 dollars,4.0,0.5,11.427823305130005
x-ai/grok-4.1-fast,dictator,22,8,3,I share 3 dollars,3.0,0.375,6.482497453689575
x-ai/grok-4.1-fast,dictator,22,10,1,I share 4 dollars,4.0,0.4,12.40435266494751
x-ai/grok-4.1-fast,dictator,22,10,2,I share 3 dollars,3.0,0.3,9.22041654586792
x-ai/grok-4.1-fast,dictator,22,10,3,I share 4 dollars,4.0,0.4,5.412121295928955
x-ai/grok-4.1-fast,dictator,22,12,1,I share 6 dollars,6.0,0.5,10.68527889251709
x-ai/grok-4.1-fast,dictator,22,12,2,I share 5 dollars,5.0,0.4166666666666667,8.941643953323364
x-ai/grok-4.1-fast,dictator,22,12,3,I share 5 dollars,5.0,0.4166666666666667,9.864620447158812
x-ai/grok-4.1-fast,dictator,22,18,1,I share 9 dollars,9.0,0.5,10.0194673538208
x-ai/grok-4.1-fast,dictator,22,18,2,I share 9 dollars,9.0,0.5,7.098556041717529
x-ai/grok-4.1-fast,dictator,22,18,3,I share 5 dollars,5.0,0.2777777777777778,17.131393909454346
x-ai/grok-4.1-fast,dictator,22,27,1,I share 13 dollars,13.0,0.4814814814814814,7.988906383514404
x-ai/grok-4.1-fast,dictator,22,27,2,I share 10 dollars,10.0,0.3703703703703703,10.409621238708496
x-ai/grok-4.1-fast,dictator,22,27,3,I share 12 dollars,12.0,0.4444444444444444,14.113394737243652
x-ai/grok-4.1-fast,dictator,22,41,1,I share 20 dollars,20.0,0.4878048780487805,4.588084936141968
x-ai/grok-4.1-fast,dictator,22,41,2,I share 15 dollars,15.0,0.3658536585365853,12.305407524108888
x-ai/grok-4.1-fast,dictator,22,41,3,I share 15 dollars,15.0,0.3658536585365853,15.317885637283323
x-ai/grok-4.1-fast,dictator,22,63,1,I share 21 dollars,21.0,0.3333333333333333,8.464560747146606
x-ai/grok-4.1-fast,dictator,22,63,2,I share 20 dollars,20.0,0.3174603174603174,17.266247749328613
x-ai/grok-4.1-fast,dictator,22,63,3,I share 31 dollars,31.0,0.492063492063492,10.992028951644896
x-ai/grok-4.1-fast,dictator,22,144,1,I share 50 dollars,50.0,0.3472222222222222,21.91616892814636
x-ai/grok-4.1-fast,dictator,22,144,2,I share 40 dollars,40.0,0.2777777777777778,9.963239908218384
x-ai/grok-4.1-fast,dictator,22,144,3,I share 72 dollars,72.0,0.5,6.8335020542144775
x-ai/grok-4.1-fast,dictator,22,95,1,I share 25 dollars,25.0,0.2631578947368421,18.317480325698853
x-ai/grok-4.1-fast,dictator,22,95,2,I share 30 dollars,30.0,0.3157894736842105,11.585700273513794
x-ai/grok-4.1-fast,dictator,22,95,3,I share 40 dollars,40.0,0.4210526315789473,15.6683611869812
x-ai/grok-4.1-fast,dictator,22,328,1,I share 164 dollars,164.0,0.5,12.523360252380373
x-ai/grok-4.1-fast,dictator,22,328,2,I share 164 dollars,164.0,0.5,10.584750890731812
x-ai/grok-4.1-fast,dictator,22,328,3,I share 100 dollars,100.0,0.3048780487804878,5.914755582809448
x-ai/grok-4.1-fast,dictator,22,217,1,I share 80 dollars,80.0,0.3686635944700461,13.72366976737976
x-ai/grok-4.1-fast,dictator,22,217,2,I share 75 dollars,75.0,0.3456221198156682,13.515952110290527
x-ai/grok-4.1-fast,dictator,22,217,3,I share 70 dollars,70.0,0.3225806451612903,8.663163900375366
x-ai/grok-4.1-fast,dictator,22,496,1,I share 200 dollars,200.0,0.4032258064516129,13.25951623916626
x-ai/grok-4.1-fast,dictator,22,496,2,I share 200 dollars,200.0,0.4032258064516129,9.8642258644104
x-ai/grok-4.1-fast,dictator,22,496,3,I share 248 dollars,248.0,0.5,10.972553968429564
x-ai/grok-4.1-fast,dictator,22,751,1,I share 200 dollars,200.0,0.2663115845539281,7.712707281112671
x-ai/grok-4.1-fast,dictator,22,751,2,I share 200 dollars,200.0,0.2663115845539281,12.921563148498535
x-ai/grok-4.1-fast,dictator,22,751,3,I share 300 dollars,300.0,0.3994673768308921,5.30050802230835
x-ai/grok-4.1-fast,dictator,22,1135,1,I share 400 dollars,400.0,0.3524229074889868,7.428765058517456
x-ai/grok-4.1-fast,dictator,22,1135,2,I share 350 dollars,350.0,0.3083700440528634,10.92259955406189
x-ai/grok-4.1-fast,dictator,22,1135,3,I share 350 dollars,350.0,0.3083700440528634,15.071084022521973
x-ai/grok-4.1-fast,dictator,22,5938,1,I share 1500 dollars,1500.0,0.2526103065005052,8.559044361114502
x-ai/grok-4.1-fast,dictator,22,5938,2,I share 1200 dollars,1200.0,0.2020882452004041,10.124505519866943
x-ai/grok-4.1-fast,dictator,22,5938,3,I share 1500 dollars,1500.0,0.2526103065005052,15.168426036834717
x-ai/grok-4.1-fast,dictator,22,1717,1,I share 500 dollars,500.0,0.29120559114735,15.870569705963137
x-ai/grok-4.1-fast,dictator,22,1717,2,I share 400 dollars,400.0,0.23296447291788,13.858397483825684
x-ai/grok-4.1-fast,dictator,22,1717,3,I share 676 dollars,676.0,0.3937099592312172,22.8832790851593
x-ai/grok-4.1-fast,dictator,22,2596,1,I share 1298 dollars,1298.0,0.5,19.232709169387817
x-ai/grok-4.1-fast,dictator,22,2596,2,I share 1000 dollars,1000.0,0.3852080123266564,23.99056911468506
x-ai/grok-4.1-fast,dictator,22,2596,3,I share 1298 dollars,1298.0,0.5,11.263458251953123
x-ai/grok-4.1-fast,dictator,22,8979,1,I share 2000 dollars,2000.0,0.2227419534469317,16.670005321502686
x-ai/grok-4.1-fast,dictator,22,8979,2,I share 2500 dollars,2500.0,0.2784274418086647,12.368237018585203
x-ai/grok-4.1-fast,dictator,22,8979,3,I share 2500 dollars,2500.0,0.2784274418086647,24.170384407043457
x-ai/grok-4.1-fast,dictator,22,3926,1,I share 1733 dollars,1733.0,0.4414161996943453,26.676382064819336
x-ai/grok-4.1-fast,dictator,22,3926,2,I share 1963 dollars,1963.0,0.5,15.805737257003784
x-ai/grok-4.1-fast,dictator,22,3926,3,I share 1500 dollars,1500.0,0.3820682628629648,14.96321725845337
x-ai/grok-4.1-fast,dictator,22,13578,1,I share 2500 dollars,2500.0,0.1841213728089556,12.309330224990845
x-ai/grok-4.1-fast,dictator,22,13578,2,I share 3500 dollars,3500.0,0.2577699219325379,15.936684608459473
x-ai/grok-4.1-fast,dictator,22,13578,3,I share 2500 dollars,2500.0,0.1841213728089556,10.889306545257568
x-ai/grok-4.1-fast,dictator,22,46962,1,I share 8000 dollars,8000.0,0.17035049614582,10.459418535232544
x-ai/grok-4.1-fast,dictator,22,46962,2,I share 23481 dollars,23481.0,0.5,13.678085803985596
x-ai/grok-4.1-fast,dictator,22,46962,3,I share 23481 dollars,23481.0,0.5,8.137202978134155
x-ai/grok-4.1-fast,dictator,22,31054,1,I share 15527 dollars,15527.0,0.5,10.817008256912231
x-ai/grok-4.1-fast,dictator,22,31054,2,I share 10000 dollars,10000.0,0.3220197076061055,15.424609899520874
x-ai/grok-4.1-fast,dictator,22,31054,3,I share 10000 dollars,10000.0,0.3220197076061055,9.398016929626465
x-ai/grok-4.1-fast,dictator,22,71000,1,I share 20000 dollars,20000.0,0.2816901408450704,14.193747520446776
x-ai/grok-4.1-fast,dictator,22,71000,2,I share 15000 dollars,15000.0,0.2112676056338028,14.6249418258667
x-ai/grok-4.1-fast,dictator,22,71000,3,I share 20000 dollars,20000.0,0.2816901408450704,11.502824544906616
x-ai/grok-4.1-fast,dictator,22,20531,1,I share 10265 dollars,10265.0,0.4999756465832156,15.389880418777466
x-ai/grok-4.1-fast,dictator,22,20531,2,I share 5000 dollars,5000.0,0.2435341678437484,25.80487561225891
x-ai/grok-4.1-fast,dictator,22,20531,3,I share 7000 dollars,7000.0,0.3409478349812478,21.860976934432983
x-ai/grok-4.1-fast,dictator,22,107392,1,I share 20000 dollars,20000.0,0.186233611442193,10.906312704086304
x-ai/grok-4.1-fast,dictator,22,107392,2,I share 40000 dollars,40000.0,0.3724672228843861,13.351309776306152
x-ai/grok-4.1-fast,dictator,22,107392,3,I share 30000 dollars,30000.0,0.2793504171632896,20.03725910186768
x-ai/grok-4.1-fast,dictator,22,162379,1,I share 50000 dollars,50000.0,0.3079215908461069,23.744221448898315
x-ai/grok-4.1-fast,dictator,22,162379,2,I share 25000 dollars,25000.0,0.1539607954230534,12.472389221191406
x-ai/grok-4.1-fast,dictator,22,162379,3,I share 50000 dollars,50000.0,0.3079215908461069,18.71312785148621
x-ai/grok-4.1-fast,dictator,24,1,1,I share 0.50 dollars,0.5,0.5,10.206146955490112
x-ai/grok-4.1-fast,dictator,24,1,2,I share 0.40 dollars,0.4,0.4,21.76890087127685
x-ai/grok-4.1-fast,dictator,24,1,3,I share 0.50 dollars,0.5,0.5,8.191933631896973
x-ai/grok-4.1-fast,dictator,24,5,1,I share 2 dollars,2.0,0.4,7.493093729019165
x-ai/grok-4.1-fast,dictator,24,5,2,I share 2 dollars,2.0,0.4,6.229811191558838
x-ai/grok-4.1-fast,dictator,24,5,3,I share 2 dollars,2.0,0.4,7.82690954208374
x-ai/grok-4.1-fast,dictator,22,250000,1,I share 50000 dollars,50000.0,0.2,8.709938287734985
x-ai/grok-4.1-fast,dictator,22,250000,2,I share 50000 dollars,50000.0,0.2,25.16676092147827
x-ai/grok-4.1-fast,dictator,22,250000,3,I share 50000 dollars,50000.0,0.2,8.665234327316284
x-ai/grok-4.1-fast,dictator,24,2,1,I share 1 dollars,1.0,0.5,21.38025736808777
x-ai/grok-4.1-fast,dictator,24,2,2,I share 1 dollars,1.0,0.5,4.680330276489258
x-ai/grok-4.1-fast,dictator,24,2,3,I share 1 dollars,1.0,0.5,7.605097532272339
x-ai/grok-4.1-fast,dictator,24,3,1,I share 1 dollars,1.0,0.3333333333333333,12.985988855361938
x-ai/grok-4.1-fast,dictator,24,3,2,I share 1 dollars,1.0,0.3333333333333333,12.387735843658447
x-ai/grok-4.1-fast,dictator,24,3,3,I share 1 dollars,1.0,0.3333333333333333,6.760904788970947
x-ai/grok-4.1-fast,dictator,24,8,1,I share 3 dollars,3.0,0.375,5.5305798053741455
x-ai/grok-4.1-fast,dictator,24,8,2,I share 3 dollars,3.0,0.375,10.651793956756592
x-ai/grok-4.1-fast,dictator,24,8,3,I share 2 dollars,2.0,0.25,8.500066041946411
x-ai/grok-4.1-fast,dictator,24,10,1,I share 3 dollars,3.0,0.3,8.501590967178345
x-ai/grok-4.1-fast,dictator,24,10,2,I share 4 dollars,4.0,0.4,8.71475338935852
x-ai/grok-4.1-fast,dictator,24,10,3,I share 3 dollars,3.0,0.3,9.308696508407593
x-ai/grok-4.1-fast,dictator,24,18,1,I share 9 dollars,9.0,0.5,5.267580509185791
x-ai/grok-4.1-fast,dictator,24,18,2,I share 6 dollars,6.0,0.3333333333333333,10.369542360305786
x-ai/grok-4.1-fast,dictator,24,18,3,I share 6 dollars,6.0,0.3333333333333333,9.852561712265016
x-ai/grok-4.1-fast,dictator,24,12,1,I share 6 dollars,6.0,0.5,9.163527965545654
x-ai/grok-4.1-fast,dictator,24,12,2,I share 4 dollars,4.0,0.3333333333333333,11.564977884292604
x-ai/grok-4.1-fast,dictator,24,12,3,I share 4 dollars,4.0,0.3333333333333333,9.841719150543211
x-ai/grok-4.1-fast,dictator,24,41,1,I share 10 dollars,10.0,0.2439024390243902,6.935621023178101
x-ai/grok-4.1-fast,dictator,24,41,2,I share 15 dollars,15.0,0.3658536585365853,11.076926946640016
x-ai/grok-4.1-fast,dictator,24,41,3,I share 20 dollars,20.0,0.4878048780487805,17.405412673950195
x-ai/grok-4.1-fast,dictator,24,27,1,I share 13 dollars,13.0,0.4814814814814814,8.477267980575562
x-ai/grok-4.1-fast,dictator,24,27,2,I share 7 dollars,7.0,0.2592592592592592,14.463202953338625
x-ai/grok-4.1-fast,dictator,24,27,3,I share 10 dollars,10.0,0.3703703703703703,13.682040691375732
x-ai/grok-4.1-fast,dictator,24,63,1,I share 25 dollars,25.0,0.3968253968253968,11.595327615737917
x-ai/grok-4.1-fast,dictator,24,63,2,I share 25 dollars,25.0,0.3968253968253968,11.900273084640505
x-ai/grok-4.1-fast,dictator,24,63,3,I share 20 dollars,20.0,0.3174603174603174,14.831289291381836
x-ai/grok-4.1-fast,dictator,24,217,1,I share 80 dollars,80.0,0.3686635944700461,14.207302570343018
x-ai/grok-4.1-fast,dictator,24,217,2,I share 109 dollars,109.0,0.5023041474654378,9.677764654159546
x-ai/grok-4.1-fast,dictator,24,217,3,I share 60 dollars,60.0,0.2764976958525346,7.1897594928741455
x-ai/grok-4.1-fast,dictator,24,144,1,I share 40 dollars,40.0,0.2777777777777778,18.0822868347168
x-ai/grok-4.1-fast,dictator,24,144,2,I share 60 dollars,60.0,0.4166666666666667,17.870853185653687
x-ai/grok-4.1-fast,dictator,24,144,3,I share 50 dollars,50.0,0.3472222222222222,10.682933568954468
x-ai/grok-4.1-fast,dictator,24,95,1,I share 25 dollars,25.0,0.2631578947368421,14.284155130386353
x-ai/grok-4.1-fast,dictator,24,95,2,I share 25 dollars,25.0,0.2631578947368421,21.659660816192627
x-ai/grok-4.1-fast,dictator,24,95,3,I share 25 dollars,25.0,0.2631578947368421,14.211253643035889
x-ai/grok-4.1-fast,dictator,24,496,1,I share $150 dollars,150.0,0.3024193548387097,21.43786883354187
x-ai/grok-4.1-fast,dictator,24,496,2,I share 200 dollars,200.0,0.4032258064516129,9.17595601081848
x-ai/grok-4.1-fast,dictator,24,496,3,I share 124 dollars,124.0,0.25,14.89000916481018
x-ai/grok-4.1-fast,dictator,24,328,1,I share 100 dollars,100.0,0.3048780487804878,12.175635576248167
x-ai/grok-4.1-fast,dictator,24,328,2,I share 164 dollars,164.0,0.5,14.310861110687256
x-ai/grok-4.1-fast,dictator,24,328,3,I share 150 dollars,150.0,0.4573170731707317,23.71938991546631
x-ai/grok-4.1-fast,dictator,24,1135,1,I share 300 dollars,300.0,0.2643171806167401,12.549142837524414
x-ai/grok-4.1-fast,dictator,24,1135,2,I share 300 dollars,300.0,0.2643171806167401,19.21027374267578
x-ai/grok-4.1-fast,dictator,24,1135,3,I share 300 dollars,300.0,0.2643171806167401,13.08921766281128
x-ai/grok-4.1-fast,dictator,24,751,1,I share 200 dollars,200.0,0.2663115845539281,11.180189371109009
x-ai/grok-4.1-fast,dictator,24,751,2,I share 250 dollars,250.0,0.3328894806924101,25.570189476013184
x-ai/grok-4.1-fast,dictator,24,751,3,I share 375 dollars,375.0,0.4993342210386152,16.28410243988037
x-ai/grok-4.1-fast,dictator,24,3926,1,I share 2000 dollars,2000.0,0.5094243504839532,13.653010368347168
x-ai/grok-4.1-fast,dictator,24,3926,2,I share 1000 dollars,1000.0,0.2547121752419766,8.603178262710571
x-ai/grok-4.1-fast,dictator,24,3926,3,I share 1000 dollars,1000.0,0.2547121752419766,16.28127646446228
x-ai/grok-4.1-fast,dictator,24,2596,1,I share 500 dollars,500.0,0.1926040061633282,22.469610452651978
x-ai/grok-4.1-fast,dictator,24,2596,2,I share 1298 dollars,1298.0,0.5,12.664533376693726
x-ai/grok-4.1-fast,dictator,24,2596,3,I share 1000 dollars,1000.0,0.3852080123266564,19.80011796951294
x-ai/grok-4.1-fast,dictator,24,1717,1,I share 858 dollars,858.0,0.4997087944088526,24.09209132194519
x-ai/grok-4.1-fast,dictator,24,1717,2,I share 500 dollars,500.0,0.29120559114735,10.434186458587646
x-ai/grok-4.1-fast,dictator,24,1717,3,I share 400 dollars,400.0,0.23296447291788,24.4162814617157
x-ai/grok-4.1-fast,dictator,24,8979,1,I share 2000 dollars,2000.0,0.2227419534469317,11.744710206985474
x-ai/grok-4.1-fast,dictator,24,8979,2,I share 2000 dollars,2000.0,0.2227419534469317,13.851349115371704
x-ai/grok-4.1-fast,dictator,24,8979,3,I share 2000 dollars,2000.0,0.2227419534469317,11.068899393081663
x-ai/grok-4.1-fast,dictator,24,5938,1,I share 1500 dollars,1500.0,0.2526103065005052,12.996865034103394
x-ai/grok-4.1-fast,dictator,24,5938,2,I share 1484 dollars,1484.0,0.2499157965644998,17.655360221862793
x-ai/grok-4.1-fast,dictator,24,5938,3,I share 2000 dollars,2000.0,0.3368137420006736,22.07158255577088
x-ai/grok-4.1-fast,dictator,24,13578,1,I share 6789 dollars,6789.0,0.5,21.21807599067688
x-ai/grok-4.1-fast,dictator,24,13578,2,I share 5000 dollars,5000.0,0.3682427456179113,13.242018938064575
x-ai/grok-4.1-fast,dictator,24,13578,3,I share 1500 dollars,1500.0,0.1104728236853734,14.685384035110474
x-ai/grok-4.1-fast,dictator,24,46962,1,I share 23481 dollars,23481.0,0.5,12.53169560432434
x-ai/grok-4.1-fast,dictator,24,46962,2,I share 12000 dollars,12000.0,0.25552574421873,12.961917877197266
x-ai/grok-4.1-fast,dictator,24,46962,3,I share 15000 dollars,15000.0,0.3194071802734125,13.103046894073486
x-ai/grok-4.1-fast,dictator,24,71000,1,I share 25000 dollars,25000.0,0.352112676056338,13.206609964370728
x-ai/grok-4.1-fast,dictator,24,71000,2,I share $25000 dollars,25000.0,0.352112676056338,5.014394998550415
x-ai/grok-4.1-fast,dictator,24,71000,3,I share $20000 dollars,20000.0,0.2816901408450704,11.652429819107056
x-ai/grok-4.1-fast,dictator,24,31054,1,I share 10000 dollars,10000.0,0.3220197076061055,24.4971604347229
x-ai/grok-4.1-fast,dictator,24,31054,2,I share 15527 dollars,15527.0,0.5,6.633228778839111
x-ai/grok-4.1-fast,dictator,24,31054,3,I share 10000 dollars,10000.0,0.3220197076061055,13.92430543899536
x-ai/grok-4.1-fast,dictator,24,20531,1,I share 5000 dollars.,5000.0,0.2435341678437484,20.47829246520996
x-ai/grok-4.1-fast,dictator,24,20531,2,I share 10000 dollars,10000.0,0.4870683356874969,12.683613061904907
x-ai/grok-4.1-fast,dictator,24,20531,3,I share 7904 dollars,7904.0,0.3849788125273976,28.98114919662476
x-ai/grok-4.1-fast,dictator,24,162379,1,I share 40000 dollars,40000.0,0.2463372726768855,7.580180644989014
x-ai/grok-4.1-fast,dictator,24,162379,2,I share 40000 dollars,40000.0,0.2463372726768855,13.940985679626465
x-ai/grok-4.1-fast,dictator,24,162379,3,I share 30000 dollars,30000.0,0.1847529545076641,21.737777709960938
x-ai/grok-4.1-fast,dictator,26,1,1,I share 0.50 dollars,0.5,0.5,7.95532488822937
x-ai/grok-4.1-fast,dictator,26,1,2,I share 0.50 dollars,0.5,0.5,15.899841070175173
x-ai/grok-4.1-fast,dictator,26,1,3,I share 0.50 dollars,0.5,0.5,8.23262619972229
x-ai/grok-4.1-fast,dictator,24,250000,1,I share 50000 dollars,50000.0,0.2,11.544397830963137
x-ai/grok-4.1-fast,dictator,24,250000,2,I share 30000 dollars,30000.0,0.12,12.229827165603638
x-ai/grok-4.1-fast,dictator,24,250000,3,I share 50000 dollars,50000.0,0.2,11.748253107070925
x-ai/grok-4.1-fast,dictator,26,2,1,I share 1 dollars,1.0,0.5,11.564473390579224
x-ai/grok-4.1-fast,dictator,26,2,2,I share 1 dollars,1.0,0.5,26.25434136390686
x-ai/grok-4.1-fast,dictator,26,2,3,I share 1 dollars,1.0,0.5,4.980064630508423
x-ai/grok-4.1-fast,dictator,26,3,1,I share 1 dollars,1.0,0.3333333333333333,9.007352590560911
x-ai/grok-4.1-fast,dictator,26,3,2,I share 1 dollars,1.0,0.3333333333333333,5.937525510787964
x-ai/grok-4.1-fast,dictator,26,3,3,I share 1 dollars,1.0,0.3333333333333333,14.852518796920776
x-ai/grok-4.1-fast,dictator,26,10,1,I share 3 dollars,3.0,0.3,6.342143297195435
x-ai/grok-4.1-fast,dictator,26,10,2,I share 5 dollars,5.0,0.5,5.64034914970398
x-ai/grok-4.1-fast,dictator,26,10,3,I share 4 dollars,4.0,0.4,7.788799285888672
x-ai/grok-4.1-fast,dictator,26,8,1,I share 3 dollars,3.0,0.375,6.2025134563446045
x-ai/grok-4.1-fast,dictator,26,8,2,I share 3 dollars,3.0,0.375,9.453006029129028
x-ai/grok-4.1-fast,dictator,26,8,3,I share 2 dollars,2.0,0.25,5.375848770141602
x-ai/grok-4.1-fast,dictator,26,5,1,I share 2 dollars,2.0,0.4,8.992764472961426
x-ai/grok-4.1-fast,dictator,26,5,2,I share 2 dollars,2.0,0.4,7.894454002380371
x-ai/grok-4.1-fast,dictator,26,5,3,I share 2 dollars,2.0,0.4,7.009928226470947
x-ai/grok-4.1-fast,dictator,26,12,1,I share 4 dollars,4.0,0.3333333333333333,8.31476616859436
x-ai/grok-4.1-fast,dictator,26,12,2,I share 4 dollars,4.0,0.3333333333333333,7.801193714141846
x-ai/grok-4.1-fast,dictator,26,12,3,I share 4 dollars,4.0,0.3333333333333333,10.004016160964966
x-ai/grok-4.1-fast,dictator,26,18,1,I share 9 dollars,9.0,0.5,6.546595811843872
x-ai/grok-4.1-fast,dictator,26,18,2,I share 5 dollars,5.0,0.2777777777777778,11.472456455230711
x-ai/grok-4.1-fast,dictator,26,18,3,I share 6 dollars,6.0,0.3333333333333333,8.670130252838135
x-ai/grok-4.1-fast,dictator,26,27,1,I share 10 dollars,10.0,0.3703703703703703,8.110878705978394
x-ai/grok-4.1-fast,dictator,26,27,2,I share 10 dollars,10.0,0.3703703703703703,10.204711437225342
x-ai/grok-4.1-fast,dictator,26,27,3,I share 13 dollars,13.0,0.4814814814814814,12.191301107406616
x-ai/grok-4.1-fast,dictator,26,63,1,I share 20 dollars,20.0,0.3174603174603174,7.408856630325317
x-ai/grok-4.1-fast,dictator,26,63,2,I share 31 dollars,31.0,0.492063492063492,14.644598245620728
x-ai/grok-4.1-fast,dictator,26,63,3,I share 25 dollars,25.0,0.3968253968253968,9.061248540878296
x-ai/grok-4.1-fast,dictator,26,41,1,I share 15 dollars,15.0,0.3658536585365853,10.972270965576172
x-ai/grok-4.1-fast,dictator,26,41,2,I share 20 dollars,20.0,0.4878048780487805,13.452312707901
x-ai/grok-4.1-fast,dictator,26,41,3,I share 20 dollars,20.0,0.4878048780487805,8.18116283416748
x-ai/grok-4.1-fast,dictator,24,107392,1,I share 25000 dollars,25000.0,0.2327920143027413,11.032931804656982
x-ai/grok-4.1-fast,dictator,24,107392,2,I share 20000 dollars,20000.0,0.186233611442193,87.12063527107239
x-ai/grok-4.1-fast,dictator,24,107392,3,I share 25000 dollars,25000.0,0.2327920143027413,19.961447954177856
x-ai/grok-4.1-fast,dictator,26,95,1,I share 47 dollars,47.0,0.4947368421052631,11.958078861236572
x-ai/grok-4.1-fast,dictator,26,95,2,I share 25 dollars,25.0,0.2631578947368421,14.366805791854858
x-ai/grok-4.1-fast,dictator,26,95,3,I share 30 dollars,30.0,0.3157894736842105,6.86498498916626
x-ai/grok-4.1-fast,dictator,26,144,1,I share 36 dollars,36.0,0.25,19.281718969345093
x-ai/grok-4.1-fast,dictator,26,144,2,I share 40 dollars,40.0,0.2777777777777778,10.69274091720581
x-ai/grok-4.1-fast,dictator,26,144,3,I share 50 dollars,50.0,0.3472222222222222,11.771514654159546
x-ai/grok-4.1-fast,dictator,26,328,1,I share 100 dollars,100.0,0.3048780487804878,13.773175477981567
x-ai/grok-4.1-fast,dictator,26,328,2,I share 100 dollars,100.0,0.3048780487804878,10.294318199157717
x-ai/grok-4.1-fast,dictator,26,328,3,I share 164 dollars,164.0,0.5,7.730581283569336
x-ai/grok-4.1-fast,dictator,26,496,1,I share 200 dollars,200.0,0.4032258064516129,18.74741244316101
x-ai/grok-4.1-fast,dictator,26,496,2,I share 150 dollars,150.0,0.3024193548387097,9.212076663970947
x-ai/grok-4.1-fast,dictator,26,496,3,I share 248 dollars,248.0,0.5,8.212648630142212
x-ai/grok-4.1-fast,dictator,26,217,1,I share 60 dollars,60.0,0.2764976958525346,11.83124542236328
x-ai/grok-4.1-fast,dictator,26,217,2,I share 75 dollars,75.0,0.3456221198156682,11.720021486282349
x-ai/grok-4.1-fast,dictator,26,217,3,I share 109 dollars,109.0,0.5023041474654378,17.20713520050049
x-ai/grok-4.1-fast,dictator,26,751,1,I share 200 dollars,200.0,0.2663115845539281,9.236485004425049
x-ai/grok-4.1-fast,dictator,26,751,2,I share 250 dollars,250.0,0.3328894806924101,13.128549337387083
x-ai/grok-4.1-fast,dictator,26,751,3,I share 375 dollars,375.0,0.4993342210386152,11.382514238357544
x-ai/grok-4.1-fast,dictator,26,1135,1,I share 300 dollars,300.0,0.2643171806167401,7.9180381298065186
x-ai/grok-4.1-fast,dictator,26,1135,2,I share 300 dollars,300.0,0.2643171806167401,14.29792046546936
x-ai/grok-4.1-fast,dictator,26,1135,3,I share 500 dollars,500.0,0.4405286343612334,13.650115966796877
x-ai/grok-4.1-fast,dictator,26,1717,1,I share 500 dollars,500.0,0.29120559114735,11.834903001785278
x-ai/grok-4.1-fast,dictator,26,1717,2,I share 600 dollars,600.0,0.34944670937682,11.377227067947388
x-ai/grok-4.1-fast,dictator,26,1717,3,I share 500 dollars,500.0,0.29120559114735,16.014047622680664
x-ai/grok-4.1-fast,dictator,26,2596,1,I share 1000 dollars,1000.0,0.3852080123266564,15.246539115905762
x-ai/grok-4.1-fast,dictator,26,2596,2,I share 1298 dollars,1298.0,0.5,13.500879287719728
x-ai/grok-4.1-fast,dictator,26,2596,3,I share 1000 dollars,1000.0,0.3852080123266564,16.716005086898804
x-ai/grok-4.1-fast,dictator,26,5938,1,I share 2969 dollars,2969.0,0.5,20.09418892860413
x-ai/grok-4.1-fast,dictator,26,5938,2,I share 1200 dollars,1200.0,0.2020882452004041,8.132227420806885
x-ai/grok-4.1-fast,dictator,26,5938,3,I share 1500 dollars,1500.0,0.2526103065005052,13.099184036254885
x-ai/grok-4.1-fast,dictator,26,3926,1,I share 1963 dollars,1963.0,0.5,13.70051908493042
x-ai/grok-4.1-fast,dictator,26,3926,2,I share 1000 dollars,1000.0,0.2547121752419766,16.45485544204712
x-ai/grok-4.1-fast,dictator,26,3926,3,I share 1000 dollars.,1000.0,0.2547121752419766,13.213034629821776
x-ai/grok-4.1-fast,dictator,26,8979,1,I share 1000 dollars,1000.0,0.1113709767234658,13.833921909332275
x-ai/grok-4.1-fast,dictator,26,8979,2,I share 2000 dollars,2000.0,0.2227419534469317,16.30392622947693
x-ai/grok-4.1-fast,dictator,26,8979,3,I share 2000 dollars,2000.0,0.2227419534469317,13.853263139724731
x-ai/grok-4.1-fast,dictator,26,13578,1,I share 2500 dollars,2500.0,0.1841213728089556,16.964364290237427
x-ai/grok-4.1-fast,dictator,26,13578,2,I share 3000 dollars,3000.0,0.2209456473707468,13.674010753631592
x-ai/grok-4.1-fast,dictator,26,13578,3,I share 3000 dollars,3000.0,0.2209456473707468,14.950897693634031
x-ai/grok-4.1-fast,dictator,26,107392,1,I share 30000 dollars,30000.0,0.2793504171632896,12.157626628875732
x-ai/grok-4.1-fast,dictator,26,107392,2,I share 20000 dollars,20000.0,0.186233611442193,10.29197359085083
x-ai/grok-4.1-fast,dictator,26,107392,3,I share 26000 dollars,26000.0,0.242103694874851,6.888063669204712
x-ai/grok-4.1-fast,dictator,26,20531,1,I share 5000 dollars,5000.0,0.2435341678437484,18.032526969909668
x-ai/grok-4.1-fast,dictator,26,20531,2,I share 10265 dollars,10265.0,0.4999756465832156,14.389642477035522
x-ai/grok-4.1-fast,dictator,26,20531,3,I share 5000 dollars,5000.0,0.2435341678437484,17.489628076553345
x-ai/grok-4.1-fast,dictator,26,46962,1,I share 23481 dollars,23481.0,0.5,10.242216110229492
x-ai/grok-4.1-fast,dictator,26,46962,2,I share 23481 dollars,23481.0,0.5,22.250526428222656
x-ai/grok-4.1-fast,dictator,26,46962,3,I share 23481 dollars,23481.0,0.5,10.037835359573364
x-ai/grok-4.1-fast,dictator,26,71000,1,I share 7100 dollars,7100.0,0.1,13.300143480300903
x-ai/grok-4.1-fast,dictator,26,71000,2,I share 15000 dollars,15000.0,0.2112676056338028,16.078299283981323
x-ai/grok-4.1-fast,dictator,26,71000,3,I share 25000 dollars.,25000.0,0.352112676056338,13.900966167449951
x-ai/grok-4.1-fast,dictator,26,31054,1,I share 15527 dollars,15527.0,0.5,16.58853054046631
x-ai/grok-4.1-fast,dictator,26,31054,2,I share 10000 dollars,10000.0,0.3220197076061055,14.121021747589111
x-ai/grok-4.1-fast,dictator,26,31054,3,I share 10000 dollars,10000.0,0.3220197076061055,19.2090711593628
x-ai/grok-4.1-fast,dictator,26,250000,1,I share 50000 dollars,50000.0,0.2,10.525656700134276
x-ai/grok-4.1-fast,dictator,26,250000,2,I share 75000 dollars,75000.0,0.3,11.281594276428224
x-ai/grok-4.1-fast,dictator,26,250000,3,I share 50000 dollars,50000.0,0.2,9.465277194976808
x-ai/grok-4.1-fast,dictator,28,3,1,I share 1 dollars,1.0,0.3333333333333333,8.99595046043396
x-ai/grok-4.1-fast,dictator,28,3,2,I share 1.5 dollars,1.5,0.5,9.44151520729065
x-ai/grok-4.1-fast,dictator,28,3,3,I share 1 dollars,1.0,0.3333333333333333,4.717998027801514
x-ai/grok-4.1-fast,dictator,28,2,1,I share 1 dollars,1.0,0.5,7.437294244766235
x-ai/grok-4.1-fast,dictator,28,2,2,I share 1 dollars,1.0,0.5,6.022335529327393
x-ai/grok-4.1-fast,dictator,28,2,3,I share 1 dollars,1.0,0.5,11.374441623687744
x-ai/grok-4.1-fast,dictator,28,1,1,I share 0.30 dollars,0.3,0.3,11.82044005393982
x-ai/grok-4.1-fast,dictator,28,1,2,I share 0.4 dollars,0.4,0.4,12.774718284606934
x-ai/grok-4.1-fast,dictator,28,1,3,I share 0.25 dollars,0.25,0.25,7.498086929321289
x-ai/grok-4.1-fast,dictator,26,162379,1,I share 81190 dollars,81190.0,0.5000030792159085,15.10755205154419
x-ai/grok-4.1-fast,dictator,26,162379,2,I share 25000 dollars,25000.0,0.1539607954230534,15.92668843269348
x-ai/grok-4.1-fast,dictator,26,162379,3,I share $25000 dollars,25000.0,0.1539607954230534,19.25964069366455
x-ai/grok-4.1-fast,dictator,28,5,1,I share 2 dollars,2.0,0.4,11.17603325843811
x-ai/grok-4.1-fast,dictator,28,5,2,I share 2 dollars,2.0,0.4,8.517905473709106
x-ai/grok-4.1-fast,dictator,28,5,3,I share 2 dollars,2.0,0.4,14.019482612609863
x-ai/grok-4.1-fast,dictator,28,8,1,I share 4 dollars,4.0,0.5,5.58165454864502
x-ai/grok-4.1-fast,dictator,28,8,2,I share 3 dollars,3.0,0.375,6.734920978546143
x-ai/grok-4.1-fast,dictator,28,8,3,I share 4 dollars,4.0,0.5,11.61049461364746
x-ai/grok-4.1-fast,dictator,28,10,1,I share 5 dollars,5.0,0.5,11.553861379623411
x-ai/grok-4.1-fast,dictator,28,10,2,I share 5 dollars,5.0,0.5,9.227014064788818
x-ai/grok-4.1-fast,dictator,28,10,3,I share 5 dollars,5.0,0.5,4.708554267883301
x-ai/grok-4.1-fast,dictator,28,12,1,I share 5 dollars,5.0,0.4166666666666667,9.6544508934021
x-ai/grok-4.1-fast,dictator,28,12,2,I share 4 dollars,4.0,0.3333333333333333,9.712634801864624
x-ai/grok-4.1-fast,dictator,28,12,3,I share 6 dollars,6.0,0.5,6.247771739959717
x-ai/grok-4.1-fast,dictator,28,27,1,I share 13 dollars,13.0,0.4814814814814814,7.266733646392822
x-ai/grok-4.1-fast,dictator,28,27,2,I share 13 dollars,13.0,0.4814814814814814,7.372091293334961
x-ai/grok-4.1-fast,dictator,28,27,3,I share 10 dollars,10.0,0.3703703703703703,7.077773571014404
x-ai/grok-4.1-fast,dictator,28,18,1,I share 9 dollars,9.0,0.5,8.352935552597046
x-ai/grok-4.1-fast,dictator,28,18,2,I share 6 dollars,6.0,0.3333333333333333,8.681592226028442
x-ai/grok-4.1-fast,dictator,28,18,3,I share 5 dollars,5.0,0.2777777777777778,7.264336347579956
x-ai/grok-4.1-fast,dictator,28,41,1,I share 15 dollars,15.0,0.3658536585365853,8.012546300888062
x-ai/grok-4.1-fast,dictator,28,41,2,I share 20 dollars,20.0,0.4878048780487805,7.472677946090698
x-ai/grok-4.1-fast,dictator,28,41,3,I share 15 dollars,15.0,0.3658536585365853,8.677014827728271
x-ai/grok-4.1-fast,dictator,28,95,1,I share 25 dollars,25.0,0.2631578947368421,11.496450901031494
x-ai/grok-4.1-fast,dictator,28,95,2,I share 28 dollars,28.0,0.2947368421052631,7.173670053482056
x-ai/grok-4.1-fast,dictator,28,95,3,I share 30 dollars,30.0,0.3157894736842105,7.233121395111084
x-ai/grok-4.1-fast,dictator,28,217,1,I share 75 dollars,75.0,0.3456221198156682,10.264482498168944
x-ai/grok-4.1-fast,dictator,28,217,2,I share 70 dollars,70.0,0.3225806451612903,8.751835346221924
x-ai/grok-4.1-fast,dictator,28,217,3,I share 70 dollars,70.0,0.3225806451612903,5.5798938274383545
x-ai/grok-4.1-fast,dictator,28,63,1,I share 30 dollars,30.0,0.4761904761904761,12.15512728691101
x-ai/grok-4.1-fast,dictator,28,63,2,I share 31 dollars,31.0,0.492063492063492,12.941912412643433
x-ai/grok-4.1-fast,dictator,28,63,3,I share 25 dollars,25.0,0.3968253968253968,9.113107681274414
x-ai/grok-4.1-fast,dictator,28,328,1,I share 164 dollars,164.0,0.5,9.335164070129396
x-ai/grok-4.1-fast,dictator,28,328,2,I share 100 dollars,100.0,0.3048780487804878,11.418919324874878
x-ai/grok-4.1-fast,dictator,28,328,3,I share 100 dollars,100.0,0.3048780487804878,9.50170874595642
x-ai/grok-4.1-fast,dictator,28,144,1,I share 36 dollars,36.0,0.25,19.09041237831116
x-ai/grok-4.1-fast,dictator,28,144,2,I share 72 dollars,72.0,0.5,6.550183296203613
x-ai/grok-4.1-fast,dictator,28,144,3,I share 40 dollars,40.0,0.2777777777777778,9.728647232055664
x-ai/grok-4.1-fast,dictator,28,1135,1,I share 400 dollars,400.0,0.3524229074889868,9.056238412857056
x-ai/grok-4.1-fast,dictator,28,1135,2,I share 567 dollars,567.0,0.4995594713656388,10.173646211624146
x-ai/grok-4.1-fast,dictator,28,1135,3,I share 350 dollars,350.0,0.3083700440528634,7.645070552825928
x-ai/grok-4.1-fast,dictator,28,496,1,I share 200 dollars,200.0,0.4032258064516129,14.92910361289978
x-ai/grok-4.1-fast,dictator,28,496,2,I share 200 dollars,200.0,0.4032258064516129,20.593425989151
x-ai/grok-4.1-fast,dictator,28,496,3,I share 248 dollars,248.0,0.5,9.25351071357727
x-ai/grok-4.1-fast,dictator,28,751,1,I share 300 dollars,300.0,0.3994673768308921,7.820705890655518
x-ai/grok-4.1-fast,dictator,28,751,2,I share 300 dollars,300.0,0.3994673768308921,12.407792329788208
x-ai/grok-4.1-fast,dictator,28,751,3,I share 200 dollars,200.0,0.2663115845539281,19.24099278450012
x-ai/grok-4.1-fast,dictator,28,2596,1,I share 650 dollars,650.0,0.2503852080123266,13.8461275100708
x-ai/grok-4.1-fast,dictator,28,2596,2,I share 1000 dollars,1000.0,0.3852080123266564,20.46412944793701
x-ai/grok-4.1-fast,dictator,28,2596,3,I share 800 dollars,800.0,0.3081664098613251,12.021427154541016
x-ai/grok-4.1-fast,dictator,28,3926,1,I share 1000 dollars,1000.0,0.2547121752419766,12.279991149902344
x-ai/grok-4.1-fast,dictator,28,3926,2,I share 1000 dollars,1000.0,0.2547121752419766,12.064162015914915
x-ai/grok-4.1-fast,dictator,28,3926,3,I share 1000 dollars,1000.0,0.2547121752419766,24.61089444160461
x-ai/grok-4.1-fast,dictator,28,1717,1,I share 500 dollars,500.0,0.29120559114735,15.899263858795166
x-ai/grok-4.1-fast,dictator,28,1717,2,I share 725 dollars,725.0,0.4222481071636575,30.613221168518063
x-ai/grok-4.1-fast,dictator,28,1717,3,I share 500 dollars,500.0,0.29120559114735,15.265650510787964
x-ai/grok-4.1-fast,dictator,28,5938,1,I share 2969 dollars,2969.0,0.5,18.375056505203247
x-ai/grok-4.1-fast,dictator,28,5938,2,I share 2000 dollars,2000.0,0.3368137420006736,12.544138193130491
x-ai/grok-4.1-fast,dictator,28,5938,3,I share 800 dollars,800.0,0.1347254968002694,8.689626693725586
x-ai/grok-4.1-fast,dictator,28,8979,1,I share 2000 dollars,2000.0,0.2227419534469317,9.743989944458008
x-ai/grok-4.1-fast,dictator,28,8979,2,I share 2000 dollars,2000.0,0.2227419534469317,11.880840539932253
x-ai/grok-4.1-fast,dictator,28,8979,3,I share 2000 dollars,2000.0,0.2227419534469317,19.274147510528564
x-ai/grok-4.1-fast,dictator,28,13578,1,I share 6789 dollars,6789.0,0.5,11.94202184677124
x-ai/grok-4.1-fast,dictator,28,13578,2,I share 3000 dollars,3000.0,0.2209456473707468,12.926160097122192
x-ai/grok-4.1-fast,dictator,28,13578,3,I share 3802 dollars,3802.0,0.2800117837678598,17.32148003578186
x-ai/grok-4.1-fast,dictator,28,46962,1,I share 23481 dollars,23481.0,0.5,11.148651361465454
x-ai/grok-4.1-fast,dictator,28,46962,2,I share 23481 dollars,23481.0,0.5,10.16524362564087
x-ai/grok-4.1-fast,dictator,28,46962,3,I share 10000 dollars,10000.0,0.212938120182275,22.24765992164612
x-ai/grok-4.1-fast,dictator,28,31054,1,I share 10000 dollars,10000.0,0.3220197076061055,17.60116481781006
x-ai/grok-4.1-fast,dictator,28,31054,2,I share 10000 dollars,10000.0,0.3220197076061055,14.131629943847656
x-ai/grok-4.1-fast,dictator,28,31054,3,I share 9316 dollars,9316.0,0.2999935596058479,21.890007972717285
x-ai/grok-4.1-fast,dictator,28,20531,1,I share 5000 dollars,5000.0,0.2435341678437484,24.42916202545166
x-ai/grok-4.1-fast,dictator,28,20531,2,I share 3000 dollars,3000.0,0.146120500706249,22.81006908416748
x-ai/grok-4.1-fast,dictator,28,20531,3,I share 10265 dollars,10265.0,0.4999756465832156,28.29879069328308
x-ai/grok-4.1-fast,dictator,28,107392,1,I share 30000 dollars,30000.0,0.2793504171632896,12.51923370361328
x-ai/grok-4.1-fast,dictator,28,107392,2,I share 28000 dollars,28000.0,0.2607270560190703,20.59776735305786
x-ai/grok-4.1-fast,dictator,28,107392,3,I share 30000 dollars,30000.0,0.2793504171632896,26.940190076828003
x-ai/grok-4.1-fast,dictator,28,71000,1,I share 25000 dollars,25000.0,0.352112676056338,12.922443151474
x-ai/grok-4.1-fast,dictator,28,71000,2,I share 20000 dollars,20000.0,0.2816901408450704,16.085935592651367
x-ai/grok-4.1-fast,dictator,28,71000,3,I share $20000 dollars,20000.0,0.2816901408450704,38.489044189453125
x-ai/grok-4.1-fast,dictator,28,162379,1,I share 30000 dollars,30000.0,0.1847529545076641,10.088834762573242
x-ai/grok-4.1-fast,dictator,28,162379,2,I share 28000 dollars,28000.0,0.1724360908738199,13.919675827026367
x-ai/grok-4.1-fast,dictator,28,162379,3,I share 30000 dollars,30000.0,0.1847529545076641,30.765569925308228
x-ai/grok-4.1-fast,dictator,30,1,1,I share 0.50 dollars,0.5,0.5,6.822571277618408
x-ai/grok-4.1-fast,dictator,30,1,2,I share 0.30 dollars,0.3,0.3,11.394035577774048
x-ai/grok-4.1-fast,dictator,30,1,3,I share 0.50 dollars,0.5,0.5,7.076294422149658
x-ai/grok-4.1-fast,dictator,28,250000,1,I share 50000 dollars,50000.0,0.2,6.39593505859375
x-ai/grok-4.1-fast,dictator,28,250000,2,I share 30000 dollars,30000.0,0.12,12.84485650062561
x-ai/grok-4.1-fast,dictator,28,250000,3,I share 75000 dollars,75000.0,0.3,12.03136110305786
x-ai/grok-4.1-fast,dictator,30,3,1,I share 1.50 dollars,1.5,0.5,6.118724584579468
x-ai/grok-4.1-fast,dictator,30,3,2,I share 1 dollars,1.0,0.3333333333333333,4.149768590927124
x-ai/grok-4.1-fast,dictator,30,3,3,I share 1 dollars,1.0,0.3333333333333333,10.009875297546388
x-ai/grok-4.1-fast,dictator,30,2,1,I share 1 dollars,1.0,0.5,6.7690863609313965
x-ai/grok-4.1-fast,dictator,30,2,2,I share 1 dollars,1.0,0.5,6.53661584854126
x-ai/grok-4.1-fast,dictator,30,2,3,I share 1 dollars,1.0,0.5,9.92173147201538
x-ai/grok-4.1-fast,dictator,30,10,1,I share 3 dollars,3.0,0.3,4.9805567264556885
x-ai/grok-4.1-fast,dictator,30,10,2,I share 4 dollars,4.0,0.4,6.938367605209351
x-ai/grok-4.1-fast,dictator,30,10,3,I share 3 dollars,3.0,0.3,5.886204719543457
x-ai/grok-4.1-fast,dictator,30,5,1,I share 2 dollars,2.0,0.4,9.160342931747437
x-ai/grok-4.1-fast,dictator,30,5,2,I share 2 dollars,2.0,0.4,7.250252962112427
x-ai/grok-4.1-fast,dictator,30,5,3,I share 2 dollars,2.0,0.4,6.953693628311157
x-ai/grok-4.1-fast,dictator,30,8,1,I share 4 dollars,4.0,0.5,8.838504791259766
x-ai/grok-4.1-fast,dictator,30,8,2,I share 3 dollars,3.0,0.375,7.035288095474243
x-ai/grok-4.1-fast,dictator,30,8,3,I share 3 dollars,3.0,0.375,9.747024297714232
x-ai/grok-4.1-fast,dictator,30,12,1,I share 4 dollars,4.0,0.3333333333333333,9.7797532081604
x-ai/grok-4.1-fast,dictator,30,12,2,I share 4 dollars,4.0,0.3333333333333333,6.049130201339722
x-ai/grok-4.1-fast,dictator,30,12,3,I share 3 dollars,3.0,0.25,10.346187829971312
x-ai/grok-4.1-fast,dictator,30,41,1,I share 20 dollars,20.0,0.4878048780487805,12.733338356018066
x-ai/grok-4.1-fast,dictator,30,41,2,I share 20 dollars,20.0,0.4878048780487805,9.315515756607056
x-ai/grok-4.1-fast,dictator,30,41,3,I share 10 dollars,10.0,0.2439024390243902,7.238001823425293
x-ai/grok-4.1-fast,dictator,30,27,1,I share 8 dollars,8.0,0.2962962962962963,13.782556772232056
x-ai/grok-4.1-fast,dictator,30,27,2,I share 5 dollars,5.0,0.1851851851851851,13.266230583190918
x-ai/grok-4.1-fast,dictator,30,27,3,I share 10 dollars,10.0,0.3703703703703703,12.362942218780518
x-ai/grok-4.1-fast,dictator,30,95,1,I share 30 dollars,30.0,0.3157894736842105,9.36898398399353
x-ai/grok-4.1-fast,dictator,30,95,2,I share 25 dollars,25.0,0.2631578947368421,9.254103660583496
x-ai/grok-4.1-fast,dictator,30,95,3,I share 30 dollars,30.0,0.3157894736842105,15.563534021377563
x-ai/grok-4.1-fast,dictator,30,63,1,I share 20 dollars,20.0,0.3174603174603174,12.185936450958252
x-ai/grok-4.1-fast,dictator,30,63,2,I share 25 dollars,25.0,0.3968253968253968,11.162546157836914
x-ai/grok-4.1-fast,dictator,30,63,3,I share 20 dollars,20.0,0.3174603174603174,15.528503179550173
x-ai/grok-4.1-fast,dictator,30,18,1,I share 5 dollars,5.0,0.2777777777777778,10.648186922073364
x-ai/grok-4.1-fast,dictator,30,18,2,I share 6 dollars,6.0,0.3333333333333333,19.81279969215393
x-ai/grok-4.1-fast,dictator,30,18,3,I share 7 dollars,7.0,0.3888888888888889,13.627055168151855
x-ai/grok-4.1-fast,dictator,30,144,1,I share 50 dollars,50.0,0.3472222222222222,14.58011245727539
x-ai/grok-4.1-fast,dictator,30,144,2,I share 72 dollars,72.0,0.5,17.70781397819519
x-ai/grok-4.1-fast,dictator,30,144,3,I share 72 dollars,72.0,0.5,12.425918340682983
x-ai/grok-4.1-fast,dictator,30,328,1,I share 100 dollars,100.0,0.3048780487804878,11.777495384216309
x-ai/grok-4.1-fast,dictator,30,328,2,I share 150 dollars,150.0,0.4573170731707317,7.6217827796936035
x-ai/grok-4.1-fast,dictator,30,328,3,I share 100 dollars,100.0,0.3048780487804878,11.320620775222778
x-ai/grok-4.1-fast,dictator,30,217,1,I share 65 dollars,65.0,0.2995391705069124,14.578896522521973
x-ai/grok-4.1-fast,dictator,30,217,2,I share 100 dollars,100.0,0.4608294930875576,10.171262979507446
x-ai/grok-4.1-fast,dictator,30,217,3,I share 100 dollars,100.0,0.4608294930875576,14.857002019882202
x-ai/grok-4.1-fast,dictator,30,751,1,I share 250 dollars,250.0,0.3328894806924101,8.40935206413269
x-ai/grok-4.1-fast,dictator,30,751,2,I share 250 dollars,250.0,0.3328894806924101,13.301904201507568
x-ai/grok-4.1-fast,dictator,30,751,3,I share 300 dollars,300.0,0.3994673768308921,7.205309629440308
x-ai/grok-4.1-fast,dictator,30,496,1,I share 248 dollars,248.0,0.5,12.4755961894989
x-ai/grok-4.1-fast,dictator,30,496,2,I share 150 dollars,150.0,0.3024193548387097,5.548578262329102
x-ai/grok-4.1-fast,dictator,30,496,3,I share 150 dollars,150.0,0.3024193548387097,12.439127683639526
x-ai/grok-4.1-fast,dictator,30,1135,1,I share 300 dollars,300.0,0.2643171806167401,7.71554970741272
x-ai/grok-4.1-fast,dictator,30,1135,2,I share 400 dollars,400.0,0.3524229074889868,12.899039268493652
x-ai/grok-4.1-fast,dictator,30,1135,3,I share 803 dollars,803.0,0.707488986784141,26.248980045318604
x-ai/grok-4.1-fast,dictator,30,1717,1,I share 400 dollars,400.0,0.23296447291788,11.15724277496338
x-ai/grok-4.1-fast,dictator,30,1717,2,I share 500 dollars,500.0,0.29120559114735,9.467770338058472
x-ai/grok-4.1-fast,dictator,30,1717,3,I share 500 dollars,500.0,0.29120559114735,15.742693901062012
x-ai/grok-4.1-fast,dictator,30,3926,1,I share 850 dollars,850.0,0.21650534895568,5.005029916763306
x-ai/grok-4.1-fast,dictator,30,3926,2,I share 1000 dollars,1000.0,0.2547121752419766,7.605717897415161
x-ai/grok-4.1-fast,dictator,30,3926,3,I share 1000 dollars,1000.0,0.2547121752419766,12.67925500869751
x-ai/grok-4.1-fast,dictator,30,5938,1,I share 1000 dollars,1000.0,0.1684068710003368,8.100496053695679
x-ai/grok-4.1-fast,dictator,30,5938,2,I share 2000 dollars,2000.0,0.3368137420006736,15.047307968139648
x-ai/grok-4.1-fast,dictator,30,5938,3,I share 1200 dollars,1200.0,0.2020882452004041,6.752553462982178
x-ai/grok-4.1-fast,dictator,30,8979,1,I share 2000 dollars,2000.0,0.2227419534469317,10.353941917419434
x-ai/grok-4.1-fast,dictator,30,8979,2,I share 2500 dollars,2500.0,0.2784274418086647,10.828657150268556
x-ai/grok-4.1-fast,dictator,30,8979,3,I share 2000 dollars,2000.0,0.2227419534469317,10.147614002227783
x-ai/grok-4.1-fast,dictator,30,2596,1,I share 1000 dollars,1000.0,0.3852080123266564,11.817203998565674
x-ai/grok-4.1-fast,dictator,30,2596,2,I share 1000 dollars,1000.0,0.3852080123266564,19.48098111152649
x-ai/grok-4.1-fast,dictator,30,2596,3,I share 500 dollars,500.0,0.1926040061633282,13.36345648765564
x-ai/grok-4.1-fast,dictator,30,31054,1,I share 15527 dollars,15527.0,0.5,8.032849311828613
x-ai/grok-4.1-fast,dictator,30,31054,2,I share 10000 dollars,10000.0,0.3220197076061055,14.01838994026184
x-ai/grok-4.1-fast,dictator,30,31054,3,I share 15527 dollars,15527.0,0.5,8.576973915100098
x-ai/grok-4.1-fast,dictator,30,13578,1,I share 3000 dollars,3000.0,0.2209456473707468,8.091440439224243
x-ai/grok-4.1-fast,dictator,30,13578,2,I share 4000 dollars,4000.0,0.294594196494329,19.239471197128296
x-ai/grok-4.1-fast,dictator,30,13578,3,I share 5000 dollars,5000.0,0.3682427456179113,11.381426095962524
x-ai/grok-4.1-fast,dictator,30,71000,1,I share 20000 dollars,20000.0,0.2816901408450704,11.62496566772461
x-ai/grok-4.1-fast,dictator,30,71000,2,I share 15000 dollars,15000.0,0.2112676056338028,8.658966779708862
x-ai/grok-4.1-fast,dictator,30,71000,3,I share 15000 dollars,15000.0,0.2112676056338028,14.44510006904602
x-ai/grok-4.1-fast,dictator,30,107392,1,I share 25000 dollars,25000.0,0.2327920143027413,13.291027545928957
x-ai/grok-4.1-fast,dictator,30,107392,2,I share 20000 dollars,20000.0,0.186233611442193,11.551403522491457
x-ai/grok-4.1-fast,dictator,30,107392,3,I share 25000 dollars,25000.0,0.2327920143027413,8.93782663345337
x-ai/grok-4.1-fast,dictator,30,20531,1,I share 6159 dollars,6159.0,0.2999853879499293,19.025389671325684
x-ai/grok-4.1-fast,dictator,30,20531,2,I share 2000 dollars,2000.0,0.0974136671374994,10.50172734260559
x-ai/grok-4.1-fast,dictator,30,20531,3,I share 7258 dollars,7258.0,0.3535141980419853,27.17152047157288
x-ai/grok-4.1-fast,dictator,30,250000,1,I share 25000 dollars,25000.0,0.1,8.441442728042603
x-ai/grok-4.1-fast,dictator,30,250000,2,I share 25000 dollars,25000.0,0.1,8.899100542068481
x-ai/grok-4.1-fast,dictator,30,250000,3,I share 40000 dollars,40000.0,0.16,8.425631284713745
x-ai/grok-4.1-fast,dictator,30,46962,1,I share 10000 dollars,10000.0,0.212938120182275,18.41563081741333
x-ai/grok-4.1-fast,dictator,30,46962,2,I share 15000 dollars,15000.0,0.3194071802734125,21.83090090751648
x-ai/grok-4.1-fast,dictator,30,46962,3,I share 5000 dollars,5000.0,0.1064690600911375,16.64895462989807
x-ai/grok-4.1-fast,dictator,32,1,1,I share 0.50 dollars,0.5,0.5,7.863849401473999
x-ai/grok-4.1-fast,dictator,32,1,2,I share 0.40 dollars,0.4,0.4,6.035589933395386
x-ai/grok-4.1-fast,dictator,32,1,3,I share 0.32 dollars,0.32,0.32,11.180646419525146
x-ai/grok-4.1-fast,dictator,32,2,1,I share 1 dollars,1.0,0.5,6.5619871616363525
x-ai/grok-4.1-fast,dictator,32,2,2,I share 1 dollars,1.0,0.5,9.450864553451538
x-ai/grok-4.1-fast,dictator,32,2,3,I share 1 dollars,1.0,0.5,7.788636922836304
x-ai/grok-4.1-fast,dictator,32,3,1,I share 2 dollars,2.0,0.6666666666666666,8.431354284286499
x-ai/grok-4.1-fast,dictator,32,3,2,I share 1 dollars,1.0,0.3333333333333333,3.580502510070801
x-ai/grok-4.1-fast,dictator,32,3,3,I share 1 dollars,1.0,0.3333333333333333,10.50008463859558
x-ai/grok-4.1-fast,dictator,30,162379,1,I share $25000 dollars,25000.0,0.1539607954230534,16.552231311798096
x-ai/grok-4.1-fast,dictator,30,162379,2,I share 40000 dollars,40000.0,0.2463372726768855,16.190317392349243
x-ai/grok-4.1-fast,dictator,30,162379,3,I share 32476 dollars,32476.0,0.2000012316863633,14.729735374450684
x-ai/grok-4.1-fast,dictator,32,10,1,I share 3 dollars,3.0,0.3,6.412041187286377
x-ai/grok-4.1-fast,dictator,32,10,2,I share 3 dollars,3.0,0.3,5.163857936859131
x-ai/grok-4.1-fast,dictator,32,10,3,I share 3 dollars,3.0,0.3,9.3665611743927
x-ai/grok-4.1-fast,dictator,32,5,1,I share 2 dollars,2.0,0.4,11.923187017440796
x-ai/grok-4.1-fast,dictator,32,5,2,I share 2 dollars,2.0,0.4,10.13493537902832
x-ai/grok-4.1-fast,dictator,32,5,3,I share 2 dollars,2.0,0.4,9.03067398071289
x-ai/grok-4.1-fast,dictator,32,8,1,I share 3 dollars,3.0,0.375,8.722783327102661
x-ai/grok-4.1-fast,dictator,32,8,2,I share 2 dollars,2.0,0.25,11.019475936889648
x-ai/grok-4.1-fast,dictator,32,8,3,I share 2 dollars,2.0,0.25,13.09587049484253
x-ai/grok-4.1-fast,dictator,32,12,1,I share 3 dollars,3.0,0.25,7.972957134246826
x-ai/grok-4.1-fast,dictator,32,12,2,I share 4 dollars,4.0,0.3333333333333333,10.385102272033691
x-ai/grok-4.1-fast,dictator,32,12,3,I share 6 dollars,6.0,0.5,12.901293754577637
x-ai/grok-4.1-fast,dictator,32,18,1,I share 9 dollars,9.0,0.5,12.064116954803469
x-ai/grok-4.1-fast,dictator,32,18,2,I share 5 dollars,5.0,0.2777777777777778,9.476537466049194
x-ai/grok-4.1-fast,dictator,32,18,3,I share 5 dollars,5.0,0.2777777777777778,10.33516550064087
x-ai/grok-4.1-fast,dictator,32,27,1,I share 9 dollars,9.0,0.3333333333333333,11.755493640899658
x-ai/grok-4.1-fast,dictator,32,27,2,I share 10 dollars,10.0,0.3703703703703703,10.446982622146606
x-ai/grok-4.1-fast,dictator,32,27,3,I share 10 dollars,10.0,0.3703703703703703,11.064597368240356
x-ai/grok-4.1-fast,dictator,32,63,1,I share 21 dollars,21.0,0.3333333333333333,8.819319248199463
x-ai/grok-4.1-fast,dictator,32,63,2,I share 25 dollars,25.0,0.3968253968253968,17.347466230392456
x-ai/grok-4.1-fast,dictator,32,63,3,I share 31 dollars,31.0,0.492063492063492,13.798519611358644
x-ai/grok-4.1-fast,dictator,32,41,1,I share 20 dollars,20.0,0.4878048780487805,9.611993789672852
x-ai/grok-4.1-fast,dictator,32,41,2,I share 15 dollars,15.0,0.3658536585365853,10.798553228378296
x-ai/grok-4.1-fast,dictator,32,41,3,I share 15 dollars,15.0,0.3658536585365853,20.98188591003418
x-ai/grok-4.1-fast,dictator,32,95,1,I share 30 dollars,30.0,0.3157894736842105,9.347134113311768
x-ai/grok-4.1-fast,dictator,32,95,2,I share 25 dollars,25.0,0.2631578947368421,13.81136918067932
x-ai/grok-4.1-fast,dictator,32,95,3,I share 30 dollars,30.0,0.3157894736842105,14.754197120666504
x-ai/grok-4.1-fast,dictator,32,144,1,I share 72 dollars,72.0,0.5,14.414018154144289
x-ai/grok-4.1-fast,dictator,32,144,2,I share 50 dollars,50.0,0.3472222222222222,13.530389547348022
x-ai/grok-4.1-fast,dictator,32,144,3,I share 40 dollars,40.0,0.2777777777777778,10.977161407470703
x-ai/grok-4.1-fast,dictator,32,217,1,I share 65 dollars,65.0,0.2995391705069124,18.36445474624633
x-ai/grok-4.1-fast,dictator,32,217,2,I share 100 dollars,100.0,0.4608294930875576,13.336695671081545
x-ai/grok-4.1-fast,dictator,32,217,3,I share 50 dollars,50.0,0.2304147465437788,8.946047067642212
x-ai/grok-4.1-fast,dictator,32,328,1,I share 100 dollars,100.0,0.3048780487804878,16.51921272277832
x-ai/grok-4.1-fast,dictator,32,328,2,I share 130 dollars,130.0,0.3963414634146341,13.550460577011108
x-ai/grok-4.1-fast,dictator,32,328,3,I share 130 dollars,130.0,0.3963414634146341,12.278000831604004
x-ai/grok-4.1-fast,dictator,32,751,1,I share 200 dollars,200.0,0.2663115845539281,14.77501893043518
x-ai/grok-4.1-fast,dictator,32,751,2,I share 250 dollars,250.0,0.3328894806924101,10.176400661468506
x-ai/grok-4.1-fast,dictator,32,751,3,I share 225 dollars,225.0,0.2996005326231691,9.053503274917604
x-ai/grok-4.1-fast,dictator,32,1135,1,I share 350 dollars,350.0,0.3083700440528634,13.347684144973757
x-ai/grok-4.1-fast,dictator,32,1135,2,I share 300 dollars,300.0,0.2643171806167401,13.652079105377195
x-ai/grok-4.1-fast,dictator,32,1135,3,I share 350 dollars,350.0,0.3083700440528634,13.526164054870604
x-ai/grok-4.1-fast,dictator,32,1717,1,I share 850 dollars,850.0,0.495049504950495,13.24456524848938
x-ai/grok-4.1-fast,dictator,32,1717,2,I share 400 dollars,400.0,0.23296447291788,8.682979345321655
x-ai/grok-4.1-fast,dictator,32,1717,3,I share 600 dollars,600.0,0.34944670937682,9.447343587875366
x-ai/grok-4.1-fast,dictator,32,496,1,I share 150 dollars,150.0,0.3024193548387097,17.531445741653442
x-ai/grok-4.1-fast,dictator,32,496,2,I share 150 dollars,150.0,0.3024193548387097,13.20303750038147
x-ai/grok-4.1-fast,dictator,32,496,3,I share 248 dollars,248.0,0.5,22.206883668899536
x-ai/grok-4.1-fast,dictator,32,2596,1,I share 500 dollars,500.0,0.1926040061633282,12.650749683380129
x-ai/grok-4.1-fast,dictator,32,2596,2,I share 1000 dollars,1000.0,0.3852080123266564,10.533854722976685
x-ai/grok-4.1-fast,dictator,32,2596,3,I share 1000 dollars,1000.0,0.3852080123266564,24.382452249526978
x-ai/grok-4.1-fast,dictator,32,3926,1,I share 2670 dollars,2670.0,0.6800815078960775,20.264360904693604
x-ai/grok-4.1-fast,dictator,32,3926,2,I share 1000 dollars,1000.0,0.2547121752419766,17.448230981826782
x-ai/grok-4.1-fast,dictator,32,3926,3,I share 1500 dollars,1500.0,0.3820682628629648,18.67027235031128
x-ai/grok-4.1-fast,dictator,32,8979,1,I share 1800 dollars,1800.0,0.2004677581022385,12.680585861206056
x-ai/grok-4.1-fast,dictator,32,8979,2,I share 2000 dollars,2000.0,0.2227419534469317,19.704601526260376
x-ai/grok-4.1-fast,dictator,32,8979,3,I share 2000 dollars,2000.0,0.2227419534469317,13.16799521446228
x-ai/grok-4.1-fast,dictator,32,20531,1,I share 5000 dollars,5000.0,0.2435341678437484,12.062872648239136
x-ai/grok-4.1-fast,dictator,32,20531,2,I share 2500 dollars,2500.0,0.1217670839218742,18.61262273788452
x-ai/grok-4.1-fast,dictator,32,20531,3,I share 5000 dollars,5000.0,0.2435341678437484,15.301528930664062
x-ai/grok-4.1-fast,dictator,32,13578,1,I share 4000 dollars,4000.0,0.294594196494329,20.807063102722168
x-ai/grok-4.1-fast,dictator,32,13578,2,I share 4000 dollars,4000.0,0.294594196494329,13.870429039001465
x-ai/grok-4.1-fast,dictator,32,13578,3,I share 2500 dollars,2500.0,0.1841213728089556,16.925742626190186
x-ai/grok-4.1-fast,dictator,32,5938,1,I share 1800 dollars,1800.0,0.3031323678006062,19.240939378738403
x-ai/grok-4.1-fast,dictator,32,5938,2,I share 2000 dollars,2000.0,0.3368137420006736,25.61244344711304
x-ai/grok-4.1-fast,dictator,32,5938,3,I share 2000 dollars,2000.0,0.3368137420006736,22.79733180999756
x-ai/grok-4.1-fast,dictator,32,46962,1,I share 5000 dollars,5000.0,0.1064690600911375,12.071547031402588
x-ai/grok-4.1-fast,dictator,32,46962,2,I share 15000 dollars,15000.0,0.3194071802734125,16.3767249584198
x-ai/grok-4.1-fast,dictator,32,46962,3,I share 10000 dollars.,10000.0,0.212938120182275,17.302308797836304
x-ai/grok-4.1-fast,dictator,32,71000,1,I share 20000 dollars,20000.0,0.2816901408450704,11.755281925201416
x-ai/grok-4.1-fast,dictator,32,71000,2,I share 25000 dollars,25000.0,0.352112676056338,12.251488208770752
x-ai/grok-4.1-fast,dictator,32,71000,3,I share 25000 dollars,25000.0,0.352112676056338,15.013669490814207
x-ai/grok-4.1-fast,dictator,32,31054,1,I share 5000 dollars,5000.0,0.1610098538030527,13.656089782714844
x-ai/grok-4.1-fast,dictator,32,31054,2,I share 10665 dollars,10665.0,0.3434340181619115,32.365623474121094
x-ai/grok-4.1-fast,dictator,32,31054,3,I share 5000 dollars,5000.0,0.1610098538030527,17.112671613693237
x-ai/grok-4.1-fast,dictator,32,250000,1,I share 50000 dollars,50000.0,0.2,16.27578568458557
x-ai/grok-4.1-fast,dictator,32,250000,2,I share 20000 dollars,20000.0,0.08,12.10601806640625
x-ai/grok-4.1-fast,dictator,32,250000,3,I share 50000 dollars,50000.0,0.2,11.221365690231323
x-ai/grok-4.1-fast,dictator,32,162379,1,I share 20000 dollars,20000.0,0.1231686363384427,19.347282886505127
x-ai/grok-4.1-fast,dictator,32,162379,2,I share 25000 dollars,25000.0,0.1539607954230534,9.419458627700806
x-ai/grok-4.1-fast,dictator,32,162379,3,I share 32000 dollars,32000.0,0.1970698181415084,18.206478595733643
x-ai/grok-4.1-fast,dictator,34,2,1,I share 1 dollars,1.0,0.5,5.029314279556274
x-ai/grok-4.1-fast,dictator,34,2,2,I share 1 dollars,1.0,0.5,6.444021463394165
x-ai/grok-4.1-fast,dictator,34,2,3,I share 1 dollars,1.0,0.5,6.445401430130005
x-ai/grok-4.1-fast,dictator,32,107392,1,I share 20000 dollars,20000.0,0.186233611442193,21.660086631774902
x-ai/grok-4.1-fast,dictator,32,107392,2,I share 15000 dollars,15000.0,0.1396752085816448,12.632645845413208
x-ai/grok-4.1-fast,dictator,32,107392,3,I share 30000 dollars,30000.0,0.2793504171632896,13.580003261566162
x-ai/grok-4.1-fast,dictator,34,3,1,I share 1 dollars,1.0,0.3333333333333333,10.732083797454834
x-ai/grok-4.1-fast,dictator,34,3,2,I share 1 dollars,1.0,0.3333333333333333,11.43861484527588
x-ai/grok-4.1-fast,dictator,34,3,3,I share 1 dollars,1.0,0.3333333333333333,7.3651282787323
x-ai/grok-4.1-fast,dictator,34,1,1,I share 0.34 dollars,0.34,0.34,11.327285051345823
x-ai/grok-4.1-fast,dictator,34,1,2,I share 0.34 dollars,0.34,0.34,9.840994358062744
x-ai/grok-4.1-fast,dictator,34,1,3,I share 0.34 dollars,0.34,0.34,19.764243364334103
x-ai/grok-4.1-fast,dictator,34,5,1,I share 2 dollars,2.0,0.4,8.17405891418457
x-ai/grok-4.1-fast,dictator,34,5,2,I share 2 dollars,2.0,0.4,11.382732391357422
x-ai/grok-4.1-fast,dictator,34,5,3,I share 2 dollars,2.0,0.4,11.315410614013672
x-ai/grok-4.1-fast,dictator,34,8,1,I share 3 dollars,3.0,0.375,16.253945350646973
x-ai/grok-4.1-fast,dictator,34,8,2,I share 3 dollars,3.0,0.375,8.605420351028442
x-ai/grok-4.1-fast,dictator,34,8,3,I share 3 dollars,3.0,0.375,4.505558729171753
x-ai/grok-4.1-fast,dictator,34,10,1,I share 3 dollars,3.0,0.3,16.27532958984375
x-ai/grok-4.1-fast,dictator,34,10,2,I share 3 dollars,3.0,0.3,7.460508823394775
x-ai/grok-4.1-fast,dictator,34,10,3,I share 4 dollars,4.0,0.4,5.850614070892334
x-ai/grok-4.1-fast,dictator,34,12,1,I share 4 dollars,4.0,0.3333333333333333,16.032763481140137
x-ai/grok-4.1-fast,dictator,34,12,2,I share 4 dollars,4.0,0.3333333333333333,12.577215433120728
x-ai/grok-4.1-fast,dictator,34,12,3,I share 5 dollars,5.0,0.4166666666666667,10.73836064338684
x-ai/grok-4.1-fast,dictator,34,18,1,I share 3 dollars,3.0,0.1666666666666666,12.786559343338013
x-ai/grok-4.1-fast,dictator,34,18,2,I share 5 dollars,5.0,0.2777777777777778,11.019012928009031
x-ai/grok-4.1-fast,dictator,34,18,3,I share 6 dollars,6.0,0.3333333333333333,14.43997287750244
x-ai/grok-4.1-fast,dictator,34,27,1,I share 10 dollars,10.0,0.3703703703703703,9.664928674697876
x-ai/grok-4.1-fast,dictator,34,27,2,I share 10 dollars,10.0,0.3703703703703703,10.726144075393677
x-ai/grok-4.1-fast,dictator,34,27,3,I share 9 dollars,9.0,0.3333333333333333,11.833503723144531
x-ai/grok-4.1-fast,dictator,34,95,1,I share 25 dollars,25.0,0.2631578947368421,7.509694099426269
x-ai/grok-4.1-fast,dictator,34,95,2,I share 25 dollars,25.0,0.2631578947368421,17.24593210220337
x-ai/grok-4.1-fast,dictator,34,95,3,I share 25 dollars,25.0,0.2631578947368421,8.01465654373169
x-ai/grok-4.1-fast,dictator,34,41,1,I share 10 dollars,10.0,0.2439024390243902,10.629152059555054
x-ai/grok-4.1-fast,dictator,34,41,2,I share 12 dollars,12.0,0.2926829268292683,16.882546424865723
x-ai/grok-4.1-fast,dictator,34,41,3,I share 15 dollars,15.0,0.3658536585365853,9.410202741622925
x-ai/grok-4.1-fast,dictator,34,63,1,I share 25 dollars,25.0,0.3968253968253968,7.229527473449707
x-ai/grok-4.1-fast,dictator,34,63,2,I share 21 dollars,21.0,0.3333333333333333,15.784595012664797
x-ai/grok-4.1-fast,dictator,34,63,3,I share 25 dollars,25.0,0.3968253968253968,13.50882124900818
x-ai/grok-4.1-fast,dictator,34,144,1,I share 48 dollars,48.0,0.3333333333333333,14.680400609970093
x-ai/grok-4.1-fast,dictator,34,144,2,I share 48 dollars,48.0,0.3333333333333333,11.619319915771484
x-ai/grok-4.1-fast,dictator,34,144,3,I share 50 dollars,50.0,0.3472222222222222,7.236538648605347
x-ai/grok-4.1-fast,dictator,34,328,1,I share 100 dollars,100.0,0.3048780487804878,10.414044380187988
x-ai/grok-4.1-fast,dictator,34,328,2,I share 100 dollars,100.0,0.3048780487804878,9.705485343933104
x-ai/grok-4.1-fast,dictator,34,328,3,I share 100 dollars,100.0,0.3048780487804878,15.215806484222412
x-ai/grok-4.1-fast,dictator,34,217,1,I share 70 dollars,70.0,0.3225806451612903,8.329427719116211
x-ai/grok-4.1-fast,dictator,34,217,2,I share 100 dollars,100.0,0.4608294930875576,13.822768211364746
x-ai/grok-4.1-fast,dictator,34,217,3,I share 50 dollars,50.0,0.2304147465437788,17.788665771484375
x-ai/grok-4.1-fast,dictator,34,1135,1,I share 300 dollars,300.0,0.2643171806167401,9.246871709823608
x-ai/grok-4.1-fast,dictator,34,1135,2,I share 454 dollars,454.0,0.4,18.17027187347412
x-ai/grok-4.1-fast,dictator,34,1135,3,I share 300 dollars,300.0,0.2643171806167401,19.265944242477417
x-ai/grok-4.1-fast,dictator,34,751,1,I share 300 dollars,300.0,0.3994673768308921,14.04973316192627
x-ai/grok-4.1-fast,dictator,34,751,2,I share 200 dollars,200.0,0.2663115845539281,12.69028615951538
x-ai/grok-4.1-fast,dictator,34,751,3,I share 200 dollars,200.0,0.2663115845539281,22.14925003051757
x-ai/grok-4.1-fast,dictator,34,496,1,I share 150 dollars,150.0,0.3024193548387097,22.286680936813354
x-ai/grok-4.1-fast,dictator,34,496,2,I share 150 dollars,150.0,0.3024193548387097,25.085294008255005
x-ai/grok-4.1-fast,dictator,34,496,3,I share 248 dollars,248.0,0.5,15.615715265274048
x-ai/grok-4.1-fast,dictator,34,3926,1,I share 500 dollars,500.0,0.1273560876209883,13.694491147994995
x-ai/grok-4.1-fast,dictator,34,3926,2,I share 1000 dollars,1000.0,0.2547121752419766,10.026954650878906
x-ai/grok-4.1-fast,dictator,34,3926,3,I share 1500 dollars,1500.0,0.3820682628629648,14.784111738204956
x-ai/grok-4.1-fast,dictator,34,2596,1,I share 1000 dollars,1000.0,0.3852080123266564,20.63673567771912
x-ai/grok-4.1-fast,dictator,34,2596,2,I share 500 dollars,500.0,0.1926040061633282,25.066298961639404
x-ai/grok-4.1-fast,dictator,34,2596,3,I share 800 dollars,800.0,0.3081664098613251,12.083251237869264
x-ai/grok-4.1-fast,dictator,34,1717,1,I share 343 dollars,343.0,0.1997670355270821,21.948894262313843
x-ai/grok-4.1-fast,dictator,34,1717,2,I share 500 dollars,500.0,0.29120559114735,35.61460542678833
x-ai/grok-4.1-fast,dictator,34,1717,3,I share 500 dollars.,500.0,0.29120559114735,22.08366084098816
x-ai/grok-4.1-fast,dictator,34,5938,1,I share 1800 dollars,1800.0,0.3031323678006062,15.219579696655272
x-ai/grok-4.1-fast,dictator,34,5938,2,I share 2000 dollars,2000.0,0.3368137420006736,17.70397448539734
x-ai/grok-4.1-fast,dictator,34,5938,3,I share 2000 dollars,2000.0,0.3368137420006736,21.534135818481445
x-ai/grok-4.1-fast,dictator,34,8979,1,I share 3000 dollars,3000.0,0.3341129301703976,27.89377331733704
x-ai/grok-4.1-fast,dictator,34,8979,2,I share 2000 dollars,2000.0,0.2227419534469317,13.597835063934326
x-ai/grok-4.1-fast,dictator,34,8979,3,I share 2993 dollars,2993.0,0.3333333333333333,30.69195890426636
x-ai/grok-4.1-fast,dictator,34,13578,1,I share 6789 dollars,6789.0,0.5,29.44033932685852
x-ai/grok-4.1-fast,dictator,34,13578,2,I share 2500 dollars,2500.0,0.1841213728089556,18.79234409332276
x-ai/grok-4.1-fast,dictator,34,13578,3,I share 4000 dollars,4000.0,0.294594196494329,13.088827848434448
x-ai/grok-4.1-fast,dictator,34,71000,1,I share 20000 dollars,20000.0,0.2816901408450704,11.129348754882812
x-ai/grok-4.1-fast,dictator,34,71000,2,I share 15000 dollars,15000.0,0.2112676056338028,9.104806661605837
x-ai/grok-4.1-fast,dictator,34,71000,3,I share 15000 dollars,15000.0,0.2112676056338028,12.870161294937134
x-ai/grok-4.1-fast,dictator,34,46962,1,I share 10000 dollars,10000.0,0.212938120182275,16.295499086380005
x-ai/grok-4.1-fast,dictator,34,46962,2,I share 15654 dollars,15654.0,0.3333333333333333,19.51987314224243
x-ai/grok-4.1-fast,dictator,34,46962,3,I share 10000 dollars,10000.0,0.212938120182275,16.42771291732788
x-ai/grok-4.1-fast,dictator,34,20531,1,I share 8212 dollars,8212.0,0.3999805172665725,18.23381233215332
x-ai/grok-4.1-fast,dictator,34,20531,2,I share 6159 dollars,6159.0,0.2999853879499293,25.318501949310303
x-ai/grok-4.1-fast,dictator,34,20531,3,I share 8237 dollars,8237.0,0.4011981881057912,33.33611083030701
x-ai/grok-4.1-fast,dictator,34,31054,1,I share 10000 dollars,10000.0,0.3220197076061055,15.904855966567991
x-ai/grok-4.1-fast,dictator,34,31054,2,I share 15527 dollars,15527.0,0.5,10.301648616790771
x-ai/grok-4.1-fast,dictator,34,31054,3,I share 10000 dollars,10000.0,0.3220197076061055,37.25216627120972
x-ai/grok-4.1-fast,dictator,34,107392,1,I share 30000 dollars,30000.0,0.2793504171632896,20.22581672668457
x-ai/grok-4.1-fast,dictator,34,107392,2,I share 20000 dollars,20000.0,0.186233611442193,19.07168197631836
x-ai/grok-4.1-fast,dictator,34,107392,3,I share 30000 dollars,30000.0,0.2793504171632896,12.690653324127195
x-ai/grok-4.1-fast,dictator,36,3,1,I share 1 dollars,1.0,0.3333333333333333,7.306305885314941
x-ai/grok-4.1-fast,dictator,36,3,2,I share 1 dollars,1.0,0.3333333333333333,15.99175190925598
x-ai/grok-4.1-fast,dictator,36,3,3,I share 1 dollars,1.0,0.3333333333333333,8.391640901565552
x-ai/grok-4.1-fast,dictator,36,2,1,I share 1 dollars,1.0,0.5,7.675261735916138
x-ai/grok-4.1-fast,dictator,36,2,2,I share 1 dollars,1.0,0.5,16.808976650238037
x-ai/grok-4.1-fast,dictator,36,2,3,I share 1 dollars,1.0,0.5,10.26952576637268
x-ai/grok-4.1-fast,dictator,34,162379,1,I share 40000 dollars,40000.0,0.2463372726768855,12.412060976028442
x-ai/grok-4.1-fast,dictator,34,162379,2,I share 54126 dollars,54126.0,0.3333312805227277,23.97598671913147
x-ai/grok-4.1-fast,dictator,34,162379,3,I share 20000 dollars,20000.0,0.1231686363384427,22.608532905578613
x-ai/grok-4.1-fast,dictator,34,250000,1,I share 50000 dollars,50000.0,0.2,13.556170225143433
x-ai/grok-4.1-fast,dictator,34,250000,2,I share 25000 dollars,25000.0,0.1,19.243610620498657
x-ai/grok-4.1-fast,dictator,34,250000,3,I share 25000 dollars,25000.0,0.1,14.68584942817688
x-ai/grok-4.1-fast,dictator,36,1,1,I share 0.30 dollars,0.3,0.3,10.393307209014893
x-ai/grok-4.1-fast,dictator,36,1,2,I share 0.36 dollars,0.36,0.36,17.580610990524292
x-ai/grok-4.1-fast,dictator,36,1,3,I share 0.20 dollars,0.2,0.2,16.28059983253479
x-ai/grok-4.1-fast,dictator,36,5,1,I share 2 dollars,2.0,0.4,7.32689642906189
x-ai/grok-4.1-fast,dictator,36,5,2,I share 2 dollars,2.0,0.4,11.917701005935667
x-ai/grok-4.1-fast,dictator,36,5,3,I share 2 dollars,2.0,0.4,15.71212363243103
x-ai/grok-4.1-fast,dictator,36,8,1,I share 3 dollars,3.0,0.375,7.46975040435791
x-ai/grok-4.1-fast,dictator,36,8,2,I share 3 dollars,3.0,0.375,13.34042239189148
x-ai/grok-4.1-fast,dictator,36,8,3,I share 3 dollars,3.0,0.375,9.374342441558838
x-ai/grok-4.1-fast,dictator,36,10,1,I share 3 dollars,3.0,0.3,4.541876554489136
x-ai/grok-4.1-fast,dictator,36,10,2,I share 2 dollars,2.0,0.2,11.1528058052063
x-ai/grok-4.1-fast,dictator,36,10,3,I share 3 dollars,3.0,0.3,17.363953113555908
x-ai/grok-4.1-fast,dictator,36,18,1,I share 6 dollars,6.0,0.3333333333333333,15.33632516860962
x-ai/grok-4.1-fast,dictator,36,18,2,I share 6 dollars,6.0,0.3333333333333333,10.070191621780396
x-ai/grok-4.1-fast,dictator,36,18,3,I share 6 dollars,6.0,0.3333333333333333,6.858301401138306
x-ai/grok-4.1-fast,dictator,36,12,1,I share 3 dollars,3.0,0.25,19.04438042640686
x-ai/grok-4.1-fast,dictator,36,12,2,I share 4 dollars,4.0,0.3333333333333333,12.590903043746948
x-ai/grok-4.1-fast,dictator,36,12,3,I share 4 dollars,4.0,0.3333333333333333,8.378455638885498
x-ai/grok-4.1-fast,dictator,36,27,1,I share 9 dollars,9.0,0.3333333333333333,15.345540761947632
x-ai/grok-4.1-fast,dictator,36,27,2,I share 10 dollars,10.0,0.3703703703703703,15.268474102020264
x-ai/grok-4.1-fast,dictator,36,27,3,I share 10 dollars,10.0,0.3703703703703703,7.0071306228637695
x-ai/grok-4.1-fast,dictator,36,63,1,I share 20 dollars,20.0,0.3174603174603174,8.353287935256958
x-ai/grok-4.1-fast,dictator,36,63,2,I share 20 dollars,20.0,0.3174603174603174,8.682690382003784
x-ai/grok-4.1-fast,dictator,36,63,3,I share 21 dollars,21.0,0.3333333333333333,7.68402624130249
x-ai/grok-4.1-fast,dictator,36,41,1,I share 10 dollars,10.0,0.2439024390243902,9.552881956100464
x-ai/grok-4.1-fast,dictator,36,41,2,I share 15 dollars,15.0,0.3658536585365853,15.747953414916992
x-ai/grok-4.1-fast,dictator,36,41,3,I share 15 dollars,15.0,0.3658536585365853,9.041445970535278
x-ai/grok-4.1-fast,dictator,36,144,1,I share 36 dollars,36.0,0.25,11.588499784469604
x-ai/grok-4.1-fast,dictator,36,144,2,I share 50 dollars,50.0,0.3472222222222222,7.797539472579956
x-ai/grok-4.1-fast,dictator,36,144,3,I share 72 dollars,72.0,0.5,12.880204677581789
x-ai/grok-4.1-fast,dictator,36,95,1,I share 25 dollars,25.0,0.2631578947368421,10.59570050239563
x-ai/grok-4.1-fast,dictator,36,95,2,I share 35 dollars,35.0,0.3684210526315789,12.896735668182371
x-ai/grok-4.1-fast,dictator,36,95,3,I share 30 dollars,30.0,0.3157894736842105,13.867093563079834
x-ai/grok-4.1-fast,dictator,36,328,1,I share 100 dollars,100.0,0.3048780487804878,15.302085399627686
x-ai/grok-4.1-fast,dictator,36,328,2,I share 100 dollars,100.0,0.3048780487804878,10.567769050598145
x-ai/grok-4.1-fast,dictator,36,328,3,I share 100 dollars,100.0,0.3048780487804878,10.051512956619264
x-ai/grok-4.1-fast,dictator,36,217,1,I share 100 dollars,100.0,0.4608294930875576,16.95021939277649
x-ai/grok-4.1-fast,dictator,36,217,2,I share 100 dollars,100.0,0.4608294930875576,10.463528156280518
x-ai/grok-4.1-fast,dictator,36,217,3,I share 50 dollars,50.0,0.2304147465437788,10.355420112609863
x-ai/grok-4.1-fast,dictator,36,496,1,I share 200 dollars,200.0,0.4032258064516129,12.061378479003906
x-ai/grok-4.1-fast,dictator,36,496,2,I share 150 dollars,150.0,0.3024193548387097,17.20325255393982
x-ai/grok-4.1-fast,dictator,36,496,3,I share 100 dollars,100.0,0.2016129032258064,10.06921648979187
x-ai/grok-4.1-fast,dictator,36,751,1,I share 250 dollars,250.0,0.3328894806924101,13.24440860748291
x-ai/grok-4.1-fast,dictator,36,751,2,I share 200 dollars,200.0,0.2663115845539281,10.344573736190796
x-ai/grok-4.1-fast,dictator,36,751,3,I share 150 dollars,150.0,0.199733688415446,12.191227674484251
x-ai/grok-4.1-fast,dictator,36,1135,1,I share 350 dollars,350.0,0.3083700440528634,15.4474139213562
x-ai/grok-4.1-fast,dictator,36,1135,2,I share 300 dollars,300.0,0.2643171806167401,10.562796115875244
x-ai/grok-4.1-fast,dictator,36,1135,3,I share 400 dollars,400.0,0.3524229074889868,9.689720869064333
x-ai/grok-4.1-fast,dictator,36,3926,1,I share 1000 dollars,1000.0,0.2547121752419766,14.254456520080566
x-ai/grok-4.1-fast,dictator,36,3926,2,I share 1000 dollars,1000.0,0.2547121752419766,13.09692883491516
x-ai/grok-4.1-fast,dictator,36,3926,3,I share 1000 dollars,1000.0,0.2547121752419766,15.868894577026367
x-ai/grok-4.1-fast,dictator,36,1717,1,I share 858 dollars,858.0,0.4997087944088526,15.54949402809143
x-ai/grok-4.1-fast,dictator,36,1717,2,I share 618 dollars,618.0,0.3599301106581246,28.042352199554443
x-ai/grok-4.1-fast,dictator,36,1717,3,I share 400 dollars,400.0,0.23296447291788,14.114141702651978
x-ai/grok-4.1-fast,dictator,36,2596,1,I share 1000 dollars,1000.0,0.3852080123266564,15.883082628250122
x-ai/grok-4.1-fast,dictator,36,2596,2,I share 844 dollars,844.0,0.325115562403698,32.09644961357117
x-ai/grok-4.1-fast,dictator,36,2596,3,I share 400 dollars,400.0,0.1540832049306625,11.82765531539917
x-ai/grok-4.1-fast,dictator,36,8979,1,I share 2000 dollars,2000.0,0.2227419534469317,11.409553050994871
x-ai/grok-4.1-fast,dictator,36,8979,2,I share 1000 dollars.,1000.0,0.1113709767234658,17.728365421295166
x-ai/grok-4.1-fast,dictator,36,8979,3,I share 2000 dollars,2000.0,0.2227419534469317,16.548015594482422
x-ai/grok-4.1-fast,dictator,36,5938,1,I share 2000 dollars,2000.0,0.3368137420006736,15.277645587921144
x-ai/grok-4.1-fast,dictator,36,5938,2,I share 1500 dollars,1500.0,0.2526103065005052,14.145782470703123
x-ai/grok-4.1-fast,dictator,36,5938,3,I share 1930 dollars,1930.0,0.32502526103065,23.84619951248169
x-ai/grok-4.1-fast,dictator,36,13578,1,I share 2500 dollars,2500.0,0.1841213728089556,11.097491264343262
x-ai/grok-4.1-fast,dictator,36,13578,2,I share 5000 dollars,5000.0,0.3682427456179113,18.007771968841553
x-ai/grok-4.1-fast,dictator,36,13578,3,I share 4000 dollars,4000.0,0.294594196494329,31.478795051574707
x-ai/grok-4.1-fast,dictator,36,107392,1,I share 20000 dollars,20000.0,0.186233611442193,15.14387559890747
x-ai/grok-4.1-fast,dictator,36,107392,2,I share 20000 dollars,20000.0,0.186233611442193,13.360271453857422
x-ai/grok-4.1-fast,dictator,36,107392,3,I share 25000 dollars,25000.0,0.2327920143027413,6.791271686553955
x-ai/grok-4.1-fast,dictator,36,31054,1,I share 10000 dollars,10000.0,0.3220197076061055,20.62056612968445
x-ai/grok-4.1-fast,dictator,36,31054,2,I share 10000 dollars,10000.0,0.3220197076061055,14.624202966690063
x-ai/grok-4.1-fast,dictator,36,31054,3,I share 5000 dollars.,5000.0,0.1610098538030527,21.43916392326355
x-ai/grok-4.1-fast,dictator,36,20531,1,I share 2053 dollars,2053.0,0.0999951293166431,13.339338779449465
x-ai/grok-4.1-fast,dictator,36,20531,2,I share 6500 dollars,6500.0,0.316594418196873,25.544021606445312
x-ai/grok-4.1-fast,dictator,36,20531,3,I share 6636 dollars,6636.0,0.3232185475622229,26.594457626342773
x-ai/grok-4.1-fast,dictator,36,71000,1,I share 15000 dollars,15000.0,0.2112676056338028,23.155186891555783
x-ai/grok-4.1-fast,dictator,36,71000,2,I share 25000 dollars.,25000.0,0.352112676056338,9.714720964431764
x-ai/grok-4.1-fast,dictator,36,71000,3,I share 15000 dollars,15000.0,0.2112676056338028,12.691075086593628
x-ai/grok-4.1-fast,dictator,36,46962,1,I share 15000 dollars,15000.0,0.3194071802734125,22.381232023239136
x-ai/grok-4.1-fast,dictator,36,46962,2,I share 15000 dollars,15000.0,0.3194071802734125,18.89852809906006
x-ai/grok-4.1-fast,dictator,36,46962,3,I share 10000 dollars,10000.0,0.212938120182275,13.199061155319214
x-ai/grok-4.1-fast,dictator,38,1,1,I share 0.20 dollars,0.2,0.2,10.503496170043944
x-ai/grok-4.1-fast,dictator,38,1,2,I share 0.50 dollars,0.5,0.5,11.181355476379396
x-ai/grok-4.1-fast,dictator,38,1,3,I share 0.38 dollars,0.38,0.38,8.890834093093872
x-ai/grok-4.1-fast,dictator,38,3,1,I share 1 dollars,1.0,0.3333333333333333,7.3961851596832275
x-ai/grok-4.1-fast,dictator,38,3,2,I share 1 dollars,1.0,0.3333333333333333,7.906680345535278
x-ai/grok-4.1-fast,dictator,38,3,3,I share 1 dollars,1.0,0.3333333333333333,11.0614116191864
x-ai/grok-4.1-fast,dictator,38,2,1,I share 1 dollars,1.0,0.5,10.98630166053772
x-ai/grok-4.1-fast,dictator,38,2,2,I share 0.50 dollars,0.5,0.25,9.2143235206604
x-ai/grok-4.1-fast,dictator,38,2,3,I share 1 dollars,1.0,0.5,7.281394243240356
x-ai/grok-4.1-fast,dictator,36,162379,1,I share $40000 dollars,40000.0,0.2463372726768855,19.9719295501709
x-ai/grok-4.1-fast,dictator,36,162379,2,I share 20000 dollars,20000.0,0.1231686363384427,8.34972620010376
x-ai/grok-4.1-fast,dictator,36,162379,3,I share 52486 dollars,52486.0,0.3232314523429754,24.269959926605225
x-ai/grok-4.1-fast,dictator,36,250000,1,I share 50000 dollars,50000.0,0.2,10.021071672439575
x-ai/grok-4.1-fast,dictator,36,250000,2,I share 20000 dollars,20000.0,0.08,21.3018605709076
x-ai/grok-4.1-fast,dictator,36,250000,3,I share 25000 dollars,25000.0,0.1,9.237905740737917
x-ai/grok-4.1-fast,dictator,38,5,1,I share 2 dollars,2.0,0.4,8.608028173446655
x-ai/grok-4.1-fast,dictator,38,5,2,I share 2 dollars,2.0,0.4,8.837115049362183
x-ai/grok-4.1-fast,dictator,38,5,3,I share 2 dollars,2.0,0.4,10.9173743724823
x-ai/grok-4.1-fast,dictator,38,10,1,I share 3 dollars,3.0,0.3,10.938633441925049
x-ai/grok-4.1-fast,dictator,38,10,2,I share 3 dollars,3.0,0.3,10.384100437164308
x-ai/grok-4.1-fast,dictator,38,10,3,I share 4 dollars,4.0,0.4,3.6575427055358887
x-ai/grok-4.1-fast,dictator,38,12,1,I share 3 dollars,3.0,0.25,9.610968589782717
x-ai/grok-4.1-fast,dictator,38,12,2,I share 3 dollars,3.0,0.25,7.237627029418945
x-ai/grok-4.1-fast,dictator,38,12,3,I share 4 dollars,4.0,0.3333333333333333,10.743035793304443
x-ai/grok-4.1-fast,dictator,38,8,1,I share 2 dollars,2.0,0.25,7.56795597076416
x-ai/grok-4.1-fast,dictator,38,8,2,I share 3 dollars,3.0,0.375,10.231117248535156
x-ai/grok-4.1-fast,dictator,38,8,3,I share 2 dollars,2.0,0.25,11.245225429534912
x-ai/grok-4.1-fast,dictator,38,41,1,I share 20 dollars,20.0,0.4878048780487805,9.076644659042358
x-ai/grok-4.1-fast,dictator,38,41,2,I share 15 dollars,15.0,0.3658536585365853,9.79532027244568
x-ai/grok-4.1-fast,dictator,38,41,3,I share 15 dollars,15.0,0.3658536585365853,9.44214916229248
x-ai/grok-4.1-fast,dictator,38,18,1,I share 4 dollars,4.0,0.2222222222222222,9.600239515304564
x-ai/grok-4.1-fast,dictator,38,18,2,I share 5 dollars,5.0,0.2777777777777778,16.367109537124634
x-ai/grok-4.1-fast,dictator,38,18,3,I share 6 dollars,6.0,0.3333333333333333,9.92608094215393
x-ai/grok-4.1-fast,dictator,38,27,1,I share 10 dollars,10.0,0.3703703703703703,9.549765825271606
x-ai/grok-4.1-fast,dictator,38,27,2,I share 10 dollars,10.0,0.3703703703703703,12.588201761245728
x-ai/grok-4.1-fast,dictator,38,27,3,I share 10 dollars,10.0,0.3703703703703703,13.524544954299929
x-ai/grok-4.1-fast,dictator,38,63,1,I share 20 dollars,20.0,0.3174603174603174,9.604737758636476
x-ai/grok-4.1-fast,dictator,38,63,2,I share 20 dollars,20.0,0.3174603174603174,6.676968097686768
x-ai/grok-4.1-fast,dictator,38,63,3,I share 20 dollars,20.0,0.3174603174603174,6.649378061294556
x-ai/grok-4.1-fast,dictator,38,95,1,I share 30 dollars,30.0,0.3157894736842105,7.497979879379272
x-ai/grok-4.1-fast,dictator,38,95,2,I share 25 dollars,25.0,0.2631578947368421,9.592999696731567
x-ai/grok-4.1-fast,dictator,38,95,3,I share 30 dollars,30.0,0.3157894736842105,11.058921575546265
x-ai/grok-4.1-fast,dictator,38,328,1,I share 100 dollars,100.0,0.3048780487804878,8.28568959236145
x-ai/grok-4.1-fast,dictator,38,328,2,I share 100 dollars,100.0,0.3048780487804878,11.383351564407349
x-ai/grok-4.1-fast,dictator,38,328,3,I share 100 dollars,100.0,0.3048780487804878,12.291109323501589
x-ai/grok-4.1-fast,dictator,38,217,1,I share 100 dollars,100.0,0.4608294930875576,15.07701587677002
x-ai/grok-4.1-fast,dictator,38,217,2,I share 70 dollars,70.0,0.3225806451612903,11.954017400741575
x-ai/grok-4.1-fast,dictator,38,217,3,I share 75 dollars,75.0,0.3456221198156682,7.826037406921387
x-ai/grok-4.1-fast,dictator,38,144,1,I share 40 dollars,40.0,0.2777777777777778,10.954289197921751
x-ai/grok-4.1-fast,dictator,38,144,2,I share 36 dollars,36.0,0.25,27.31207847595215
x-ai/grok-4.1-fast,dictator,38,144,3,I share 45 dollars,45.0,0.3125,11.03964138031006
x-ai/grok-4.1-fast,dictator,38,496,1,I share 180 dollars,180.0,0.3629032258064516,15.35720682144165
x-ai/grok-4.1-fast,dictator,38,496,2,I share 150 dollars,150.0,0.3024193548387097,9.272645235061646
x-ai/grok-4.1-fast,dictator,38,496,3,I share 155 dollars,155.0,0.3125,14.771786212921144
x-ai/grok-4.1-fast,dictator,38,751,1,I share 289 dollars,289.0,0.3848202396804261,19.618141174316406
x-ai/grok-4.1-fast,dictator,38,751,2,I share 200 dollars,200.0,0.2663115845539281,10.063902139663696
x-ai/grok-4.1-fast,dictator,38,751,3,I share 300 dollars,300.0,0.3994673768308921,9.302144765853882
x-ai/grok-4.1-fast,dictator,38,1135,1,I share 400 dollars,400.0,0.3524229074889868,8.802002429962158
x-ai/grok-4.1-fast,dictator,38,1135,2,I share 300 dollars,300.0,0.2643171806167401,10.656542539596558
x-ai/grok-4.1-fast,dictator,38,1135,3,I share 250 dollars,250.0,0.2202643171806167,22.18975782394409
x-ai/grok-4.1-fast,dictator,38,2596,1,I share 650 dollars,650.0,0.2503852080123266,17.138845443725586
x-ai/grok-4.1-fast,dictator,38,2596,2,I share 1000 dollars,1000.0,0.3852080123266564,17.607005834579468
x-ai/grok-4.1-fast,dictator,38,2596,3,I share 1000 dollars,1000.0,0.3852080123266564,14.87362575531006
x-ai/grok-4.1-fast,dictator,38,5938,1,I share 2000 dollars,2000.0,0.3368137420006736,14.036533117294312
x-ai/grok-4.1-fast,dictator,38,5938,2,I share 1500 dollars,1500.0,0.2526103065005052,15.227499961853027
x-ai/grok-4.1-fast,dictator,38,5938,3,I share 2000 dollars,2000.0,0.3368137420006736,9.737519264221191
x-ai/grok-4.1-fast,dictator,38,8979,1,I share 2000 dollars,2000.0,0.2227419534469317,11.954551458358765
x-ai/grok-4.1-fast,dictator,38,8979,2,I share 1000 dollars,1000.0,0.1113709767234658,9.283109426498411
x-ai/grok-4.1-fast,dictator,38,8979,3,I share 1000 dollars,1000.0,0.1113709767234658,15.845886468887327
x-ai/grok-4.1-fast,dictator,38,3926,1,I share 1000 dollars,1000.0,0.2547121752419766,13.10986304283142
x-ai/grok-4.1-fast,dictator,38,3926,2,I share 1000 dollars,1000.0,0.2547121752419766,17.58588194847107
x-ai/grok-4.1-fast,dictator,38,3926,3,I share 1500 dollars,1500.0,0.3820682628629648,18.361181497573853
x-ai/grok-4.1-fast,dictator,38,1717,1,I share 350 dollars,350.0,0.203843913803145,21.965789556503296
x-ai/grok-4.1-fast,dictator,38,1717,2,I share 400 dollars,400.0,0.23296447291788,21.707798719406128
x-ai/grok-4.1-fast,dictator,38,1717,3,I share 541 dollars,541.0,0.3150844496214327,23.23091125488281
x-ai/grok-4.1-fast,dictator,38,13578,1,I share 2000 dollars,2000.0,0.1472970982471645,16.744009017944336
x-ai/grok-4.1-fast,dictator,38,13578,2,I share 2000 dollars,2000.0,0.1472970982471645,15.55996584892273
x-ai/grok-4.1-fast,dictator,38,13578,3,I share 4000 dollars,4000.0,0.294594196494329,24.754727125167847
x-ai/grok-4.1-fast,dictator,38,71000,1,I share 25000 dollars,25000.0,0.352112676056338,15.139975786209106
x-ai/grok-4.1-fast,dictator,38,71000,2,I share 20000 dollars,20000.0,0.2816901408450704,6.24300742149353
x-ai/grok-4.1-fast,dictator,38,71000,3,I share 20000 dollars,20000.0,0.2816901408450704,14.999940156936646
x-ai/grok-4.1-fast,dictator,38,46962,1,I share 15000 dollars,15000.0,0.3194071802734125,19.70067667961121
x-ai/grok-4.1-fast,dictator,38,46962,2,I share 5000 dollars,5000.0,0.1064690600911375,15.228209257125854
x-ai/grok-4.1-fast,dictator,38,46962,3,I share 15000 dollars,15000.0,0.3194071802734125,11.452100038528442
x-ai/grok-4.1-fast,dictator,38,20531,1,I share 5000 dollars.,5000.0,0.2435341678437484,28.24179768562317
x-ai/grok-4.1-fast,dictator,38,20531,2,I share 3500 dollars,3500.0,0.1704739174906239,13.197868585586548
x-ai/grok-4.1-fast,dictator,38,20531,3,I share 1500 dollars,1500.0,0.0730602503531245,10.71028447151184
x-ai/grok-4.1-fast,dictator,38,107392,1,I share 40000 dollars,40000.0,0.3724672228843861,22.17059326171875
x-ai/grok-4.1-fast,dictator,38,107392,2,I share 38000 dollars,38000.0,0.3538438617401668,16.099100828170776
x-ai/grok-4.1-fast,dictator,38,107392,3,I share 25000 dollars,25000.0,0.2327920143027413,13.304288387298584
x-ai/grok-4.1-fast,dictator,38,31054,1,I share 12002 dollars,12002.0,0.3864880530688478,37.85138702392578
x-ai/grok-4.1-fast,dictator,38,31054,2,I share 10000 dollars,10000.0,0.3220197076061055,18.715803623199463
x-ai/grok-4.1-fast,dictator,38,31054,3,I share 4000 dollars,4000.0,0.1288078830424422,19.143959760665894
x-ai/grok-4.1-fast,dictator,40,2,1,I share 1 dollars,1.0,0.5,5.979679584503174
x-ai/grok-4.1-fast,dictator,40,2,2,I share 1 dollars,1.0,0.5,12.853374481201172
x-ai/grok-4.1-fast,dictator,40,2,3,I share 1 dollars,1.0,0.5,9.944045782089232
x-ai/grok-4.1-fast,dictator,38,250000,1,I share 10000 dollars,10000.0,0.04,12.012426853179932
x-ai/grok-4.1-fast,dictator,38,250000,2,I share 25000 dollars,25000.0,0.1,16.41560411453247
x-ai/grok-4.1-fast,dictator,38,250000,3,I share 50000 dollars,50000.0,0.2,8.832605123519897
x-ai/grok-4.1-fast,dictator,38,162379,1,I share 10000 dollars.,10000.0,0.0615843181692213,19.593202590942383
x-ai/grok-4.1-fast,dictator,38,162379,2,I share 81189 dollars,81189.0,0.4999969207840915,10.73978590965271
x-ai/grok-4.1-fast,dictator,38,162379,3,I share 62760 dollars,62760.0,0.3865031808300334,17.600518226623535
x-ai/grok-4.1-fast,dictator,40,1,1,I share 0.40 dollars,0.4,0.4,10.35435938835144
x-ai/grok-4.1-fast,dictator,40,1,2,I share 0.40 dollars,0.4,0.4,11.596632480621338
x-ai/grok-4.1-fast,dictator,40,1,3,I share 0.30 dollars,0.3,0.3,10.991677045822144
x-ai/grok-4.1-fast,dictator,40,3,1,I share 1 dollars,1.0,0.3333333333333333,4.888485908508301
x-ai/grok-4.1-fast,dictator,40,3,2,I share 1 dollars,1.0,0.3333333333333333,4.363455295562744
x-ai/grok-4.1-fast,dictator,40,3,3,I share 1 dollars,1.0,0.3333333333333333,7.5349977016448975
x-ai/grok-4.1-fast,dictator,40,5,1,I share 2 dollars,2.0,0.4,8.347585916519165
x-ai/grok-4.1-fast,dictator,40,5,2,I share 2 dollars,2.0,0.4,5.048182010650635
x-ai/grok-4.1-fast,dictator,40,5,3,I share 2 dollars,2.0,0.4,6.140847444534302
x-ai/grok-4.1-fast,dictator,40,10,1,I share 4 dollars,4.0,0.4,9.498245477676392
x-ai/grok-4.1-fast,dictator,40,10,2,I share 3 dollars,3.0,0.3,5.260540246963501
x-ai/grok-4.1-fast,dictator,40,10,3,I share 4 dollars,4.0,0.4,6.23949122428894
x-ai/grok-4.1-fast,dictator,40,18,1,I share 5 dollars,5.0,0.2777777777777778,6.665124177932739
x-ai/grok-4.1-fast,dictator,40,18,2,I share 6 dollars,6.0,0.3333333333333333,4.146856784820557
x-ai/grok-4.1-fast,dictator,40,18,3,I share 5 dollars,5.0,0.2777777777777778,7.607092380523682
x-ai/grok-4.1-fast,dictator,40,12,1,I share 2 dollars,2.0,0.1666666666666666,7.5950868129730225
x-ai/grok-4.1-fast,dictator,40,12,2,I share 4 dollars,4.0,0.3333333333333333,5.191479444503784
x-ai/grok-4.1-fast,dictator,40,12,3,I share 3 dollars,3.0,0.25,6.660580635070801
x-ai/grok-4.1-fast,dictator,40,27,1,I share 13 dollars,13.0,0.4814814814814814,12.274666547775269
x-ai/grok-4.1-fast,dictator,40,27,2,I share 7 dollars,7.0,0.2592592592592592,11.02392578125
x-ai/grok-4.1-fast,dictator,40,27,3,I share 10 dollars,10.0,0.3703703703703703,5.987475633621216
x-ai/grok-4.1-fast,dictator,40,41,1,I share 20 dollars,20.0,0.4878048780487805,5.621907234191895
x-ai/grok-4.1-fast,dictator,40,41,2,I share 20 dollars,20.0,0.4878048780487805,6.195473670959473
x-ai/grok-4.1-fast,dictator,40,41,3,I share 12 dollars,12.0,0.2926829268292683,7.613491058349609
x-ai/grok-4.1-fast,dictator,40,8,1,I share 2 dollars,2.0,0.25,11.043996810913086
x-ai/grok-4.1-fast,dictator,40,8,2,I share 2 dollars,2.0,0.25,11.851663827896118
x-ai/grok-4.1-fast,dictator,40,8,3,I share 2 dollars,2.0,0.25,13.500968933105469
x-ai/grok-4.1-fast,dictator,40,95,1,I share 30 dollars,30.0,0.3157894736842105,5.851930618286133
x-ai/grok-4.1-fast,dictator,40,95,2,I share 30 dollars,30.0,0.3157894736842105,12.586506843566896
x-ai/grok-4.1-fast,dictator,40,95,3,I share 25 dollars,25.0,0.2631578947368421,5.215533494949341
x-ai/grok-4.1-fast,dictator,40,63,1,I share 10 dollars,10.0,0.1587301587301587,9.50034999847412
x-ai/grok-4.1-fast,dictator,40,63,2,I share 20 dollars,20.0,0.3174603174603174,14.414764165878296
x-ai/grok-4.1-fast,dictator,40,63,3,I share 25 dollars,25.0,0.3968253968253968,6.814789533615112
x-ai/grok-4.1-fast,dictator,40,328,1,I share 100 dollars,100.0,0.3048780487804878,10.48045563697815
x-ai/grok-4.1-fast,dictator,40,328,2,I share 100 dollars,100.0,0.3048780487804878,9.399547815322876
x-ai/grok-4.1-fast,dictator,40,328,3,I share 100 dollars,100.0,0.3048780487804878,9.888197898864746
x-ai/grok-4.1-fast,dictator,40,144,1,I share 50 dollars,50.0,0.3472222222222222,15.743500709533691
x-ai/grok-4.1-fast,dictator,40,144,2,I share 40 dollars,40.0,0.2777777777777778,10.07054615020752
x-ai/grok-4.1-fast,dictator,40,144,3,I share 30 dollars,30.0,0.2083333333333333,16.94479274749756
x-ai/grok-4.1-fast,dictator,40,217,1,I share 40 dollars,40.0,0.184331797235023,12.949178695678713
x-ai/grok-4.1-fast,dictator,40,217,2,I share 100 dollars,100.0,0.4608294930875576,8.05751347541809
x-ai/grok-4.1-fast,dictator,40,217,3,I share 40 dollars,40.0,0.184331797235023,12.715588808059692
x-ai/grok-4.1-fast,dictator,40,751,1,I share 300 dollars,300.0,0.3994673768308921,7.529138088226318
x-ai/grok-4.1-fast,dictator,40,751,2,I share 250 dollars,250.0,0.3328894806924101,13.113497018814089
x-ai/grok-4.1-fast,dictator,40,751,3,I share 250 dollars,250.0,0.3328894806924101,11.438840866088867
x-ai/grok-4.1-fast,dictator,40,1135,1,I share 300 dollars,300.0,0.2643171806167401,11.317264080047607
x-ai/grok-4.1-fast,dictator,40,1135,2,I share 250 dollars,250.0,0.2202643171806167,9.700283288955688
x-ai/grok-4.1-fast,dictator,40,1135,3,I share 250 dollars,250.0,0.2202643171806167,10.503267288208008
x-ai/grok-4.1-fast,dictator,40,496,1,I share 100 dollars,100.0,0.2016129032258064,11.113605976104736
x-ai/grok-4.1-fast,dictator,40,496,2,I share 198 dollars,198.0,0.3991935483870967,26.84107232093811
x-ai/grok-4.1-fast,dictator,40,496,3,I share 50 dollars,50.0,0.1008064516129032,9.973156213760376
x-ai/grok-4.1-fast,dictator,40,1717,1,I share 400 dollars,400.0,0.23296447291788,12.445322513580322
x-ai/grok-4.1-fast,dictator,40,1717,2,I share 400 dollars,400.0,0.23296447291788,10.881953239440918
x-ai/grok-4.1-fast,dictator,40,1717,3,I share 400 dollars,400.0,0.23296447291788,7.307879447937012
x-ai/grok-4.1-fast,dictator,40,3926,1,I share 1000 dollars,1000.0,0.2547121752419766,6.977447509765625
x-ai/grok-4.1-fast,dictator,40,3926,2,I share 1000 dollars,1000.0,0.2547121752419766,11.36879825592041
x-ai/grok-4.1-fast,dictator,40,3926,3,I share 1000 dollars,1000.0,0.2547121752419766,9.22920823097229
x-ai/grok-4.1-fast,dictator,40,5938,1,I share 1000 dollars,1000.0,0.1684068710003368,10.362841367721558
x-ai/grok-4.1-fast,dictator,40,5938,2,I share 1500 dollars,1500.0,0.2526103065005052,10.756847620010376
x-ai/grok-4.1-fast,dictator,40,5938,3,I share 1000 dollars.,1000.0,0.1684068710003368,11.461156368255615
x-ai/grok-4.1-fast,dictator,40,2596,1,I share 1000 dollars,1000.0,0.3852080123266564,12.616854429244995
x-ai/grok-4.1-fast,dictator,40,2596,2,I share 1000 dollars,1000.0,0.3852080123266564,16.341958045959473
x-ai/grok-4.1-fast,dictator,40,2596,3,I share 1000 dollars,1000.0,0.3852080123266564,21.88303256034851
x-ai/grok-4.1-fast,dictator,40,13578,1,I share 2500 dollars,2500.0,0.1841213728089556,9.781910181045532
x-ai/grok-4.1-fast,dictator,40,13578,2,I share 1000 dollars,1000.0,0.0736485491235822,13.699958324432371
x-ai/grok-4.1-fast,dictator,40,13578,3,I share 5000 dollars,5000.0,0.3682427456179113,9.76059103012085
x-ai/grok-4.1-fast,dictator,40,8979,1,I share 1000 dollars,1000.0,0.1113709767234658,12.063638925552368
x-ai/grok-4.1-fast,dictator,40,8979,2,I share 2000 dollars,2000.0,0.2227419534469317,16.846460580825806
x-ai/grok-4.1-fast,dictator,40,8979,3,I share 1500 dollars,1500.0,0.1670564650851988,10.127907276153564
x-ai/grok-4.1-fast,dictator,40,31054,1,I share 10000 dollars,10000.0,0.3220197076061055,15.337920427322388
x-ai/grok-4.1-fast,dictator,40,31054,2,I share 3105 dollars,3105.0,0.0999871192116957,14.693314790725708
x-ai/grok-4.1-fast,dictator,40,31054,3,I share 10000 dollars,10000.0,0.3220197076061055,12.877093315124512
x-ai/grok-4.1-fast,dictator,40,20531,1,I share 4106 dollars,4106.0,0.1999902586332862,18.08229231834412
x-ai/grok-4.1-fast,dictator,40,20531,2,I share 5000 dollars,5000.0,0.2435341678437484,12.289734840393066
x-ai/grok-4.1-fast,dictator,40,20531,3,I share 5000 dollars,5000.0,0.2435341678437484,19.99590563774109
x-ai/grok-4.1-fast,dictator,40,71000,1,I share 10000 dollars,10000.0,0.1408450704225352,10.998676538467407
x-ai/grok-4.1-fast,dictator,40,71000,2,I share 14200 dollars,14200.0,0.2,11.249928951263428
x-ai/grok-4.1-fast,dictator,40,71000,3,I share 10000 dollars,10000.0,0.1408450704225352,8.271482706069946
x-ai/grok-4.1-fast,dictator,40,46962,1,I share 1000 dollars,1000.0,0.0212938120182275,17.514901876449585
x-ai/grok-4.1-fast,dictator,40,46962,2,I share 12000 dollars,12000.0,0.25552574421873,11.767087459564207
x-ai/grok-4.1-fast,dictator,40,46962,3,I share 10000 dollars,10000.0,0.212938120182275,18.990984201431274
x-ai/grok-4.1-fast,dictator,40,162379,1,I share 20000 dollars,20000.0,0.1231686363384427,18.07190561294556
x-ai/grok-4.1-fast,dictator,40,162379,2,I share 25000 dollars,25000.0,0.1539607954230534,9.204259634017944
x-ai/grok-4.1-fast,dictator,40,162379,3,"I share 40,000 dollars",40000.0,0.2463372726768855,14.840192079544067
x-ai/grok-4.1-fast,dictator,40,107392,1,I share 25000 dollars,25000.0,0.2327920143027413,17.64128875732422
x-ai/grok-4.1-fast,dictator,40,107392,2,I share 30000 dollars,30000.0,0.2793504171632896,18.91111207008361
x-ai/grok-4.1-fast,dictator,40,107392,3,I share 20000 dollars,20000.0,0.186233611442193,11.263900995254517
x-ai/grok-4.1-fast,dictator,42,2,1,I share 1 dollars,1.0,0.5,7.716592073440552
x-ai/grok-4.1-fast,dictator,42,2,2,I share 1 dollars,1.0,0.5,6.619452953338623
x-ai/grok-4.1-fast,dictator,42,2,3,I share 1 dollars,1.0,0.5,12.786755323410034
x-ai/grok-4.1-fast,dictator,40,250000,1,I share 50000 dollars,50000.0,0.2,12.00927472114563
x-ai/grok-4.1-fast,dictator,40,250000,2,I share 50000 dollars,50000.0,0.2,15.952542304992676
x-ai/grok-4.1-fast,dictator,40,250000,3,I share 50000 dollars,50000.0,0.2,18.35314440727234
x-ai/grok-4.1-fast,dictator,42,3,1,I share 1 dollars,1.0,0.3333333333333333,13.00723361968994
x-ai/grok-4.1-fast,dictator,42,3,2,I share 1 dollars,1.0,0.3333333333333333,4.547548532485962
x-ai/grok-4.1-fast,dictator,42,3,3,I share 1 dollars,1.0,0.3333333333333333,10.31958556175232
x-ai/grok-4.1-fast,dictator,42,5,1,I share 1 dollars,1.0,0.2,5.644746541976929
x-ai/grok-4.1-fast,dictator,42,5,2,I share 2 dollars,2.0,0.4,3.8862264156341553
x-ai/grok-4.1-fast,dictator,42,5,3,I share 2 dollars,2.0,0.4,12.676841974258425
x-ai/grok-4.1-fast,dictator,42,1,1,I share 0.42 dollars,0.42,0.42,14.709521293640137
x-ai/grok-4.1-fast,dictator,42,1,2,I share 0.42 dollars,0.42,0.42,15.240514039993286
x-ai/grok-4.1-fast,dictator,42,1,3,I share 0.42 dollars,0.42,0.42,14.404902935028076
x-ai/grok-4.1-fast,dictator,42,8,1,I share 3 dollars,3.0,0.375,14.63526201248169
x-ai/grok-4.1-fast,dictator,42,8,2,I share 2 dollars,2.0,0.25,9.36134934425354
x-ai/grok-4.1-fast,dictator,42,8,3,I share 3 dollars,3.0,0.375,17.47959327697754
x-ai/grok-4.1-fast,dictator,42,10,1,I share 2 dollars,2.0,0.2,14.89260220527649
x-ai/grok-4.1-fast,dictator,42,10,2,I share 3 dollars,3.0,0.3,8.59718108177185
x-ai/grok-4.1-fast,dictator,42,10,3,I share 2 dollars,2.0,0.2,10.524352788925173
x-ai/grok-4.1-fast,dictator,42,27,1,I share 10 dollars,10.0,0.3703703703703703,9.50956964492798
x-ai/grok-4.1-fast,dictator,42,27,2,I share 10 dollars,10.0,0.3703703703703703,9.140578508377075
x-ai/grok-4.1-fast,dictator,42,27,3,I share 8 dollars,8.0,0.2962962962962963,9.615800857543944
x-ai/grok-4.1-fast,dictator,42,18,1,I share 7 dollars,7.0,0.3888888888888889,9.08518671989441
x-ai/grok-4.1-fast,dictator,42,18,2,I share 4 dollars,4.0,0.2222222222222222,11.747711896896362
x-ai/grok-4.1-fast,dictator,42,18,3,I share 6 dollars,6.0,0.3333333333333333,8.594170808792114
x-ai/grok-4.1-fast,dictator,42,12,1,I share 3 dollars,3.0,0.25,9.868109941482544
x-ai/grok-4.1-fast,dictator,42,12,2,I share 4 dollars,4.0,0.3333333333333333,12.590829610824583
x-ai/grok-4.1-fast,dictator,42,12,3,I share 3 dollars,3.0,0.25,9.66983413696289
x-ai/grok-4.1-fast,dictator,42,41,1,I share 20 dollars,20.0,0.4878048780487805,20.781203508377075
x-ai/grok-4.1-fast,dictator,42,41,2,I share 5 dollars,5.0,0.1219512195121951,15.487639665603638
x-ai/grok-4.1-fast,dictator,42,41,3,I share 20 dollars,20.0,0.4878048780487805,6.410363674163818
x-ai/grok-4.1-fast,dictator,42,95,1,I share 30 dollars,30.0,0.3157894736842105,10.628591299057009
x-ai/grok-4.1-fast,dictator,42,95,2,I share 20 dollars,20.0,0.2105263157894736,6.917887449264526
x-ai/grok-4.1-fast,dictator,42,95,3,I share 40 dollars,40.0,0.4210526315789473,7.490924835205078
x-ai/grok-4.1-fast,dictator,42,144,1,I share 40 dollars,40.0,0.2777777777777778,6.064887046813965
x-ai/grok-4.1-fast,dictator,42,144,2,I share 42 dollars,42.0,0.2916666666666667,11.652138948440552
x-ai/grok-4.1-fast,dictator,42,144,3,I share 30 dollars,30.0,0.2083333333333333,14.42240285873413
x-ai/grok-4.1-fast,dictator,42,328,1,I share 82 dollars,82.0,0.25,6.375932216644287
x-ai/grok-4.1-fast,dictator,42,328,2,I share 100 dollars,100.0,0.3048780487804878,12.191848278045654
x-ai/grok-4.1-fast,dictator,42,328,3,I share 100 dollars,100.0,0.3048780487804878,14.155102968215942
x-ai/grok-4.1-fast,dictator,42,63,1,I share 20 dollars,20.0,0.3174603174603174,15.53232765197754
x-ai/grok-4.1-fast,dictator,42,63,2,I share 20 dollars,20.0,0.3174603174603174,12.00605082511902
x-ai/grok-4.1-fast,dictator,42,63,3,I share 20 dollars,20.0,0.3174603174603174,16.71756935119629
x-ai/grok-4.1-fast,dictator,42,217,1,I share 42 dollars,42.0,0.1935483870967742,6.968504905700684
x-ai/grok-4.1-fast,dictator,42,217,2,I share 42 dollars,42.0,0.1935483870967742,12.346627950668337
x-ai/grok-4.1-fast,dictator,42,217,3,I share 42 dollars,42.0,0.1935483870967742,16.890458822250366
x-ai/grok-4.1-fast,dictator,42,1135,1,I share 300 dollars,300.0,0.2643171806167401,5.550297260284424
x-ai/grok-4.1-fast,dictator,42,1135,2,I share 300 dollars,300.0,0.2643171806167401,18.34867572784424
x-ai/grok-4.1-fast,dictator,42,1135,3,I share 200 dollars,200.0,0.1762114537444934,7.035332441329956
x-ai/grok-4.1-fast,dictator,42,751,1,I share 250 dollars,250.0,0.3328894806924101,21.26583313941956
x-ai/grok-4.1-fast,dictator,42,751,2,I share 200 dollars,200.0,0.2663115845539281,13.983946561813354
x-ai/grok-4.1-fast,dictator,42,751,3,I share 300 dollars,300.0,0.3994673768308921,11.008968591690063
x-ai/grok-4.1-fast,dictator,42,496,1,I share 100 dollars,100.0,0.2016129032258064,18.02779054641724
x-ai/grok-4.1-fast,dictator,42,496,2,I share 100 dollars,100.0,0.2016129032258064,18.992868661880493
x-ai/grok-4.1-fast,dictator,42,496,3,I share 248 dollars,248.0,0.5,10.753724336624146
x-ai/grok-4.1-fast,dictator,42,1717,1,I share 500 dollars,500.0,0.29120559114735,9.283711194992064
x-ai/grok-4.1-fast,dictator,42,1717,2,I share 400 dollars,400.0,0.23296447291788,6.662209510803223
x-ai/grok-4.1-fast,dictator,42,1717,3,I share 420 dollars,420.0,0.244612696563774,20.103187322616577
x-ai/grok-4.1-fast,dictator,42,3926,1,I share 500 dollars,500.0,0.1273560876209883,9.761054515838625
x-ai/grok-4.1-fast,dictator,42,3926,2,I share 1000 dollars,1000.0,0.2547121752419766,12.60387396812439
x-ai/grok-4.1-fast,dictator,42,3926,3,I share 1000 dollars,1000.0,0.2547121752419766,14.563424348831177
x-ai/grok-4.1-fast,dictator,42,2596,1,I share 500 dollars,500.0,0.1926040061633282,11.311870336532593
x-ai/grok-4.1-fast,dictator,42,2596,2,I share 500 dollars,500.0,0.1926040061633282,11.196269750595093
x-ai/grok-4.1-fast,dictator,42,2596,3,I share 500 dollars,500.0,0.1926040061633282,24.44434428215027
x-ai/grok-4.1-fast,dictator,42,5938,1,I share 942 dollars,942.0,0.1586392724823172,7.975308179855347
x-ai/grok-4.1-fast,dictator,42,5938,2,I share 1000 dollars,1000.0,0.1684068710003368,15.044202327728271
x-ai/grok-4.1-fast,dictator,42,5938,3,I share 1500 dollars,1500.0,0.2526103065005052,22.211607456207275
x-ai/grok-4.1-fast,dictator,42,8979,1,I share 2000 dollars,2000.0,0.2227419534469317,13.945430755615234
x-ai/grok-4.1-fast,dictator,42,8979,2,I share 1000 dollars.,1000.0,0.1113709767234658,21.47154855728149
x-ai/grok-4.1-fast,dictator,42,8979,3,I share 2000 dollars,2000.0,0.2227419534469317,16.079089164733887
x-ai/grok-4.1-fast,dictator,42,31054,1,I share 5000 dollars,5000.0,0.1610098538030527,16.213117837905884
x-ai/grok-4.1-fast,dictator,42,31054,2,I share 5000 dollars,5000.0,0.1610098538030527,16.529796600341797
x-ai/grok-4.1-fast,dictator,42,31054,3,I share 5000 dollars,5000.0,0.1610098538030527,16.3161404132843
x-ai/grok-4.1-fast,dictator,42,13578,1,I share 2500 dollars,2500.0,0.1841213728089556,12.52099108695984
x-ai/grok-4.1-fast,dictator,42,13578,2,I share 2000 dollars,2000.0,0.1472970982471645,17.00740146636963
x-ai/grok-4.1-fast,dictator,42,13578,3,I share 2000 dollars,2000.0,0.1472970982471645,29.84683060646057
x-ai/grok-4.1-fast,dictator,42,46962,1,I share 23481 dollars,23481.0,0.5,15.1660635471344
x-ai/grok-4.1-fast,dictator,42,46962,2,I share 1000 dollars,1000.0,0.0212938120182275,13.777961492538452
x-ai/grok-4.1-fast,dictator,42,46962,3,I share 23481 dollars,23481.0,0.5,18.99781966209412
x-ai/grok-4.1-fast,dictator,42,20531,1,I share 5000 dollars,5000.0,0.2435341678437484,21.69882845878601
x-ai/grok-4.1-fast,dictator,42,20531,2,I share 2500 dollars,2500.0,0.1217670839218742,14.889961004257202
x-ai/grok-4.1-fast,dictator,42,20531,3,I share 5000 dollars,5000.0,0.2435341678437484,32.29652738571167
x-ai/grok-4.1-fast,dictator,42,71000,1,I share 7100 dollars,7100.0,0.1,8.843364715576172
x-ai/grok-4.1-fast,dictator,42,71000,2,I share 5000 dollars,5000.0,0.0704225352112676,15.81299877166748
x-ai/grok-4.1-fast,dictator,42,71000,3,I share 15000 dollars,15000.0,0.2112676056338028,18.21379017829895
x-ai/grok-4.1-fast,dictator,44,2,1,I share 1 dollars,1.0,0.5,7.556621551513672
x-ai/grok-4.1-fast,dictator,44,2,2,I share 1 dollars,1.0,0.5,11.126856803894045
x-ai/grok-4.1-fast,dictator,44,2,3,I share 1 dollars,1.0,0.5,5.251636505126953
x-ai/grok-4.1-fast,dictator,42,250000,1,I share 25000 dollars,25000.0,0.1,14.342489957809448
x-ai/grok-4.1-fast,dictator,42,250000,2,I share 42000 dollars,42000.0,0.168,13.711732149124146
x-ai/grok-4.1-fast,dictator,42,250000,3,I share 10000 dollars,10000.0,0.04,11.44797682762146
x-ai/grok-4.1-fast,dictator,42,107392,1,I share 42000 dollars,42000.0,0.3910905840286054,20.80138635635376
x-ai/grok-4.1-fast,dictator,42,107392,2,I share 7392 dollars,7392.0,0.0688319427890345,20.003074645996094
x-ai/grok-4.1-fast,dictator,42,107392,3,I share 42392 dollars,42392.0,0.3947407628128724,13.041600942611694
x-ai/grok-4.1-fast,dictator,44,1,1,I share 0.44 dollars,0.44,0.44,15.86559510231018
x-ai/grok-4.1-fast,dictator,44,1,2,I share 0.40 dollars,0.4,0.4,12.812350988388062
x-ai/grok-4.1-fast,dictator,44,1,3,I share 0.10 dollars,0.1,0.1,11.934288263320925
x-ai/grok-4.1-fast,dictator,44,3,1,I share 1 dollars,1.0,0.3333333333333333,7.2142698764801025
x-ai/grok-4.1-fast,dictator,44,3,2,I share 1 dollars,1.0,0.3333333333333333,12.19011926651001
x-ai/grok-4.1-fast,dictator,44,3,3,I share 1 dollars,1.0,0.3333333333333333,9.961480379104614
x-ai/grok-4.1-fast,dictator,42,162379,1,I share 10000 dollars,10000.0,0.0615843181692213,16.968512535095215
x-ai/grok-4.1-fast,dictator,42,162379,2,I share 20000 dollars,20000.0,0.1231686363384427,23.899413347244263
x-ai/grok-4.1-fast,dictator,42,162379,3,I share 42000 dollars,42000.0,0.2586541363107298,17.965761423110962
x-ai/grok-4.1-fast,dictator,44,5,1,I share 2 dollars,2.0,0.4,7.572338342666626
x-ai/grok-4.1-fast,dictator,44,5,2,I share 2 dollars,2.0,0.4,8.828955173492432
x-ai/grok-4.1-fast,dictator,44,5,3,I share 1 dollars,1.0,0.2,8.265281438827515
x-ai/grok-4.1-fast,dictator,44,10,1,I share 5 dollars,5.0,0.5,8.2449951171875
x-ai/grok-4.1-fast,dictator,44,10,2,I share 3 dollars,3.0,0.3,8.586519241333008
x-ai/grok-4.1-fast,dictator,44,10,3,I share 3 dollars,3.0,0.3,7.418152332305908
x-ai/grok-4.1-fast,dictator,44,8,1,I share 3 dollars,3.0,0.375,14.493772983551024
x-ai/grok-4.1-fast,dictator,44,8,2,I share 2 dollars,2.0,0.25,8.069234371185303
x-ai/grok-4.1-fast,dictator,44,8,3,I share 3 dollars,3.0,0.375,9.268299102783203
x-ai/grok-4.1-fast,dictator,44,18,1,I share 2 dollars,2.0,0.1111111111111111,7.524070978164673
x-ai/grok-4.1-fast,dictator,44,18,2,I share 5 dollars,5.0,0.2777777777777778,10.681719541549684
x-ai/grok-4.1-fast,dictator,44,18,3,I share 5 dollars,5.0,0.2777777777777778,8.900566816329956
x-ai/grok-4.1-fast,dictator,44,27,1,I share 10 dollars,10.0,0.3703703703703703,10.40102243423462
x-ai/grok-4.1-fast,dictator,44,27,2,I share 8 dollars,8.0,0.2962962962962963,7.096018552780151
x-ai/grok-4.1-fast,dictator,44,27,3,I share 10 dollars,10.0,0.3703703703703703,9.283561944961548
x-ai/grok-4.1-fast,dictator,44,12,1,I share 3 dollars,3.0,0.25,11.35126543045044
x-ai/grok-4.1-fast,dictator,44,12,2,I share 3 dollars,3.0,0.25,13.473150491714478
x-ai/grok-4.1-fast,dictator,44,12,3,I share 2 dollars,2.0,0.1666666666666666,16.73498558998108
x-ai/grok-4.1-fast,dictator,44,41,1,I share 10 dollars,10.0,0.2439024390243902,12.125946998596191
x-ai/grok-4.1-fast,dictator,44,41,2,I share 10 dollars,10.0,0.2439024390243902,8.491941690444946
x-ai/grok-4.1-fast,dictator,44,41,3,I share 10 dollars,10.0,0.2439024390243902,12.18065309524536
x-ai/grok-4.1-fast,dictator,44,95,1,I share 40 dollars,40.0,0.4210526315789473,13.19376015663147
x-ai/grok-4.1-fast,dictator,44,95,2,I share 35 dollars,35.0,0.3684210526315789,7.902265548706055
x-ai/grok-4.1-fast,dictator,44,95,3,I share 44 dollars,44.0,0.4631578947368421,7.6722471714019775
x-ai/grok-4.1-fast,dictator,44,144,1,I share 72 dollars,72.0,0.5,8.79497742652893
x-ai/grok-4.1-fast,dictator,44,144,2,I share 41 dollars,41.0,0.2847222222222222,10.71712064743042
x-ai/grok-4.1-fast,dictator,44,144,3,I share 40 dollars,40.0,0.2777777777777778,7.6828837394714355
x-ai/grok-4.1-fast,dictator,44,63,1,I share 20 dollars,20.0,0.3174603174603174,19.717146635055546
x-ai/grok-4.1-fast,dictator,44,63,2,I share 20 dollars,20.0,0.3174603174603174,12.160295248031616
x-ai/grok-4.1-fast,dictator,44,63,3,I share 21 dollars,21.0,0.3333333333333333,10.570077896118164
x-ai/grok-4.1-fast,dictator,44,217,1,I share 108 dollars,108.0,0.4976958525345622,11.193434238433838
x-ai/grok-4.1-fast,dictator,44,217,2,I share 50 dollars,50.0,0.2304147465437788,10.33579444885254
x-ai/grok-4.1-fast,dictator,44,217,3,I share 100 dollars,100.0,0.4608294930875576,7.008028984069824
x-ai/grok-4.1-fast,dictator,44,751,1,I share 200 dollars,200.0,0.2663115845539281,10.51376748085022
x-ai/grok-4.1-fast,dictator,44,751,2,I share 200 dollars,200.0,0.2663115845539281,6.48456597328186
x-ai/grok-4.1-fast,dictator,44,751,3,I share 200 dollars,200.0,0.2663115845539281,8.249488115310669
x-ai/grok-4.1-fast,dictator,44,328,1,I share 100 dollars,100.0,0.3048780487804878,14.057661056518556
x-ai/grok-4.1-fast,dictator,44,328,2,I share 100 dollars,100.0,0.3048780487804878,12.185633420944214
x-ai/grok-4.1-fast,dictator,44,328,3,I share 100 dollars,100.0,0.3048780487804878,11.050625801086426
x-ai/grok-4.1-fast,dictator,44,496,1,I share 200 dollars,200.0,0.4032258064516129,18.520521640777588
x-ai/grok-4.1-fast,dictator,44,496,2,I share 100 dollars,100.0,0.2016129032258064,11.663285255432127
x-ai/grok-4.1-fast,dictator,44,496,3,I share 200 dollars,200.0,0.4032258064516129,12.94769048690796
x-ai/grok-4.1-fast,dictator,44,1135,1,I share 250 dollars,250.0,0.2202643171806167,10.555097103118896
x-ai/grok-4.1-fast,dictator,44,1135,2,I share 300 dollars,300.0,0.2643171806167401,12.891300201416016
x-ai/grok-4.1-fast,dictator,44,1135,3,I share 300 dollars,300.0,0.2643171806167401,10.632287979125977
x-ai/grok-4.1-fast,dictator,44,1717,1,I share 755 dollars,755.0,0.4397204426324985,12.229803562164308
x-ai/grok-4.1-fast,dictator,44,1717,2,I share 300 dollars,300.0,0.17472335468841,15.28488039970398
x-ai/grok-4.1-fast,dictator,44,1717,3,I share 489 dollars,489.0,0.2847990681421083,20.67775821685791
x-ai/grok-4.1-fast,dictator,44,2596,1,I share 1000 dollars,1000.0,0.3852080123266564,11.528956651687622
x-ai/grok-4.1-fast,dictator,44,2596,2,I share 1000 dollars,1000.0,0.3852080123266564,16.22253131866455
x-ai/grok-4.1-fast,dictator,44,2596,3,I share 740 dollars,740.0,0.2850539291217257,22.79364538192749
x-ai/grok-4.1-fast,dictator,44,3926,1,I share 800 dollars,800.0,0.2037697401935812,10.569335222244264
x-ai/grok-4.1-fast,dictator,44,3926,2,I share 1000 dollars,1000.0,0.2547121752419766,10.839331865310667
x-ai/grok-4.1-fast,dictator,44,3926,3,I share 1000 dollars,1000.0,0.2547121752419766,16.60990309715271
x-ai/grok-4.1-fast,dictator,44,5938,1,I share 2000 dollars,2000.0,0.3368137420006736,25.307005405426025
x-ai/grok-4.1-fast,dictator,44,5938,2,I share 1000 dollars,1000.0,0.1684068710003368,11.282846212387083
x-ai/grok-4.1-fast,dictator,44,5938,3,I share 1000 dollars,1000.0,0.1684068710003368,16.065444946289062
x-ai/grok-4.1-fast,dictator,44,8979,1,I share 1000 dollars,1000.0,0.1113709767234658,9.13009524345398
x-ai/grok-4.1-fast,dictator,44,8979,2,I share 2000 dollars,2000.0,0.2227419534469317,18.773483514785767
x-ai/grok-4.1-fast,dictator,44,8979,3,I share 2000 dollars,2000.0,0.2227419534469317,14.030740976333618
x-ai/grok-4.1-fast,dictator,44,20531,1,I share 4400 dollars,4400.0,0.2143100677024986,11.977025747299194
x-ai/grok-4.1-fast,dictator,44,20531,2,I share 4106 dollars,4106.0,0.1999902586332862,7.682151794433594
x-ai/grok-4.1-fast,dictator,44,20531,3,I share 4400 dollars,4400.0,0.2143100677024986,18.02783870697021
x-ai/grok-4.1-fast,dictator,44,13578,1,I share 1358 dollars,1358.0,0.1000147297098247,14.261013269424438
x-ai/grok-4.1-fast,dictator,44,13578,2,I share 2000 dollars,2000.0,0.1472970982471645,21.65605330467224
x-ai/grok-4.1-fast,dictator,44,13578,3,I share 3000 dollars,3000.0,0.2209456473707468,22.89381575584412
x-ai/grok-4.1-fast,dictator,44,71000,1,I share 20000 dollars,20000.0,0.2816901408450704,8.583759069442749
x-ai/grok-4.1-fast,dictator,44,71000,2,I share 10000 dollars,10000.0,0.1408450704225352,10.85962438583374
x-ai/grok-4.1-fast,dictator,44,71000,3,I share 20000 dollars,20000.0,0.2816901408450704,11.389822483062744
x-ai/grok-4.1-fast,dictator,44,46962,1,I share 15000 dollars,15000.0,0.3194071802734125,18.35574960708618
x-ai/grok-4.1-fast,dictator,44,46962,2,I share 10000 dollars,10000.0,0.212938120182275,18.90202617645264
x-ai/grok-4.1-fast,dictator,44,46962,3,I share 10000 dollars,10000.0,0.212938120182275,15.136444091796877
x-ai/grok-4.1-fast,dictator,44,31054,1,I share 10000 dollars,10000.0,0.3220197076061055,17.298276662826538
x-ai/grok-4.1-fast,dictator,44,31054,2,I share 17566 dollars,17566.0,0.5656598183808849,23.06612181663513
x-ai/grok-4.1-fast,dictator,44,31054,3,I share 10000 dollars,10000.0,0.3220197076061055,13.084625720977783
x-ai/grok-4.1-fast,dictator,44,107392,1,I share 10000 dollars,10000.0,0.0931168057210965,15.43973183631897
x-ai/grok-4.1-fast,dictator,44,107392,2,I share 20000 dollars,20000.0,0.186233611442193,14.200781106948853
x-ai/grok-4.1-fast,dictator,44,107392,3,I share 20000 dollars,20000.0,0.186233611442193,11.429614305496216
x-ai/grok-4.1-fast,dictator,46,1,1,I share 0.50 dollars,0.5,0.5,6.680095911026001
x-ai/grok-4.1-fast,dictator,46,1,2,I share 0 dollars,0.0,0.0,10.518637418746948
x-ai/grok-4.1-fast,dictator,46,1,3,I share 0.50 dollars,0.5,0.5,6.666882038116455
x-ai/grok-4.1-fast,dictator,44,162379,1,I share 20000 dollars,20000.0,0.1231686363384427,9.106984615325928
x-ai/grok-4.1-fast,dictator,44,162379,2,I share 10000 dollars,10000.0,0.0615843181692213,14.330724239349363
x-ai/grok-4.1-fast,dictator,44,162379,3,I share 20000 dollars,20000.0,0.1231686363384427,13.605800151824951
x-ai/grok-4.1-fast,dictator,44,250000,1,I share 25000 dollars,25000.0,0.1,15.245736837387083
x-ai/grok-4.1-fast,dictator,44,250000,2,I share 20000 dollars,20000.0,0.08,8.925405502319336
x-ai/grok-4.1-fast,dictator,44,250000,3,I share 10000 dollars,10000.0,0.04,9.162588357925417
x-ai/grok-4.1-fast,dictator,46,2,1,I share 1 dollars,1.0,0.5,10.032319068908691
x-ai/grok-4.1-fast,dictator,46,2,2,I share 1 dollars,1.0,0.5,5.6318747997283936
x-ai/grok-4.1-fast,dictator,46,2,3,I share 1 dollars,1.0,0.5,5.804756164550781
x-ai/grok-4.1-fast,dictator,46,3,1,I share 1 dollars,1.0,0.3333333333333333,9.417221307754517
x-ai/grok-4.1-fast,dictator,46,3,2,I share 1 dollars,1.0,0.3333333333333333,6.262859344482422
x-ai/grok-4.1-fast,dictator,46,3,3,I share 1 dollars,1.0,0.3333333333333333,5.719928503036499
x-ai/grok-4.1-fast,dictator,46,5,1,I share 1 dollars,1.0,0.2,9.392304182052612
x-ai/grok-4.1-fast,dictator,46,5,2,I share 2 dollars,2.0,0.4,5.523632526397705
x-ai/grok-4.1-fast,dictator,46,5,3,I share 1 dollars,1.0,0.2,6.853816032409668
x-ai/grok-4.1-fast,dictator,46,8,1,I share 2 dollars,2.0,0.25,9.86641263961792
x-ai/grok-4.1-fast,dictator,46,8,2,I share 2 dollars,2.0,0.25,6.5116798877716064
x-ai/grok-4.1-fast,dictator,46,8,3,I share 1 dollars,1.0,0.125,9.577895641326904
x-ai/grok-4.1-fast,dictator,46,10,1,I share 3 dollars,3.0,0.3,8.420462131500244
x-ai/grok-4.1-fast,dictator,46,10,2,I share 3 dollars,3.0,0.3,6.8288185596466064
x-ai/grok-4.1-fast,dictator,46,10,3,I share 2 dollars,2.0,0.2,10.73732304573059
x-ai/grok-4.1-fast,dictator,46,12,1,I share 3 dollars,3.0,0.25,7.681708097457886
x-ai/grok-4.1-fast,dictator,46,12,2,I share 3 dollars,3.0,0.25,10.022451639175417
x-ai/grok-4.1-fast,dictator,46,12,3,I share 4 dollars,4.0,0.3333333333333333,6.459810495376587
x-ai/grok-4.1-fast,dictator,46,18,1,I share 9 dollars,9.0,0.5,8.014419078826904
x-ai/grok-4.1-fast,dictator,46,18,2,I share 2 dollars,2.0,0.1111111111111111,9.488165616989136
x-ai/grok-4.1-fast,dictator,46,18,3,I share 4 dollars,4.0,0.2222222222222222,8.06946611404419
x-ai/grok-4.1-fast,dictator,46,41,1,I share 10 dollars,10.0,0.2439024390243902,5.585357427597046
x-ai/grok-4.1-fast,dictator,46,41,2,I share 15 dollars,15.0,0.3658536585365853,10.067167520523071
x-ai/grok-4.1-fast,dictator,46,41,3,I share 15 dollars,15.0,0.3658536585365853,8.490121126174927
x-ai/grok-4.1-fast,dictator,46,27,1,I share 10 dollars,10.0,0.3703703703703703,11.335798978805542
x-ai/grok-4.1-fast,dictator,46,27,2,I share 3 dollars,3.0,0.1111111111111111,13.472665309906006
x-ai/grok-4.1-fast,dictator,46,27,3,I share 5 dollars,5.0,0.1851851851851851,7.094353437423706
x-ai/grok-4.1-fast,dictator,46,63,1,I share 15 dollars,15.0,0.238095238095238,9.204530954360962
x-ai/grok-4.1-fast,dictator,46,63,2,I share 30 dollars,30.0,0.4761904761904761,9.912200212478638
x-ai/grok-4.1-fast,dictator,46,63,3,I share 15 dollars,15.0,0.238095238095238,9.965312719345093
x-ai/grok-4.1-fast,dictator,46,95,1,I share 30 dollars,30.0,0.3157894736842105,8.447736501693726
x-ai/grok-4.1-fast,dictator,46,95,2,I share 20 dollars,20.0,0.2105263157894736,13.163004636764526
x-ai/grok-4.1-fast,dictator,46,95,3,I share 25 dollars,25.0,0.2631578947368421,16.0118248462677
x-ai/grok-4.1-fast,dictator,46,144,1,I share 30 dollars,30.0,0.2083333333333333,13.44383955001831
x-ai/grok-4.1-fast,dictator,46,144,2,I share 36 dollars,36.0,0.25,18.55073642730713
x-ai/grok-4.1-fast,dictator,46,144,3,I share 72 dollars,72.0,0.5,12.348625659942629
x-ai/grok-4.1-fast,dictator,46,217,1,I share 77 dollars,77.0,0.3548387096774194,11.81157374382019
x-ai/grok-4.1-fast,dictator,46,217,2,I share 100 dollars,100.0,0.4608294930875576,13.540241241455078
x-ai/grok-4.1-fast,dictator,46,217,3,I share 50 dollars,50.0,0.2304147465437788,18.29980683326721
x-ai/grok-4.1-fast,dictator,46,328,1,I share 100 dollars,100.0,0.3048780487804878,15.040468215942385
x-ai/grok-4.1-fast,dictator,46,328,2,I share 100 dollars,100.0,0.3048780487804878,18.70617842674256
x-ai/grok-4.1-fast,dictator,46,328,3,I share 100 dollars,100.0,0.3048780487804878,8.089282035827637
x-ai/grok-4.1-fast,dictator,46,496,1,I share 200 dollars,200.0,0.4032258064516129,15.798461437225342
x-ai/grok-4.1-fast,dictator,46,496,2,I share 200 dollars,200.0,0.4032258064516129,17.68073010444641
x-ai/grok-4.1-fast,dictator,46,496,3,I share 200 dollars,200.0,0.4032258064516129,8.26000690460205
x-ai/grok-4.1-fast,dictator,46,751,1,I share 200 dollars,200.0,0.2663115845539281,17.621451377868652
x-ai/grok-4.1-fast,dictator,46,751,2,I share 200 dollars,200.0,0.2663115845539281,9.685489416122437
x-ai/grok-4.1-fast,dictator,46,751,3,I share 200 dollars,200.0,0.2663115845539281,9.156479835510254
x-ai/grok-4.1-fast,dictator,46,1135,1,I share 400 dollars,400.0,0.3524229074889868,11.622275590896606
x-ai/grok-4.1-fast,dictator,46,1135,2,I share 300 dollars,300.0,0.2643171806167401,9.985592126846312
x-ai/grok-4.1-fast,dictator,46,1135,3,I share 350 dollars,350.0,0.3083700440528634,13.62918257713318
x-ai/grok-4.1-fast,dictator,46,1717,1,I share 400 dollars,400.0,0.23296447291788,8.681083917617798
x-ai/grok-4.1-fast,dictator,46,1717,2,I share 400 dollars,400.0,0.23296447291788,9.600852966308594
x-ai/grok-4.1-fast,dictator,46,1717,3,I share 400 dollars,400.0,0.23296447291788,13.905660152435305
x-ai/grok-4.1-fast,dictator,46,3926,1,I share 1000 dollars,1000.0,0.2547121752419766,11.990316390991213
x-ai/grok-4.1-fast,dictator,46,3926,2,I share 500 dollars,500.0,0.1273560876209883,8.856910467147827
x-ai/grok-4.1-fast,dictator,46,3926,3,I share 1000 dollars,1000.0,0.2547121752419766,9.713484048843384
x-ai/grok-4.1-fast,dictator,46,2596,1,I share 500 dollars,500.0,0.1926040061633282,13.770397901535034
x-ai/grok-4.1-fast,dictator,46,2596,2,I share 400 dollars,400.0,0.1540832049306625,11.69100260734558
x-ai/grok-4.1-fast,dictator,46,2596,3,I share 1298 dollars,1298.0,0.5,11.049270868301392
x-ai/grok-4.1-fast,dictator,46,13578,1,I share 1000 dollars,1000.0,0.0736485491235822,6.533073902130127
x-ai/grok-4.1-fast,dictator,46,13578,2,I share 500 dollars,500.0,0.0368242745617911,8.590791940689087
x-ai/grok-4.1-fast,dictator,46,13578,3,I share 6789 dollars,6789.0,0.5,8.443159341812134
x-ai/grok-4.1-fast,dictator,46,5938,1,I share 1000 dollars,1000.0,0.1684068710003368,14.607667207717896
x-ai/grok-4.1-fast,dictator,46,5938,2,I share 1000 dollars,1000.0,0.1684068710003368,13.231400966644289
x-ai/grok-4.1-fast,dictator,46,5938,3,I share 2000 dollars,2000.0,0.3368137420006736,20.319897651672363
x-ai/grok-4.1-fast,dictator,46,8979,1,I share 2000 dollars,2000.0,0.2227419534469317,13.37509298324585
x-ai/grok-4.1-fast,dictator,46,8979,2,I share 1000 dollars,1000.0,0.1113709767234658,15.206785678863524
x-ai/grok-4.1-fast,dictator,46,8979,3,I share 1500 dollars,1500.0,0.1670564650851988,10.970227003097534
x-ai/grok-4.1-fast,dictator,46,71000,1,I share 10000 dollars,10000.0,0.1408450704225352,7.873274087905884
x-ai/grok-4.1-fast,dictator,46,71000,2,I share 15000 dollars,15000.0,0.2112676056338028,13.57483434677124
x-ai/grok-4.1-fast,dictator,46,71000,3,I share 1000 dollars,1000.0,0.0140845070422535,17.30267834663391
x-ai/grok-4.1-fast,dictator,46,31054,1,I share 5000 dollars,5000.0,0.1610098538030527,21.72646474838257
x-ai/grok-4.1-fast,dictator,46,31054,2,"I share 5,000 dollars",5000.0,0.1610098538030527,15.707214832305908
x-ai/grok-4.1-fast,dictator,46,31054,3,I share 5000 dollars,5000.0,0.1610098538030527,18.86444306373596
x-ai/grok-4.1-fast,dictator,46,20531,1,I share 5000 dollars,5000.0,0.2435341678437484,12.667415142059326
x-ai/grok-4.1-fast,dictator,46,20531,2,I share 5000 dollars,5000.0,0.2435341678437484,23.784003496170044
x-ai/grok-4.1-fast,dictator,46,20531,3,I share 5646 dollars,5646.0,0.2749987823291608,27.98522138595581
x-ai/grok-4.1-fast,dictator,46,107392,1,I share 25000 dollars,25000.0,0.2327920143027413,16.520743370056152
x-ai/grok-4.1-fast,dictator,46,107392,2,I share 10000 dollars,10000.0,0.0931168057210965,15.515034914016724
x-ai/grok-4.1-fast,dictator,46,107392,3,I share 15000 dollars,15000.0,0.1396752085816448,13.566725254058838
x-ai/grok-4.1-fast,dictator,46,46962,1,I share 5000 dollars,5000.0,0.1064690600911375,27.59318280220032
x-ai/grok-4.1-fast,dictator,46,46962,2,I share 10000 dollars,10000.0,0.212938120182275,26.868729829788208
x-ai/grok-4.1-fast,dictator,46,46962,3,I share 5000 dollars,5000.0,0.1064690600911375,16.831417560577393
x-ai/grok-4.1-fast,dictator,48,1,1,I share 0.20 dollars,0.2,0.2,6.558983564376831
x-ai/grok-4.1-fast,dictator,48,1,2,I share 0.48 dollars,0.48,0.48,6.4457480907440186
x-ai/grok-4.1-fast,dictator,48,1,3,I share 0 dollars,0.0,0.0,9.990596771240234
x-ai/grok-4.1-fast,dictator,48,2,1,I share 1 dollars,1.0,0.5,6.980973243713379
x-ai/grok-4.1-fast,dictator,48,2,2,I share 1 dollars,1.0,0.5,12.396812200546265
x-ai/grok-4.1-fast,dictator,48,2,3,I share 1 dollars,1.0,0.5,9.898954629898071
x-ai/grok-4.1-fast,dictator,46,162379,1,I share 40000 dollars,40000.0,0.2463372726768855,19.45495057106018
x-ai/grok-4.1-fast,dictator,46,162379,2,I share 57618 dollars,57618.0,0.3548365244274198,21.08178734779358
x-ai/grok-4.1-fast,dictator,46,162379,3,I share 25000 dollars,25000.0,0.1539607954230534,29.62833046913147
x-ai/grok-4.1-fast,dictator,46,250000,1,I share 25000 dollars,25000.0,0.1,10.700355529785156
x-ai/grok-4.1-fast,dictator,46,250000,2,I share 25000 dollars,25000.0,0.1,15.094202041625977
x-ai/grok-4.1-fast,dictator,46,250000,3,I share 20000 dollars,20000.0,0.08,14.187176704406738
x-ai/grok-4.1-fast,dictator,48,5,1,I share 1 dollars,1.0,0.2,5.8754401206970215
x-ai/grok-4.1-fast,dictator,48,5,2,I share 2 dollars,2.0,0.4,5.080899238586426
x-ai/grok-4.1-fast,dictator,48,5,3,I share 1 dollars,1.0,0.2,11.676382064819336
x-ai/grok-4.1-fast,dictator,48,3,1,I share 1 dollars,1.0,0.3333333333333333,15.72250485420227
x-ai/grok-4.1-fast,dictator,48,3,2,I share 1 dollars,1.0,0.3333333333333333,9.888376235961914
x-ai/grok-4.1-fast,dictator,48,3,3,I share 1 dollars,1.0,0.3333333333333333,7.172653436660767
x-ai/grok-4.1-fast,dictator,48,8,1,I share 4 dollars,4.0,0.5,5.970081329345703
x-ai/grok-4.1-fast,dictator,48,8,2,I share 2 dollars,2.0,0.25,4.1227452754974365
x-ai/grok-4.1-fast,dictator,48,8,3,I share 3 dollars,3.0,0.375,10.227295398712158
x-ai/grok-4.1-fast,dictator,48,10,1,I share 2 dollars,2.0,0.2,5.867854356765747
x-ai/grok-4.1-fast,dictator,48,10,2,I share 2 dollars,2.0,0.2,5.018568754196167
x-ai/grok-4.1-fast,dictator,48,10,3,I share 2 dollars,2.0,0.2,5.639866352081299
x-ai/grok-4.1-fast,dictator,48,63,1,I share 25 dollars,25.0,0.3968253968253968,13.106210708618164
x-ai/grok-4.1-fast,dictator,48,63,2,I share 31 dollars,31.0,0.492063492063492,6.659515142440796
x-ai/grok-4.1-fast,dictator,48,63,3,I share 31 dollars,31.0,0.492063492063492,5.838522672653198
x-ai/grok-4.1-fast,dictator,48,18,1,I share 5 dollars,5.0,0.2777777777777778,9.538559913635254
x-ai/grok-4.1-fast,dictator,48,18,2,I share 9 dollars,9.0,0.5,11.371044635772703
x-ai/grok-4.1-fast,dictator,48,18,3,I share 6 dollars,6.0,0.3333333333333333,10.032155275344849
x-ai/grok-4.1-fast,dictator,48,12,1,I share 2 dollars,2.0,0.1666666666666666,11.258811712265016
x-ai/grok-4.1-fast,dictator,48,12,2,I share 4 dollars,4.0,0.3333333333333333,9.834114789962769
x-ai/grok-4.1-fast,dictator,48,12,3,I share 2 dollars,2.0,0.1666666666666666,10.851595878601074
x-ai/grok-4.1-fast,dictator,48,27,1,I share 5 dollars,5.0,0.1851851851851851,8.29447627067566
x-ai/grok-4.1-fast,dictator,48,27,2,I share 5 dollars,5.0,0.1851851851851851,10.96127438545227
x-ai/grok-4.1-fast,dictator,48,27,3,I share 5 dollars,5.0,0.1851851851851851,13.517395734786987
x-ai/grok-4.1-fast,dictator,48,41,1,I share 15 dollars,15.0,0.3658536585365853,11.65751314163208
x-ai/grok-4.1-fast,dictator,48,41,2,I share 10 dollars,10.0,0.2439024390243902,13.211538076400757
x-ai/grok-4.1-fast,dictator,48,41,3,I share 12 dollars,12.0,0.2926829268292683,8.635269403457642
x-ai/grok-4.1-fast,dictator,48,95,1,I share 20 dollars,20.0,0.2105263157894736,12.25103759765625
x-ai/grok-4.1-fast,dictator,48,95,2,I share 20 dollars,20.0,0.2105263157894736,8.09284496307373
x-ai/grok-4.1-fast,dictator,48,95,3,I share 15 dollars,15.0,0.1578947368421052,13.34335732460022
x-ai/grok-4.1-fast,dictator,48,217,1,I share 20 dollars,20.0,0.0921658986175115,8.664101123809814
x-ai/grok-4.1-fast,dictator,48,217,2,I share 48 dollars,48.0,0.2211981566820276,17.701358318328857
x-ai/grok-4.1-fast,dictator,48,217,3,I share 30 dollars,30.0,0.1382488479262673,16.0637047290802
x-ai/grok-4.1-fast,dictator,48,144,1,I share 50 dollars,50.0,0.3472222222222222,15.367222785949709
x-ai/grok-4.1-fast,dictator,48,144,2,I share 50 dollars,50.0,0.3472222222222222,13.521844387054443
x-ai/grok-4.1-fast,dictator,48,144,3,I share 48 dollars,48.0,0.3333333333333333,15.422572374343872
x-ai/grok-4.1-fast,dictator,48,328,1,I share 50 dollars,50.0,0.1524390243902439,9.430984735488892
x-ai/grok-4.1-fast,dictator,48,328,2,I share 86 dollars,86.0,0.2621951219512195,24.51942658424377
x-ai/grok-4.1-fast,dictator,48,328,3,I share 100 dollars,100.0,0.3048780487804878,10.444523572921751
x-ai/grok-4.1-fast,dictator,48,751,1,I share 100 dollars,100.0,0.133155792276964,8.836261987686157
x-ai/grok-4.1-fast,dictator,48,751,2,I share 200 dollars,200.0,0.2663115845539281,14.851531505584717
x-ai/grok-4.1-fast,dictator,48,751,3,I share 200 dollars,200.0,0.2663115845539281,16.762807369232178
x-ai/grok-4.1-fast,dictator,48,1135,1,I share 250 dollars,250.0,0.2202643171806167,12.28765630722046
x-ai/grok-4.1-fast,dictator,48,1135,2,I share 300 dollars,300.0,0.2643171806167401,17.294647455215454
x-ai/grok-4.1-fast,dictator,48,1135,3,I share 250 dollars,250.0,0.2202643171806167,15.176037311553957
x-ai/grok-4.1-fast,dictator,48,496,1,I share 200 dollars,200.0,0.4032258064516129,14.584718227386476
x-ai/grok-4.1-fast,dictator,48,496,2,I share 248 dollars,248.0,0.5,24.60362935066223
x-ai/grok-4.1-fast,dictator,48,496,3,I share 48 dollars,48.0,0.0967741935483871,18.7754180431366
x-ai/grok-4.1-fast,dictator,48,3926,1,I share 1000 dollars,1000.0,0.2547121752419766,16.883399724960327
x-ai/grok-4.1-fast,dictator,48,3926,2,I share 1000 dollars,1000.0,0.2547121752419766,15.41316819190979
x-ai/grok-4.1-fast,dictator,48,3926,3,I share 1000 dollars,1000.0,0.2547121752419766,10.903064489364624
x-ai/grok-4.1-fast,dictator,48,1717,1,I share 500 dollars.,500.0,0.29120559114735,20.487249851226807
x-ai/grok-4.1-fast,dictator,48,1717,2,I share 500 dollars,500.0,0.29120559114735,13.25106120109558
x-ai/grok-4.1-fast,dictator,48,1717,3,I share 400 dollars,400.0,0.23296447291788,15.37265157699585
x-ai/grok-4.1-fast,dictator,48,2596,1,I share 500 dollars,500.0,0.1926040061633282,19.30027318000793
x-ai/grok-4.1-fast,dictator,48,2596,2,I share $400 dollars,400.0,0.1540832049306625,12.226673364639282
x-ai/grok-4.1-fast,dictator,48,2596,3,I share 1000 dollars,1000.0,0.3852080123266564,18.31104159355164
x-ai/grok-4.1-fast,dictator,48,5938,1,I share 1000 dollars,1000.0,0.1684068710003368,17.624749422073364
x-ai/grok-4.1-fast,dictator,48,5938,2,I share 1000 dollars,1000.0,0.1684068710003368,15.229827880859377
x-ai/grok-4.1-fast,dictator,48,5938,3,I share 1000 dollars,1000.0,0.1684068710003368,16.352447032928467
x-ai/grok-4.1-fast,dictator,48,8979,1,I share 1000 dollars,1000.0,0.1113709767234658,8.453100442886353
x-ai/grok-4.1-fast,dictator,48,8979,2,I share 1500 dollars,1500.0,0.1670564650851988,13.03895616531372
x-ai/grok-4.1-fast,dictator,48,8979,3,I share 1000 dollars,1000.0,0.1113709767234658,18.01448917388916
x-ai/grok-4.1-fast,dictator,48,20531,1,I share 3000 dollars,3000.0,0.146120500706249,17.576114654541016
x-ai/grok-4.1-fast,dictator,48,20531,2,I share 5000 dollars,5000.0,0.2435341678437484,9.166889429092407
x-ai/grok-4.1-fast,dictator,48,20531,3,I share 1000 dollars,1000.0,0.0487068335687497,14.145817041397097
x-ai/grok-4.1-fast,dictator,48,13578,1,I share 2500 dollars,2500.0,0.1841213728089556,19.71898579597473
x-ai/grok-4.1-fast,dictator,48,13578,2,I share 1000 dollars,1000.0,0.0736485491235822,18.79576730728149
x-ai/grok-4.1-fast,dictator,48,13578,3,I share 1000 dollars,1000.0,0.0736485491235822,35.47089743614197
x-ai/grok-4.1-fast,dictator,48,107392,1,I share 5000 dollars,5000.0,0.0465584028605482,14.791841268539429
x-ai/grok-4.1-fast,dictator,48,107392,2,I share 25000 dollars,25000.0,0.2327920143027413,18.900341987609863
x-ai/grok-4.1-fast,dictator,48,107392,3,I share 10000 dollars,10000.0,0.0931168057210965,26.948461532592773
x-ai/grok-4.1-fast,dictator,48,71000,1,I share 8000 dollars,8000.0,0.1126760563380281,21.365885972976685
x-ai/grok-4.1-fast,dictator,48,71000,2,I share 15000 dollars,15000.0,0.2112676056338028,11.83357834815979
x-ai/grok-4.1-fast,dictator,48,71000,3,I share 10000 dollars.,10000.0,0.1408450704225352,32.82020020484924
x-ai/grok-4.1-fast,dictator,48,46962,1,I share 5000 dollars,5000.0,0.1064690600911375,16.534546852111816
x-ai/grok-4.1-fast,dictator,48,46962,2,I share 5000 dollars,5000.0,0.1064690600911375,18.39361357688904
x-ai/grok-4.1-fast,dictator,48,46962,3,I share 10000 dollars,10000.0,0.212938120182275,35.60401701927185
x-ai/grok-4.1-fast,dictator,48,31054,1,I share 5000 dollars,5000.0,0.1610098538030527,22.855173587799072
x-ai/grok-4.1-fast,dictator,48,31054,2,I share 3105 dollars,3105.0,0.0999871192116957,18.606602430343628
x-ai/grok-4.1-fast,dictator,48,31054,3,I share 5000 dollars,5000.0,0.1610098538030527,33.16526460647583
x-ai/grok-4.1-fast,dictator,48,250000,1,I share 25000 dollars,25000.0,0.1,21.94647741317749
x-ai/grok-4.1-fast,dictator,48,250000,2,I share 25000 dollars,25000.0,0.1,10.90786337852478
x-ai/grok-4.1-fast,dictator,48,250000,3,I share 20000 dollars,20000.0,0.08,9.427200317382812
x-ai/grok-4.1-fast,dictator,50,2,1,I share 1 dollars,1.0,0.5,4.7598912715911865
x-ai/grok-4.1-fast,dictator,50,2,2,I share 1 dollars,1.0,0.5,10.16370701789856
x-ai/grok-4.1-fast,dictator,50,2,3,I share 1 dollars,1.0,0.5,8.153852939605713
x-ai/grok-4.1-fast,dictator,50,5,1,I share 2.50 dollars,2.5,0.5,10.244208335876465
x-ai/grok-4.1-fast,dictator,50,5,2,I share 1 dollars,1.0,0.2,9.00992465019226
x-ai/grok-4.1-fast,dictator,50,5,3,I share 2 dollars,2.0,0.4,5.395835638046265
x-ai/grok-4.1-fast,dictator,50,1,1,I share 0.50 dollars,0.5,0.5,7.399367809295654
x-ai/grok-4.1-fast,dictator,50,1,2,I share 0.50 dollars,0.5,0.5,14.802382469177246
x-ai/grok-4.1-fast,dictator,50,1,3,I share 0.50 dollars,0.5,0.5,10.828086853027344
x-ai/grok-4.1-fast,dictator,50,8,1,I share 2 dollars,2.0,0.25,5.753220796585083
x-ai/grok-4.1-fast,dictator,50,8,2,I share 3 dollars,3.0,0.375,5.191042184829712
x-ai/grok-4.1-fast,dictator,50,8,3,I share 4 dollars,4.0,0.5,8.150471687316895
x-ai/grok-4.1-fast,dictator,50,3,1,I share 1 dollars,1.0,0.3333333333333333,13.732387781143188
x-ai/grok-4.1-fast,dictator,50,3,2,I share 1 dollars,1.0,0.3333333333333333,7.205754995346069
x-ai/grok-4.1-fast,dictator,50,3,3,I share 1.50 dollars,1.5,0.5,11.95124864578247
x-ai/grok-4.1-fast,dictator,50,10,1,I share 5 dollars,5.0,0.5,5.783445358276367
x-ai/grok-4.1-fast,dictator,50,10,2,I share 3 dollars,3.0,0.3,6.444987535476685
x-ai/grok-4.1-fast,dictator,50,10,3,I share 5 dollars,5.0,0.5,7.532344818115234
x-ai/grok-4.1-fast,dictator,50,12,1,I share 2 dollars,2.0,0.1666666666666666,6.007837295532227
x-ai/grok-4.1-fast,dictator,50,12,2,I share 4 dollars,4.0,0.3333333333333333,5.982867240905762
x-ai/grok-4.1-fast,dictator,50,12,3,I share 3 dollars,3.0,0.25,5.038845539093018
x-ai/grok-4.1-fast,dictator,48,162379,1,I share 48000 dollars,48000.0,0.2956047272122626,27.90584683418274
x-ai/grok-4.1-fast,dictator,48,162379,2,I share 86061 dollars,86061.0,0.5300008005961362,30.39095640182495
x-ai/grok-4.1-fast,dictator,48,162379,3,I share 50000 dollars,50000.0,0.3079215908461069,31.338440418243408
x-ai/grok-4.1-fast,dictator,50,18,1,I share 9 dollars,9.0,0.5,9.937969446182253
x-ai/grok-4.1-fast,dictator,50,18,2,I share 9 dollars,9.0,0.5,5.657122850418091
x-ai/grok-4.1-fast,dictator,50,18,3,I share 9 dollars,9.0,0.5,10.31796932220459
x-ai/grok-4.1-fast,dictator,50,27,1,I share 13 dollars,13.0,0.4814814814814814,9.752830028533936
x-ai/grok-4.1-fast,dictator,50,27,2,I share 10 dollars,10.0,0.3703703703703703,12.036613464355469
x-ai/grok-4.1-fast,dictator,50,27,3,I share 13 dollars,13.0,0.4814814814814814,6.371076822280884
x-ai/grok-4.1-fast,dictator,50,41,1,I share 10 dollars,10.0,0.2439024390243902,8.907005071640015
x-ai/grok-4.1-fast,dictator,50,41,2,I share 20 dollars,20.0,0.4878048780487805,14.11738395690918
x-ai/grok-4.1-fast,dictator,50,41,3,I share 20 dollars,20.0,0.4878048780487805,9.176314115524292
x-ai/grok-4.1-fast,dictator,50,63,1,I share 31 dollars,31.0,0.492063492063492,6.996551990509033
x-ai/grok-4.1-fast,dictator,50,63,2,I share 20 dollars,20.0,0.3174603174603174,12.072584629058838
x-ai/grok-4.1-fast,dictator,50,63,3,I share 20 dollars,20.0,0.3174603174603174,12.354747772216797
x-ai/grok-4.1-fast,dictator,50,95,1,I share 40 dollars,40.0,0.4210526315789473,11.790132284164429
x-ai/grok-4.1-fast,dictator,50,95,2,I share 25 dollars,25.0,0.2631578947368421,10.52631664276123
x-ai/grok-4.1-fast,dictator,50,95,3,I share 25 dollars,25.0,0.2631578947368421,12.282167196273804
x-ai/grok-4.1-fast,dictator,50,144,1,I share 72 dollars,72.0,0.5,6.322109937667847
x-ai/grok-4.1-fast,dictator,50,144,2,I share 72 dollars,72.0,0.5,7.158478498458862
x-ai/grok-4.1-fast,dictator,50,144,3,I share 36 dollars,36.0,0.25,11.253395795822144
x-ai/grok-4.1-fast,dictator,50,217,1,I share 50 dollars,50.0,0.2304147465437788,11.928014516830444
x-ai/grok-4.1-fast,dictator,50,217,2,I share 50 dollars,50.0,0.2304147465437788,7.70042610168457
x-ai/grok-4.1-fast,dictator,50,217,3,I share 108 dollars,108.0,0.4976958525345622,9.926999568939207
x-ai/grok-4.1-fast,dictator,50,496,1,I share 248 dollars,248.0,0.5,8.883186101913452
x-ai/grok-4.1-fast,dictator,50,496,2,I share 248 dollars,248.0,0.5,6.446284055709839
x-ai/grok-4.1-fast,dictator,50,496,3,I share 248 dollars,248.0,0.5,8.698432445526123
x-ai/grok-4.1-fast,dictator,50,328,1,I share 164 dollars,164.0,0.5,6.054508686065674
x-ai/grok-4.1-fast,dictator,50,328,2,I share 100 dollars,100.0,0.3048780487804878,10.581481218338013
x-ai/grok-4.1-fast,dictator,50,328,3,I share 164 dollars,164.0,0.5,14.367115020751951
x-ai/grok-4.1-fast,dictator,50,751,1,I share 150 dollars,150.0,0.199733688415446,10.240315198898315
x-ai/grok-4.1-fast,dictator,50,751,2,I share 375 dollars,375.0,0.4993342210386152,8.854527711868286
x-ai/grok-4.1-fast,dictator,50,751,3,I share 200 dollars,200.0,0.2663115845539281,15.98371148109436
x-ai/grok-4.1-fast,dictator,50,1135,1,I share 500 dollars,500.0,0.4405286343612334,13.628482580184937
x-ai/grok-4.1-fast,dictator,50,1135,2,I share 250 dollars,250.0,0.2202643171806167,10.56278657913208
x-ai/grok-4.1-fast,dictator,50,1135,3,I share 300 dollars,300.0,0.2643171806167401,14.740415334701538
x-ai/grok-4.1-fast,dictator,50,3926,1,I share 1963 dollars,1963.0,0.5,8.822600841522217
x-ai/grok-4.1-fast,dictator,50,3926,2,I share 1963 dollars,1963.0,0.5,8.331225156784058
x-ai/grok-4.1-fast,dictator,50,3926,3,I share 1000 dollars,1000.0,0.2547121752419766,12.738783597946169
x-ai/grok-4.1-fast,dictator,50,1717,1,I share 858 dollars,858.0,0.4997087944088526,12.075972557067873
x-ai/grok-4.1-fast,dictator,50,1717,2,I share 858 dollars,858.0,0.4997087944088526,12.899767637252808
x-ai/grok-4.1-fast,dictator,50,1717,3,I share 858 dollars,858.0,0.4997087944088526,17.9420907497406
x-ai/grok-4.1-fast,dictator,50,2596,1,I share 500 dollars,500.0,0.1926040061633282,14.25234079360962
x-ai/grok-4.1-fast,dictator,50,2596,2,I share 650 dollars,650.0,0.2503852080123266,9.28027057647705
x-ai/grok-4.1-fast,dictator,50,2596,3,I share 1000 dollars,1000.0,0.3852080123266564,14.776036977767944
x-ai/grok-4.1-fast,dictator,50,5938,1,I share 1000 dollars,1000.0,0.1684068710003368,17.673754692077637
x-ai/grok-4.1-fast,dictator,50,5938,2,I share 2969 dollars,2969.0,0.5,15.863669872283936
x-ai/grok-4.1-fast,dictator,50,5938,3,I share 2969 dollars,2969.0,0.5,10.541223287582396
x-ai/grok-4.1-fast,dictator,50,8979,1,I share 2000 dollars,2000.0,0.2227419534469317,16.73367142677307
x-ai/grok-4.1-fast,dictator,50,8979,2,I share 2000 dollars,2000.0,0.2227419534469317,7.976306200027466
x-ai/grok-4.1-fast,dictator,50,8979,3,I share 1000 dollars,1000.0,0.1113709767234658,9.530723094940186
x-ai/grok-4.1-fast,dictator,50,13578,1,I share 6789 dollars,6789.0,0.5,13.654240369796751
x-ai/grok-4.1-fast,dictator,50,13578,2,I share 6789 dollars,6789.0,0.5,11.253106832504272
x-ai/grok-4.1-fast,dictator,50,13578,3,I share 3000 dollars,3000.0,0.2209456473707468,9.505002975463867
x-ai/grok-4.1-fast,dictator,50,46962,1,I share 10000 dollars,10000.0,0.212938120182275,7.902872562408447
x-ai/grok-4.1-fast,dictator,50,46962,2,I share 4696 dollars,4696.0,0.0999957412375963,11.16840410232544
x-ai/grok-4.1-fast,dictator,50,46962,3,I share 5000 dollars,5000.0,0.1064690600911375,10.327080011367798
x-ai/grok-4.1-fast,dictator,50,31054,1,I share 10000 dollars,10000.0,0.3220197076061055,10.951417922973633
x-ai/grok-4.1-fast,dictator,50,31054,2,I share 15527 dollars,15527.0,0.5,11.120104312896729
x-ai/grok-4.1-fast,dictator,50,31054,3,I share 10000 dollars,10000.0,0.3220197076061055,15.418936967849731
x-ai/grok-4.1-fast,dictator,50,20531,1,I share 4000 dollars,4000.0,0.1948273342749988,11.540897369384766
x-ai/grok-4.1-fast,dictator,50,20531,2,I share 10265 dollars,10265.0,0.4999756465832156,11.479421615600586
x-ai/grok-4.1-fast,dictator,50,20531,3,I share 5000 dollars,5000.0,0.2435341678437484,17.63738465309143
x-ai/grok-4.1-fast,dictator,50,71000,1,I share 20000 dollars,20000.0,0.2816901408450704,7.669007062911987
x-ai/grok-4.1-fast,dictator,50,71000,2,I share 35500 dollars,35500.0,0.5,10.868350267410278
x-ai/grok-4.1-fast,dictator,50,71000,3,I share 10000 dollars.,10000.0,0.1408450704225352,9.696861743927002
x-ai/grok-4.1-fast,dictator,52,2,1,I share 1 dollars,1.0,0.5,8.050360918045044
x-ai/grok-4.1-fast,dictator,52,2,2,I share 1 dollars,1.0,0.5,4.254077196121216
x-ai/grok-4.1-fast,dictator,52,2,3,I share 1 dollars,1.0,0.5,7.998778820037842
x-ai/grok-4.1-fast,dictator,50,250000,1,I share 25000 dollars,25000.0,0.1,7.75514817237854
x-ai/grok-4.1-fast,dictator,50,250000,2,I share 25000 dollars,25000.0,0.1,11.093788385391235
x-ai/grok-4.1-fast,dictator,50,250000,3,I share 100000 dollars,100000.0,0.4,10.02025270462036
x-ai/grok-4.1-fast,dictator,50,107392,1,I share 53696 dollars,53696.0,0.5,18.190500497818
x-ai/grok-4.1-fast,dictator,50,107392,2,I share 20000 dollars,20000.0,0.186233611442193,13.689270496368408
x-ai/grok-4.1-fast,dictator,50,107392,3,I share 20000 dollars,20000.0,0.186233611442193,12.746172428131104
x-ai/grok-4.1-fast,dictator,50,162379,1,I share 25000 dollars,25000.0,0.1539607954230534,10.233184337615969
x-ai/grok-4.1-fast,dictator,50,162379,2,I share 25000 dollars,25000.0,0.1539607954230534,11.007921695709229
x-ai/grok-4.1-fast,dictator,50,162379,3,I share 20000 dollars,20000.0,0.1231686363384427,12.521042108535768
x-ai/grok-4.1-fast,dictator,52,1,1,I share 0 dollars,0.0,0.0,9.595845937728882
x-ai/grok-4.1-fast,dictator,52,1,2,I share 0.50 dollars,0.5,0.5,12.143437385559082
x-ai/grok-4.1-fast,dictator,52,1,3,I share 0.50 dollars,0.5,0.5,14.95693325996399
x-ai/grok-4.1-fast,dictator,52,3,1,I share 1 dollars,1.0,0.3333333333333333,11.802502870559692
x-ai/grok-4.1-fast,dictator,52,3,2,I share 1 dollars,1.0,0.3333333333333333,11.499831199645996
x-ai/grok-4.1-fast,dictator,52,3,3,I share 1 dollars,1.0,0.3333333333333333,9.952555894851685
x-ai/grok-4.1-fast,dictator,52,5,1,I share 1 dollars,1.0,0.2,5.929999828338623
x-ai/grok-4.1-fast,dictator,52,5,2,I share 2 dollars,2.0,0.4,9.21218204498291
x-ai/grok-4.1-fast,dictator,52,5,3,I share 1 dollars,1.0,0.2,9.007855892181396
x-ai/grok-4.1-fast,dictator,52,10,1,I share 3 dollars,3.0,0.3,11.142449855804443
x-ai/grok-4.1-fast,dictator,52,10,2,I share 2 dollars,2.0,0.2,7.850103139877319
x-ai/grok-4.1-fast,dictator,52,10,3,I share 5 dollars,5.0,0.5,10.437433004379272
x-ai/grok-4.1-fast,dictator,52,8,1,I share 3 dollars,3.0,0.375,17.09925675392151
x-ai/grok-4.1-fast,dictator,52,8,2,I share 2 dollars,2.0,0.25,5.526451826095581
x-ai/grok-4.1-fast,dictator,52,8,3,I share 2 dollars,2.0,0.25,12.17228627204895
x-ai/grok-4.1-fast,dictator,52,12,1,I share 3 dollars,3.0,0.25,10.99899172782898
x-ai/grok-4.1-fast,dictator,52,12,2,I share 3 dollars,3.0,0.25,8.869588136672974
x-ai/grok-4.1-fast,dictator,52,12,3,I share 4 dollars,4.0,0.3333333333333333,11.601336240768433
x-ai/grok-4.1-fast,dictator,52,18,1,I share 9 dollars,9.0,0.5,8.325461387634277
x-ai/grok-4.1-fast,dictator,52,18,2,I share 5 dollars,5.0,0.2777777777777778,10.531455993652344
x-ai/grok-4.1-fast,dictator,52,18,3,I share 3 dollars,3.0,0.1666666666666666,8.44260287284851
x-ai/grok-4.1-fast,dictator,52,41,1,I share 10 dollars,10.0,0.2439024390243902,10.664400815963743
x-ai/grok-4.1-fast,dictator,52,41,2,I share 10 dollars,10.0,0.2439024390243902,6.417050838470459
x-ai/grok-4.1-fast,dictator,52,41,3,I share 10 dollars,10.0,0.2439024390243902,8.478696823120117
x-ai/grok-4.1-fast,dictator,52,27,1,I share 7 dollars,7.0,0.2592592592592592,6.839808702468872
x-ai/grok-4.1-fast,dictator,52,27,2,I share 10 dollars,10.0,0.3703703703703703,17.40898895263672
x-ai/grok-4.1-fast,dictator,52,27,3,I share 10 dollars,10.0,0.3703703703703703,12.687185287475586
x-ai/grok-4.1-fast,dictator,52,95,1,I share 20 dollars,20.0,0.2105263157894736,6.852195978164673
x-ai/grok-4.1-fast,dictator,52,95,2,I share 25 dollars,25.0,0.2631578947368421,4.75858998298645
x-ai/grok-4.1-fast,dictator,52,95,3,I share 25 dollars,25.0,0.2631578947368421,10.200814962387083
x-ai/grok-4.1-fast,dictator,52,217,1,I share 100 dollars,100.0,0.4608294930875576,9.385584592819214
x-ai/grok-4.1-fast,dictator,52,217,2,I share 50 dollars,50.0,0.2304147465437788,9.725725889205933
x-ai/grok-4.1-fast,dictator,52,217,3,I share 108 dollars,108.0,0.4976958525345622,9.300760746002195
x-ai/grok-4.1-fast,dictator,52,63,1,I share 15 dollars,15.0,0.238095238095238,15.26677656173706
x-ai/grok-4.1-fast,dictator,52,63,2,I share 15 dollars,15.0,0.238095238095238,11.131446123123167
x-ai/grok-4.1-fast,dictator,52,63,3,I share 10 dollars,10.0,0.1587301587301587,11.897038459777832
x-ai/grok-4.1-fast,dictator,52,328,1,I share 164 dollars,164.0,0.5,11.33751130104065
x-ai/grok-4.1-fast,dictator,52,328,2,I share 100 dollars,100.0,0.3048780487804878,8.453845262527466
x-ai/grok-4.1-fast,dictator,52,328,3,I share 164 dollars,164.0,0.5,5.09588360786438
x-ai/grok-4.1-fast,dictator,52,496,1,I share 124 dollars,124.0,0.25,8.890673637390137
x-ai/grok-4.1-fast,dictator,52,496,2,I share 248 dollars,248.0,0.5,6.145381212234497
x-ai/grok-4.1-fast,dictator,52,496,3,I share 248 dollars,248.0,0.5,5.695593595504761
x-ai/grok-4.1-fast,dictator,52,144,1,I share 60 dollars,60.0,0.4166666666666667,11.37136936187744
x-ai/grok-4.1-fast,dictator,52,144,2,I share 72 dollars,72.0,0.5,14.274426698684692
x-ai/grok-4.1-fast,dictator,52,144,3,I share 72 dollars,72.0,0.5,13.335510015487673
x-ai/grok-4.1-fast,dictator,52,751,1,I share 250 dollars,250.0,0.3328894806924101,9.017280340194702
x-ai/grok-4.1-fast,dictator,52,751,2,I share 100 dollars,100.0,0.133155792276964,11.110798835754396
x-ai/grok-4.1-fast,dictator,52,751,3,I share 150 dollars,150.0,0.199733688415446,21.186214685440063
x-ai/grok-4.1-fast,dictator,52,1135,1,I share 300 dollars,300.0,0.2643171806167401,12.357316970825195
x-ai/grok-4.1-fast,dictator,52,1135,2,I share 200 dollars,200.0,0.1762114537444934,10.605060577392578
x-ai/grok-4.1-fast,dictator,52,1135,3,I share 200 dollars,200.0,0.1762114537444934,10.137582540512083
x-ai/grok-4.1-fast,dictator,52,2596,1,I share 1000 dollars,1000.0,0.3852080123266564,6.922370910644531
x-ai/grok-4.1-fast,dictator,52,2596,2,I share 500 dollars,500.0,0.1926040061633282,14.671610593795776
x-ai/grok-4.1-fast,dictator,52,2596,3,I share 1000 dollars,1000.0,0.3852080123266564,12.730815649032593
x-ai/grok-4.1-fast,dictator,52,3926,1,I share 500 dollars,500.0,0.1273560876209883,7.72076678276062
x-ai/grok-4.1-fast,dictator,52,3926,2,I share 900 dollars,900.0,0.2292409577177789,13.981489419937134
x-ai/grok-4.1-fast,dictator,52,3926,3,I share 1000 dollars,1000.0,0.2547121752419766,13.068499088287354
x-ai/grok-4.1-fast,dictator,52,1717,1,I share 300 dollars,300.0,0.17472335468841,13.78382968902588
x-ai/grok-4.1-fast,dictator,52,1717,2,I share 200 dollars,200.0,0.11648223645894,11.766086339950562
x-ai/grok-4.1-fast,dictator,52,1717,3,I share 429 dollars,429.0,0.2498543972044263,14.88586950302124
x-ai/grok-4.1-fast,dictator,52,8979,1,I share 1000 dollars,1000.0,0.1113709767234658,9.966268062591553
x-ai/grok-4.1-fast,dictator,52,8979,2,I share 1500 dollars,1500.0,0.1670564650851988,7.743457794189453
x-ai/grok-4.1-fast,dictator,52,8979,3,I share 2500 dollars,2500.0,0.2784274418086647,14.009250164031982
x-ai/grok-4.1-fast,dictator,52,20531,1,I share 1000 dollars,1000.0,0.0487068335687497,7.507020473480225
x-ai/grok-4.1-fast,dictator,52,20531,2,I share 5000 dollars,5000.0,0.2435341678437484,9.826148509979248
x-ai/grok-4.1-fast,dictator,52,20531,3,I share 5000 dollars,5000.0,0.2435341678437484,11.582605838775637
x-ai/grok-4.1-fast,dictator,52,5938,1,I share 1000 dollars.,1000.0,0.1684068710003368,29.173964023590088
x-ai/grok-4.1-fast,dictator,52,5938,2,I share 1000 dollars,1000.0,0.1684068710003368,22.02144384384156
x-ai/grok-4.1-fast,dictator,52,5938,3,I share 1000 dollars,1000.0,0.1684068710003368,14.402703762054443
x-ai/grok-4.1-fast,dictator,52,31054,1,I share 5000 dollars,5000.0,0.1610098538030527,8.746143817901611
x-ai/grok-4.1-fast,dictator,52,31054,2,I share 15527 dollars,15527.0,0.5,14.52846884727478
x-ai/grok-4.1-fast,dictator,52,31054,3,I share $5000 dollars,5000.0,0.1610098538030527,9.153879880905151
x-ai/grok-4.1-fast,dictator,52,13578,1,I share 6789 dollars,6789.0,0.5,12.435622215270996
x-ai/grok-4.1-fast,dictator,52,13578,2,I share 6789 dollars,6789.0,0.5,14.676372766494753
x-ai/grok-4.1-fast,dictator,52,13578,3,I share 1000 dollars,1000.0,0.0736485491235822,11.108373880386353
x-ai/grok-4.1-fast,dictator,52,46962,1,I share 5000 dollars,5000.0,0.1064690600911375,13.84793782234192
x-ai/grok-4.1-fast,dictator,52,46962,2,I share 5000 dollars,5000.0,0.1064690600911375,8.81082558631897
x-ai/grok-4.1-fast,dictator,52,46962,3,I share 10000 dollars,10000.0,0.212938120182275,15.665099620819092
x-ai/grok-4.1-fast,dictator,52,71000,1,I share 5000 dollars,5000.0,0.0704225352112676,9.87956190109253
x-ai/grok-4.1-fast,dictator,52,71000,2,I share 10000 dollars.,10000.0,0.1408450704225352,15.187281847000122
x-ai/grok-4.1-fast,dictator,52,71000,3,I share 5000 dollars,5000.0,0.0704225352112676,6.796028137207031
x-ai/grok-4.1-fast,dictator,54,1,1,I share 0.5 dollars,0.5,0.5,7.924150466918945
x-ai/grok-4.1-fast,dictator,54,1,2,I share 0.30 dollars,0.3,0.3,15.075904369354248
x-ai/grok-4.1-fast,dictator,54,1,3,I share 0 dollars,0.0,0.0,6.470209836959839
x-ai/grok-4.1-fast,dictator,52,250000,1,I share 50000 dollars,50000.0,0.2,8.159700393676758
x-ai/grok-4.1-fast,dictator,52,250000,2,I share 25000 dollars,25000.0,0.1,13.376230239868164
x-ai/grok-4.1-fast,dictator,52,250000,3,I share 25000 dollars.,25000.0,0.1,14.497889757156372
x-ai/grok-4.1-fast,dictator,54,2,1,I share 0.50 dollars,0.5,0.25,10.547934532165527
x-ai/grok-4.1-fast,dictator,54,2,2,I share 1 dollars,1.0,0.5,12.162957906723022
x-ai/grok-4.1-fast,dictator,54,2,3,I share 1 dollars,1.0,0.5,5.526194334030151
x-ai/grok-4.1-fast,dictator,52,107392,1,I share 53696 dollars,53696.0,0.5,12.563270330429075
x-ai/grok-4.1-fast,dictator,52,107392,2,I share 5000 dollars,5000.0,0.0465584028605482,14.604256629943848
x-ai/grok-4.1-fast,dictator,52,107392,3,I share 20000 dollars,20000.0,0.186233611442193,17.189472198486328
x-ai/grok-4.1-fast,dictator,54,3,1,I share 1 dollars,1.0,0.3333333333333333,9.913633584976196
x-ai/grok-4.1-fast,dictator,54,3,2,I share 1 dollars,1.0,0.3333333333333333,8.060974836349487
x-ai/grok-4.1-fast,dictator,54,3,3,I share 1 dollars,1.0,0.3333333333333333,5.160072326660156
x-ai/grok-4.1-fast,dictator,54,5,1,I share 1 dollars,1.0,0.2,8.2313871383667
x-ai/grok-4.1-fast,dictator,54,5,2,I share 2 dollars,2.0,0.4,5.491151571273804
x-ai/grok-4.1-fast,dictator,54,5,3,I share 2 dollars,2.0,0.4,8.104825735092163
x-ai/grok-4.1-fast,dictator,54,8,1,I share 1 dollars,1.0,0.125,7.797226905822754
x-ai/grok-4.1-fast,dictator,54,8,2,I share 2 dollars,2.0,0.25,4.947512149810791
x-ai/grok-4.1-fast,dictator,54,8,3,I share 2 dollars,2.0,0.25,11.538272857666016
x-ai/grok-4.1-fast,dictator,54,10,1,I share 2 dollars,2.0,0.2,5.88927435874939
x-ai/grok-4.1-fast,dictator,54,10,2,I share 3 dollars,3.0,0.3,5.76689338684082
x-ai/grok-4.1-fast,dictator,54,10,3,I share 2 dollars,2.0,0.2,11.976094007492064
x-ai/grok-4.1-fast,dictator,52,162379,1,I share 20000 dollars,20000.0,0.1231686363384427,18.65977120399475
x-ai/grok-4.1-fast,dictator,52,162379,2,I share 40000 dollars,40000.0,0.2463372726768855,35.61505150794983
x-ai/grok-4.1-fast,dictator,52,162379,3,I share 10000 dollars,10000.0,0.0615843181692213,18.62366437911988
x-ai/grok-4.1-fast,dictator,54,12,1,I share 2 dollars,2.0,0.1666666666666666,12.138534784317017
x-ai/grok-4.1-fast,dictator,54,12,2,I share 3 dollars,3.0,0.25,14.7151460647583
x-ai/grok-4.1-fast,dictator,54,12,3,I share 2 dollars,2.0,0.1666666666666666,8.272680282592773
x-ai/grok-4.1-fast,dictator,54,18,1,I share 2 dollars,2.0,0.1111111111111111,11.604734659194946
x-ai/grok-4.1-fast,dictator,54,18,2,I share 4 dollars,4.0,0.2222222222222222,11.253991603851318
x-ai/grok-4.1-fast,dictator,54,18,3,I share 3 dollars,3.0,0.1666666666666666,8.808663845062256
x-ai/grok-4.1-fast,dictator,54,27,1,I share 12 dollars,12.0,0.4444444444444444,15.62351679801941
x-ai/grok-4.1-fast,dictator,54,27,2,I share 7 dollars,7.0,0.2592592592592592,8.242387294769287
x-ai/grok-4.1-fast,dictator,54,27,3,I share 3 dollars,3.0,0.1111111111111111,7.196665525436401
x-ai/grok-4.1-fast,dictator,54,41,1,I share 10 dollars,10.0,0.2439024390243902,16.064749240875244
x-ai/grok-4.1-fast,dictator,54,41,2,I share 10 dollars,10.0,0.2439024390243902,10.238353252410889
x-ai/grok-4.1-fast,dictator,54,41,3,I share 10 dollars,10.0,0.2439024390243902,9.05436658859253
x-ai/grok-4.1-fast,dictator,54,63,1,I share 10 dollars,10.0,0.1587301587301587,16.248297691345215
x-ai/grok-4.1-fast,dictator,54,63,2,I share 20 dollars,20.0,0.3174603174603174,12.05665373802185
x-ai/grok-4.1-fast,dictator,54,63,3,I share 20 dollars,20.0,0.3174603174603174,9.255265474319458
x-ai/grok-4.1-fast,dictator,54,95,1,I share 30 dollars,30.0,0.3157894736842105,9.415738582611084
x-ai/grok-4.1-fast,dictator,54,95,2,I share 10 dollars,10.0,0.1052631578947368,14.547807216644289
x-ai/grok-4.1-fast,dictator,54,95,3,I share 15 dollars,15.0,0.1578947368421052,8.191285133361816
x-ai/grok-4.1-fast,dictator,54,217,1,I share 50 dollars,50.0,0.2304147465437788,6.98111891746521
x-ai/grok-4.1-fast,dictator,54,217,2,I share 54 dollars,54.0,0.2488479262672811,11.67378282546997
x-ai/grok-4.1-fast,dictator,54,217,3,I share 35 dollars,35.0,0.1612903225806451,13.056971549987791
x-ai/grok-4.1-fast,dictator,54,144,1,I share 25 dollars,25.0,0.1736111111111111,11.661586046218872
x-ai/grok-4.1-fast,dictator,54,144,2,I share 36 dollars,36.0,0.25,9.220316886901855
x-ai/grok-4.1-fast,dictator,54,144,3,I share 46 dollars,46.0,0.3194444444444444,15.850944995880129
x-ai/grok-4.1-fast,dictator,54,328,1,I share 65 dollars,65.0,0.198170731707317,11.705154418945312
x-ai/grok-4.1-fast,dictator,54,328,2,I share 82 dollars,82.0,0.25,18.571537494659424
x-ai/grok-4.1-fast,dictator,54,328,3,I share 50 dollars,50.0,0.1524390243902439,5.968511343002319
x-ai/grok-4.1-fast,dictator,54,751,1,I share 100 dollars,100.0,0.133155792276964,10.094147443771362
x-ai/grok-4.1-fast,dictator,54,751,2,I share 251 dollars,251.0,0.3342210386151797,10.999852657318115
x-ai/grok-4.1-fast,dictator,54,751,3,I share 200 dollars,200.0,0.2663115845539281,11.06727910041809
x-ai/grok-4.1-fast,dictator,54,496,1,I share 100 dollars,100.0,0.2016129032258064,11.606680870056152
x-ai/grok-4.1-fast,dictator,54,496,2,I share 100 dollars,100.0,0.2016129032258064,11.657619953155518
x-ai/grok-4.1-fast,dictator,54,496,3,I share 100 dollars,100.0,0.2016129032258064,13.846491813659668
x-ai/grok-4.1-fast,dictator,54,1135,1,I share 100 dollars,100.0,0.0881057268722467,11.832214117050173
x-ai/grok-4.1-fast,dictator,54,1135,2,I share 100 dollars,100.0,0.0881057268722467,12.997992992401125
x-ai/grok-4.1-fast,dictator,54,1135,3,I share 200 dollars,200.0,0.1762114537444934,10.97554898262024
x-ai/grok-4.1-fast,dictator,54,1717,1,I share 200 dollars,200.0,0.11648223645894,16.268056869506836
x-ai/grok-4.1-fast,dictator,54,1717,2,I share 200 dollars,200.0,0.11648223645894,10.895655393600464
x-ai/grok-4.1-fast,dictator,54,1717,3,I share 400 dollars,400.0,0.23296447291788,11.365755558013916
x-ai/grok-4.1-fast,dictator,54,2596,1,I share 250 dollars,250.0,0.0963020030816641,8.071369886398315
x-ai/grok-4.1-fast,dictator,54,2596,2,I share 250 dollars,250.0,0.0963020030816641,13.182040691375732
x-ai/grok-4.1-fast,dictator,54,2596,3,I share 250 dollars,250.0,0.0963020030816641,13.123472452163696
x-ai/grok-4.1-fast,dictator,54,5938,1,I share 1000 dollars,1000.0,0.1684068710003368,12.428517818450928
x-ai/grok-4.1-fast,dictator,54,5938,2,I share 1000 dollars,1000.0,0.1684068710003368,21.80384874343872
x-ai/grok-4.1-fast,dictator,54,5938,3,I share 500 dollars,500.0,0.0842034355001684,8.394062995910645
x-ai/grok-4.1-fast,dictator,54,3926,1,I share 1000 dollars,1000.0,0.2547121752419766,21.47044897079468
x-ai/grok-4.1-fast,dictator,54,3926,2,I share 785 dollars,785.0,0.1999490575649516,14.63231611251831
x-ai/grok-4.1-fast,dictator,54,3926,3,I share 500 dollars,500.0,0.1273560876209883,18.16615581512451
x-ai/grok-4.1-fast,dictator,54,8979,1,I share 100 dollars,100.0,0.0111370976723465,16.97332453727722
x-ai/grok-4.1-fast,dictator,54,8979,2,I share 500 dollars,500.0,0.0556854883617329,14.8675639629364
x-ai/grok-4.1-fast,dictator,54,8979,3,I share 1000 dollars,1000.0,0.1113709767234658,17.39684295654297
x-ai/grok-4.1-fast,dictator,54,13578,1,I share 0 dollars,0.0,0.0,13.782142162322998
x-ai/grok-4.1-fast,dictator,54,13578,2,I share 500 dollars,500.0,0.0368242745617911,17.731621265411377
x-ai/grok-4.1-fast,dictator,54,13578,3,I share 1000 dollars.,1000.0,0.0736485491235822,15.422693014144896
x-ai/grok-4.1-fast,dictator,54,20531,1,I share 2500 dollars,2500.0,0.1217670839218742,29.619222164154053
x-ai/grok-4.1-fast,dictator,54,20531,2,I share 5000 dollars,5000.0,0.2435341678437484,12.521646976470947
x-ai/grok-4.1-fast,dictator,54,20531,3,I share 500 dollars,500.0,0.0243534167843748,6.617043495178223
x-ai/grok-4.1-fast,dictator,54,31054,1,I share 1500 dollars,1500.0,0.0483029561409158,13.199458599090576
x-ai/grok-4.1-fast,dictator,54,31054,2,I share 4000 dollars,4000.0,0.1288078830424422,17.00813364982605
x-ai/grok-4.1-fast,dictator,54,31054,3,I share 7215 dollars,7215.0,0.2323372190378051,25.799458026885983
x-ai/grok-4.1-fast,dictator,54,250000,1,I share 25000 dollars,25000.0,0.1,5.980020999908447
x-ai/grok-4.1-fast,dictator,54,250000,2,I share 1000 dollars,1000.0,0.004,6.7354278564453125
x-ai/grok-4.1-fast,dictator,54,250000,3,I share 5000 dollars,5000.0,0.02,17.969850301742554
x-ai/grok-4.1-fast,dictator,54,46962,1,I share 5000 dollars,5000.0,0.1064690600911375,16.337098598480225
x-ai/grok-4.1-fast,dictator,54,46962,2,I share 500 dollars,500.0,0.0106469060091137,12.105265378952026
x-ai/grok-4.1-fast,dictator,54,46962,3,I share 1000 dollars,1000.0,0.0212938120182275,27.499095678329468
x-ai/grok-4.1-fast,dictator,54,107392,1,I share 5370 dollars,5370.0,0.0500037246722288,6.982246160507202
x-ai/grok-4.1-fast,dictator,54,107392,2,I share 21478 dollars,21478.0,0.1999962753277711,15.48337745666504
x-ai/grok-4.1-fast,dictator,54,107392,3,I share 20000 dollars,20000.0,0.186233611442193,26.063982248306274
x-ai/grok-4.1-fast,dictator,54,162379,1,I share 2000 dollars,2000.0,0.0123168636338442,8.061983346939087
x-ai/grok-4.1-fast,dictator,54,162379,2,I share 10000 dollars,10000.0,0.0615843181692213,15.674182653427124
x-ai/grok-4.1-fast,dictator,54,162379,3,I share 0 dollars,0.0,0.0,21.603780269622803
x-ai/grok-4.1-fast,dictator,54,71000,1,I share 5000 dollars,5000.0,0.0704225352112676,16.218817949295044
x-ai/grok-4.1-fast,dictator,54,71000,2,I share 7100 dollars,7100.0,0.1,15.143579721450806
x-ai/grok-4.1-fast,dictator,54,71000,3,I share 1000 dollars,1000.0,0.0140845070422535,27.93891668319702
x-ai/grok-4.1-fast,dictator,56,1,1,I share 0 dollars,0.0,0.0,23.654821157455444
x-ai/grok-4.1-fast,dictator,56,1,2,I share 0 dollars,0.0,0.0,9.333894968032835
x-ai/grok-4.1-fast,dictator,56,1,3,I share 0.20 dollars,0.2,0.2,14.466599464416504
x-ai/grok-4.1-fast,dictator,56,10,1,I share 1 dollars,1.0,0.1,13.730663299560549
x-ai/grok-4.1-fast,dictator,56,10,2,I share 2 dollars,2.0,0.2,6.2358903884887695
x-ai/grok-4.1-fast,dictator,56,10,3,I share 1 dollars,1.0,0.1,5.710758924484253
x-ai/grok-4.1-fast,dictator,56,3,1,I share 1 dollars,1.0,0.3333333333333333,7.185263633728027
x-ai/grok-4.1-fast,dictator,56,3,2,I share 1 dollars,1.0,0.3333333333333333,11.366515636444092
x-ai/grok-4.1-fast,dictator,56,3,3,I share 1 dollars,1.0,0.3333333333333333,10.949394464492798
x-ai/grok-4.1-fast,dictator,56,8,1,I share 2 dollars,2.0,0.25,15.03510308265686
x-ai/grok-4.1-fast,dictator,56,8,2,I share 2 dollars,2.0,0.25,4.274128437042236
x-ai/grok-4.1-fast,dictator,56,8,3,I share 2 dollars,2.0,0.25,8.097185373306274
x-ai/grok-4.1-fast,dictator,56,2,1,I share 0.50 dollars,0.5,0.25,11.76517653465271
x-ai/grok-4.1-fast,dictator,56,2,2,I share 1 dollars,1.0,0.5,13.083534240722656
x-ai/grok-4.1-fast,dictator,56,2,3,I share 1 dollars,1.0,0.5,11.170809984207152
x-ai/grok-4.1-fast,dictator,56,5,1,I share 1 dollars,1.0,0.2,14.716691970825195
x-ai/grok-4.1-fast,dictator,56,5,2,I share 1 dollars,1.0,0.2,9.66400671005249
x-ai/grok-4.1-fast,dictator,56,5,3,I share 1 dollars,1.0,0.2,10.999847888946531
x-ai/grok-4.1-fast,dictator,56,12,1,I share 2 dollars,2.0,0.1666666666666666,9.520281314849854
x-ai/grok-4.1-fast,dictator,56,12,2,I share 2 dollars,2.0,0.1666666666666666,14.37280774116516
x-ai/grok-4.1-fast,dictator,56,12,3,I share 2 dollars,2.0,0.1666666666666666,8.168734073638916
x-ai/grok-4.1-fast,dictator,56,18,1,I share 4 dollars,4.0,0.2222222222222222,7.664748907089233
x-ai/grok-4.1-fast,dictator,56,18,2,I share 4 dollars.,4.0,0.2222222222222222,10.140266418457031
x-ai/grok-4.1-fast,dictator,56,18,3,I share 2 dollars,2.0,0.1111111111111111,9.517720460891724
x-ai/grok-4.1-fast,dictator,56,63,1,I share 5 dollars,5.0,0.0793650793650793,8.483985900878906
x-ai/grok-4.1-fast,dictator,56,63,2,I share 10 dollars,10.0,0.1587301587301587,6.893633842468262
x-ai/grok-4.1-fast,dictator,56,63,3,I share 10 dollars,10.0,0.1587301587301587,11.403173208236694
x-ai/grok-4.1-fast,dictator,56,27,1,I share 12 dollars,12.0,0.4444444444444444,8.142735004425049
x-ai/grok-4.1-fast,dictator,56,27,2,I share 5 dollars,5.0,0.1851851851851851,9.036104202270508
x-ai/grok-4.1-fast,dictator,56,27,3,I share 2 dollars,2.0,0.074074074074074,12.182607650756836
x-ai/grok-4.1-fast,dictator,56,41,1,I share 5 dollars,5.0,0.1219512195121951,13.29599118232727
x-ai/grok-4.1-fast,dictator,56,41,2,I share 0 dollars,0.0,0.0,9.847424745559692
x-ai/grok-4.1-fast,dictator,56,41,3,I share 5 dollars,5.0,0.1219512195121951,9.372145175933838
x-ai/grok-4.1-fast,dictator,56,95,1,I share 25 dollars,25.0,0.2631578947368421,11.098935842514038
x-ai/grok-4.1-fast,dictator,56,95,2,I share 10 dollars,10.0,0.1052631578947368,9.813050270080566
x-ai/grok-4.1-fast,dictator,56,95,3,I share 25 dollars,25.0,0.2631578947368421,10.224242448806764
x-ai/grok-4.1-fast,dictator,56,217,1,I share 25 dollars,25.0,0.1152073732718894,6.069003820419312
x-ai/grok-4.1-fast,dictator,56,217,2,I share 10 dollars,10.0,0.0460829493087557,12.341648817062378
x-ai/grok-4.1-fast,dictator,56,217,3,I share 20 dollars,20.0,0.0921658986175115,13.044239044189451
x-ai/grok-4.1-fast,dictator,56,144,1,I share 44 dollars,44.0,0.3055555555555556,18.83160185813904
x-ai/grok-4.1-fast,dictator,56,144,2,I share 32 dollars,32.0,0.2222222222222222,12.030004978179932
x-ai/grok-4.1-fast,dictator,56,144,3,I share 20 dollars,20.0,0.1388888888888889,8.080569744110107
x-ai/grok-4.1-fast,dictator,56,1135,1,I share 200 dollars,200.0,0.1762114537444934,10.796337604522703
x-ai/grok-4.1-fast,dictator,56,1135,2,I share 250 dollars,250.0,0.2202643171806167,6.229517698287964
x-ai/grok-4.1-fast,dictator,56,1135,3,I share 300 dollars,300.0,0.2643171806167401,6.525101900100708
x-ai/grok-4.1-fast,dictator,56,328,1,I share 50 dollars,50.0,0.1524390243902439,14.179537057876589
x-ai/grok-4.1-fast,dictator,56,328,2,I share 74 dollars,74.0,0.2256097560975609,16.788127899169922
x-ai/grok-4.1-fast,dictator,56,328,3,I share 50 dollars,50.0,0.1524390243902439,9.6865394115448
x-ai/grok-4.1-fast,dictator,56,496,1,I share 100 dollars,100.0,0.2016129032258064,9.144282341003418
x-ai/grok-4.1-fast,dictator,56,496,2,I share 100 dollars,100.0,0.2016129032258064,17.33696985244751
x-ai/grok-4.1-fast,dictator,56,496,3,I share 100 dollars,100.0,0.2016129032258064,16.701804161071777
x-ai/grok-4.1-fast,dictator,56,751,1,I share 50 dollars,50.0,0.066577896138482,16.74669575691223
x-ai/grok-4.1-fast,dictator,56,751,2,I share 75 dollars,75.0,0.099866844207723,13.276132106781006
x-ai/grok-4.1-fast,dictator,56,751,3,I share 50 dollars,50.0,0.066577896138482,16.704745054244995
x-ai/grok-4.1-fast,dictator,56,3926,1,I share 500 dollars,500.0,0.1273560876209883,10.33033275604248
x-ai/grok-4.1-fast,dictator,56,3926,2,I share 400 dollars,400.0,0.1018848700967906,6.855341672897339
x-ai/grok-4.1-fast,dictator,56,3926,3,I share 300 dollars,300.0,0.0764136525725929,11.518789052963257
x-ai/grok-4.1-fast,dictator,56,1717,1,I share 500 dollars,500.0,0.29120559114735,17.44520878791809
x-ai/grok-4.1-fast,dictator,56,1717,2,I share 200 dollars,200.0,0.11648223645894,11.838121175765991
x-ai/grok-4.1-fast,dictator,56,1717,3,I share 250 dollars,250.0,0.145602795573675,11.333526134490969
x-ai/grok-4.1-fast,dictator,56,5938,1,I share 1000 dollars,1000.0,0.1684068710003368,14.035714864730837
x-ai/grok-4.1-fast,dictator,56,5938,2,I share 500 dollars,500.0,0.0842034355001684,13.26684594154358
x-ai/grok-4.1-fast,dictator,56,5938,3,I share 0 dollars,0.0,0.0,9.300211191177368
x-ai/grok-4.1-fast,dictator,56,2596,1,I share $300 dollars,300.0,0.1155624036979969,13.473536491394045
x-ai/grok-4.1-fast,dictator,56,2596,2,I share 500 dollars,500.0,0.1926040061633282,12.317219018936155
x-ai/grok-4.1-fast,dictator,56,2596,3,I share 500 dollars,500.0,0.1926040061633282,19.855355978012085
x-ai/grok-4.1-fast,dictator,56,8979,1,I share 1000 dollars,1000.0,0.1113709767234658,14.832441806793211
x-ai/grok-4.1-fast,dictator,56,8979,2,I share 1000 dollars,1000.0,0.1113709767234658,10.99640679359436
x-ai/grok-4.1-fast,dictator,56,8979,3,I share 500 dollars,500.0,0.0556854883617329,19.585770845413208
x-ai/grok-4.1-fast,dictator,56,20531,1,I share 3000 dollars,3000.0,0.146120500706249,10.927633047103882
x-ai/grok-4.1-fast,dictator,56,20531,2,I share 2000 dollars,2000.0,0.0974136671374994,14.265263319015505
x-ai/grok-4.1-fast,dictator,56,20531,3,I share 0 dollars,0.0,0.0,21.28821182250977
x-ai/grok-4.1-fast,dictator,56,13578,1,I share 100 dollars,100.0,0.0073648549123582,23.79794669151306
x-ai/grok-4.1-fast,dictator,56,13578,2,I share 500 dollars,500.0,0.0368242745617911,20.97475266456604
x-ai/grok-4.1-fast,dictator,56,13578,3,I share 2000 dollars,2000.0,0.1472970982471645,14.654287338256836
x-ai/grok-4.1-fast,dictator,56,31054,1,I share 2000 dollars,2000.0,0.0644039415212211,22.87966728210449
x-ai/grok-4.1-fast,dictator,56,31054,2,I share 5000 dollars,5000.0,0.1610098538030527,19.915388584136963
x-ai/grok-4.1-fast,dictator,56,31054,3,I share 5000 dollars,5000.0,0.1610098538030527,12.51416015625
x-ai/grok-4.1-fast,dictator,56,71000,1,I share 5000 dollars,5000.0,0.0704225352112676,17.861823081970215
x-ai/grok-4.1-fast,dictator,56,71000,2,I share 5000 dollars,5000.0,0.0704225352112676,18.59494686126709
x-ai/grok-4.1-fast,dictator,56,71000,3,I share 14000 dollars,14000.0,0.1971830985915492,13.86946153640747
x-ai/grok-4.1-fast,dictator,56,46962,1,I share 0 dollars,0.0,0.0,13.86000370979309
x-ai/grok-4.1-fast,dictator,56,46962,2,I share 100 dollars,100.0,0.0021293812018227,8.696125507354736
x-ai/grok-4.1-fast,dictator,56,46962,3,I share 4696 dollars,4696.0,0.0999957412375963,37.90190601348877
x-ai/grok-4.1-fast,dictator,56,250000,1,I share 1000 dollars,1000.0,0.004,9.473803520202637
x-ai/grok-4.1-fast,dictator,56,250000,2,I share 5000 dollars,5000.0,0.02,8.03795337677002
x-ai/grok-4.1-fast,dictator,56,250000,3,I share 1000 dollars,1000.0,0.004,10.243206977844238
x-ai/grok-4.1-fast,dictator,58,1,1,I share 0 dollars,0.0,0.0,6.416243314743042
x-ai/grok-4.1-fast,dictator,58,1,2,I share 0.25 dollars,0.25,0.25,9.499533653259276
x-ai/grok-4.1-fast,dictator,58,1,3,I share 0.20 dollars,0.2,0.2,13.822569608688354
x-ai/grok-4.1-fast,dictator,56,107392,1,I share 10000 dollars.,10000.0,0.0931168057210965,15.810837984085085
x-ai/grok-4.1-fast,dictator,56,107392,2,I share 10000 dollars,10000.0,0.0931168057210965,31.939266681671143
x-ai/grok-4.1-fast,dictator,56,107392,3,I share 5000 dollars,5000.0,0.0465584028605482,18.782994031906128
x-ai/grok-4.1-fast,dictator,58,5,1,I share 1 dollars,1.0,0.2,15.478846788406372
x-ai/grok-4.1-fast,dictator,58,5,2,I share 1 dollars,1.0,0.2,9.131710529327393
x-ai/grok-4.1-fast,dictator,58,5,3,I share 1 dollars,1.0,0.2,4.298245906829834
x-ai/grok-4.1-fast,dictator,58,2,1,I share 1 dollars,1.0,0.5,8.179858446121216
x-ai/grok-4.1-fast,dictator,58,2,2,I share 1 dollars,1.0,0.5,16.038292169570923
x-ai/grok-4.1-fast,dictator,58,2,3,I share 0 dollars,0.0,0.0,16.528194189071655
x-ai/grok-4.1-fast,dictator,58,8,1,I share 2 dollars,2.0,0.25,8.178866624832153
x-ai/grok-4.1-fast,dictator,58,8,2,I share 1 dollars,1.0,0.125,3.515722274780273
x-ai/grok-4.1-fast,dictator,58,8,3,I share 1 dollars,1.0,0.125,7.549594879150391
x-ai/grok-4.1-fast,dictator,58,3,1,I share 1 dollars,1.0,0.3333333333333333,17.532716751098633
x-ai/grok-4.1-fast,dictator,58,3,2,I share 0 dollars,0.0,0.0,8.330283164978027
x-ai/grok-4.1-fast,dictator,58,3,3,I share 1 dollars,1.0,0.3333333333333333,13.952917337417604
x-ai/grok-4.1-fast,dictator,56,162379,1,I share 10000 dollars,10000.0,0.0615843181692213,29.61167526245117
x-ai/grok-4.1-fast,dictator,56,162379,2,I share 36535 dollars,36535.0,0.2249983064312503,31.755824089050293
x-ai/grok-4.1-fast,dictator,56,162379,3,I share 10000 dollars,10000.0,0.0615843181692213,10.09771728515625
x-ai/grok-4.1-fast,dictator,58,10,1,I share 1 dollars,1.0,0.1,8.5789315700531
x-ai/grok-4.1-fast,dictator,58,10,2,I share 2 dollars,2.0,0.2,9.41937804222107
x-ai/grok-4.1-fast,dictator,58,10,3,I share 2 dollars,2.0,0.2,7.0234551429748535
x-ai/grok-4.1-fast,dictator,58,12,1,I share 3 dollars,3.0,0.25,7.168483257293701
x-ai/grok-4.1-fast,dictator,58,12,2,I share 2 dollars,2.0,0.1666666666666666,10.013712644577026
x-ai/grok-4.1-fast,dictator,58,12,3,I share 2 dollars,2.0,0.1666666666666666,5.986191272735596
x-ai/grok-4.1-fast,dictator,58,18,1,I share 1 dollars,1.0,0.0555555555555555,10.024959802627563
x-ai/grok-4.1-fast,dictator,58,18,2,I share 2 dollars,2.0,0.1111111111111111,4.985306024551392
x-ai/grok-4.1-fast,dictator,58,18,3,I share 5 dollars,5.0,0.2777777777777778,6.53745174407959
x-ai/grok-4.1-fast,dictator,58,41,1,I share 5 dollars,5.0,0.1219512195121951,9.143786430358888
x-ai/grok-4.1-fast,dictator,58,41,2,I share 5 dollars,5.0,0.1219512195121951,7.258949279785156
x-ai/grok-4.1-fast,dictator,58,41,3,I share 5 dollars,5.0,0.1219512195121951,8.42814016342163
x-ai/grok-4.1-fast,dictator,58,27,1,I share 5 dollars,5.0,0.1851851851851851,5.394497632980347
x-ai/grok-4.1-fast,dictator,58,27,2,I share 7 dollars,7.0,0.2592592592592592,13.512579202651978
x-ai/grok-4.1-fast,dictator,58,27,3,I share 7 dollars,7.0,0.2592592592592592,11.91823148727417
x-ai/grok-4.1-fast,dictator,58,63,1,I share 20 dollars,20.0,0.3174603174603174,11.275391340255736
x-ai/grok-4.1-fast,dictator,58,63,2,I share 5 dollars,5.0,0.0793650793650793,6.817282199859619
x-ai/grok-4.1-fast,dictator,58,63,3,I share 15 dollars,15.0,0.238095238095238,7.808112621307373
x-ai/grok-4.1-fast,dictator,58,95,1,I share 20 dollars,20.0,0.2105263157894736,11.104967832565308
x-ai/grok-4.1-fast,dictator,58,95,2,I share 20 dollars,20.0,0.2105263157894736,7.941977262496948
x-ai/grok-4.1-fast,dictator,58,95,3,I share 10 dollars,10.0,0.1052631578947368,7.657636642456055
x-ai/grok-4.1-fast,dictator,58,217,1,I share 20 dollars,20.0,0.0921658986175115,7.920580148696899
x-ai/grok-4.1-fast,dictator,58,217,2,I share 50 dollars,50.0,0.2304147465437788,18.838308334350582
x-ai/grok-4.1-fast,dictator,58,217,3,I share 30 dollars,30.0,0.1382488479262673,10.643978357315063
x-ai/grok-4.1-fast,dictator,58,144,1,I share 30 dollars,30.0,0.2083333333333333,11.25444483757019
x-ai/grok-4.1-fast,dictator,58,144,2,I share 50 dollars,50.0,0.3472222222222222,8.702183961868286
x-ai/grok-4.1-fast,dictator,58,144,3,I share 30 dollars,30.0,0.2083333333333333,18.974883556365967
x-ai/grok-4.1-fast,dictator,58,328,1,I share 100 dollars,100.0,0.3048780487804878,6.853332996368408
x-ai/grok-4.1-fast,dictator,58,328,2,I share 100 dollars,100.0,0.3048780487804878,12.181872129440308
x-ai/grok-4.1-fast,dictator,58,328,3,I share 100 dollars,100.0,0.3048780487804878,18.325844526290894
x-ai/grok-4.1-fast,dictator,58,1135,1,I share 200 dollars,200.0,0.1762114537444934,13.70972752571106
x-ai/grok-4.1-fast,dictator,58,1135,2,I share 250 dollars,250.0,0.2202643171806167,15.111665964126589
x-ai/grok-4.1-fast,dictator,58,1135,3,I share 200 dollars,200.0,0.1762114537444934,11.467371940612791
x-ai/grok-4.1-fast,dictator,58,496,1,I share 100 dollars,100.0,0.2016129032258064,22.93805718421936
x-ai/grok-4.1-fast,dictator,58,496,2,I share 20 dollars,20.0,0.0403225806451612,6.843886613845825
x-ai/grok-4.1-fast,dictator,58,496,3,I share 100 dollars,100.0,0.2016129032258064,12.700841903686523
x-ai/grok-4.1-fast,dictator,58,751,1,I share 100 dollars,100.0,0.133155792276964,9.047930717468262
x-ai/grok-4.1-fast,dictator,58,751,2,I share 100 dollars,100.0,0.133155792276964,27.20055103302002
x-ai/grok-4.1-fast,dictator,58,751,3,I share 100 dollars,100.0,0.133155792276964,10.377341985702516
x-ai/grok-4.1-fast,dictator,58,3926,1,I share 200 dollars,200.0,0.0509424350483953,6.775589227676392
x-ai/grok-4.1-fast,dictator,58,3926,2,I share 0 dollars,0.0,0.0,12.778825998306274
x-ai/grok-4.1-fast,dictator,58,3926,3,I share 800 dollars,800.0,0.2037697401935812,17.203909873962402
x-ai/grok-4.1-fast,dictator,58,2596,1,I share 1000 dollars,1000.0,0.3852080123266564,15.421443700790403
x-ai/grok-4.1-fast,dictator,58,2596,2,I share 100 dollars,100.0,0.0385208012326656,16.531005144119263
x-ai/grok-4.1-fast,dictator,58,2596,3,I share 500 dollars,500.0,0.1926040061633282,14.805014610290527
x-ai/grok-4.1-fast,dictator,58,1717,1,I share 500 dollars,500.0,0.29120559114735,12.644500732421877
x-ai/grok-4.1-fast,dictator,58,1717,2,I share 400 dollars,400.0,0.23296447291788,18.53216338157653
x-ai/grok-4.1-fast,dictator,58,1717,3,I share 100 dollars,100.0,0.05824111822947,17.95795202255249
x-ai/grok-4.1-fast,dictator,58,8979,1,I share 1000 dollars,1000.0,0.1113709767234658,19.756514072418213
x-ai/grok-4.1-fast,dictator,58,8979,2,I share 500 dollars,500.0,0.0556854883617329,18.719910383224487
x-ai/grok-4.1-fast,dictator,58,8979,3,I share 1000 dollars,1000.0,0.1113709767234658,15.220566511154177
x-ai/grok-4.1-fast,dictator,58,13578,1,I share 1000 dollars,1000.0,0.0736485491235822,23.3693790435791
x-ai/grok-4.1-fast,dictator,58,13578,2,I share 1000 dollars,1000.0,0.0736485491235822,13.281564712524414
x-ai/grok-4.1-fast,dictator,58,13578,3,I share 500 dollars,500.0,0.0368242745617911,14.406490087509155
x-ai/grok-4.1-fast,dictator,58,5938,1,I share 1000 dollars,1000.0,0.1684068710003368,19.230397939682007
x-ai/grok-4.1-fast,dictator,58,5938,2,I share 200 dollars,200.0,0.0336813742000673,19.98804926872253
x-ai/grok-4.1-fast,dictator,58,5938,3,I share 1000 dollars,1000.0,0.1684068710003368,25.548831462860107
x-ai/grok-4.1-fast,dictator,58,46962,1,I share 0 dollars,0.0,0.0,7.043810129165649
x-ai/grok-4.1-fast,dictator,58,46962,2,I share 500 dollars,500.0,0.0106469060091137,13.54784107208252
x-ai/grok-4.1-fast,dictator,58,46962,3,I share 5000 dollars,5000.0,0.1064690600911375,19.77845335006714
x-ai/grok-4.1-fast,dictator,58,20531,1,I share 0 dollars,0.0,0.0,19.63623833656311
x-ai/grok-4.1-fast,dictator,58,20531,2,I share 100 dollars,100.0,0.0048706833568749,11.575629472732544
x-ai/grok-4.1-fast,dictator,58,20531,3,I share 1000 dollars,1000.0,0.0487068335687497,16.99666714668274
x-ai/grok-4.1-fast,dictator,58,31054,1,I share 1000 dollars,1000.0,0.0322019707606105,14.896241903305054
x-ai/grok-4.1-fast,dictator,58,31054,2,I share 5000 dollars,5000.0,0.1610098538030527,31.488889455795288
x-ai/grok-4.1-fast,dictator,58,31054,3,I share 500 dollars,500.0,0.0161009853803052,16.27678656578064
x-ai/grok-4.1-fast,dictator,58,71000,1,I share 10000 dollars,10000.0,0.1408450704225352,12.929348707199097
x-ai/grok-4.1-fast,dictator,58,71000,2,I share 5000 dollars,5000.0,0.0704225352112676,14.748541355133057
x-ai/grok-4.1-fast,dictator,58,71000,3,I share 2000 dollars,2000.0,0.028169014084507,26.727333068847656
x-ai/grok-4.1-fast,dictator,60,1,1,I share 0 dollars,0.0,0.0,15.579186916351318
x-ai/grok-4.1-fast,dictator,60,1,2,I share 0 dollars,0.0,0.0,8.152167081832886
x-ai/grok-4.1-fast,dictator,60,1,3,I share 0.20 dollars,0.2,0.2,10.446074485778809
x-ai/grok-4.1-fast,dictator,58,107392,1,I share 5000 dollars,5000.0,0.0465584028605482,18.877955198287964
x-ai/grok-4.1-fast,dictator,58,107392,2,I share 0 dollars,0.0,0.0,19.746611833572388
x-ai/grok-4.1-fast,dictator,58,107392,3,I share 0 dollars,0.0,0.0,21.428037643432617
x-ai/grok-4.1-fast,dictator,58,250000,1,I share 25000 dollars,25000.0,0.1,21.966057062149048
x-ai/grok-4.1-fast,dictator,58,250000,2,I share 2500 dollars,2500.0,0.01,14.51325273513794
x-ai/grok-4.1-fast,dictator,58,250000,3,I share 10000 dollars,10000.0,0.04,12.208291053771973
x-ai/grok-4.1-fast,dictator,60,2,1,I share 0 dollars,0.0,0.0,12.793776988983154
x-ai/grok-4.1-fast,dictator,60,2,2,I share 0 dollars,0.0,0.0,8.501074314117432
x-ai/grok-4.1-fast,dictator,60,2,3,I share 0 dollars,0.0,0.0,10.513062477111816
x-ai/grok-4.1-fast,dictator,58,162379,1,I share 10000 dollars,10000.0,0.0615843181692213,20.85928058624268
x-ai/grok-4.1-fast,dictator,58,162379,2,I share 34444 dollars,34444.0,0.2121210255020661,30.792346477508545
x-ai/grok-4.1-fast,dictator,58,162379,3,I share 500 dollars,500.0,0.003079215908461,8.676572799682617
x-ai/grok-4.1-fast,dictator,60,5,1,I share 1 dollars,1.0,0.2,5.776647329330444
x-ai/grok-4.1-fast,dictator,60,5,2,I share 1 dollars,1.0,0.2,5.718463659286499
x-ai/grok-4.1-fast,dictator,60,5,3,I share 1 dollars,1.0,0.2,5.977964401245117
x-ai/grok-4.1-fast,dictator,60,3,1,I share 1 dollars,1.0,0.3333333333333333,7.779388666152954
x-ai/grok-4.1-fast,dictator,60,3,2,I share 1 dollars,1.0,0.3333333333333333,7.162983179092407
x-ai/grok-4.1-fast,dictator,60,3,3,I share 1 dollars,1.0,0.3333333333333333,7.933539390563965
x-ai/grok-4.1-fast,dictator,60,10,1,I share 2 dollars,2.0,0.2,3.9504668712615967
x-ai/grok-4.1-fast,dictator,60,10,2,I share 1 dollars,1.0,0.1,6.731863260269165
x-ai/grok-4.1-fast,dictator,60,10,3,I share 1 dollars,1.0,0.1,7.290548324584961
x-ai/grok-4.1-fast,dictator,60,8,1,I share 2 dollars,2.0,0.25,8.962798595428467
x-ai/grok-4.1-fast,dictator,60,8,2,I share 1 dollars,1.0,0.125,10.185621738433838
x-ai/grok-4.1-fast,dictator,60,8,3,I share 1 dollars,1.0,0.125,13.728371143341064
x-ai/grok-4.1-fast,dictator,60,12,1,I share 3 dollars,3.0,0.25,9.141236066818236
x-ai/grok-4.1-fast,dictator,60,12,2,I share 2 dollars,2.0,0.1666666666666666,15.814926624298096
x-ai/grok-4.1-fast,dictator,60,12,3,I share 1 dollars,1.0,0.0833333333333333,6.975247621536255
x-ai/grok-4.1-fast,dictator,60,41,1,I share 5 dollars,5.0,0.1219512195121951,7.630969524383545
x-ai/grok-4.1-fast,dictator,60,41,2,I share 10 dollars,10.0,0.2439024390243902,10.763012647628784
x-ai/grok-4.1-fast,dictator,60,41,3,I share 0 dollars,0.0,0.0,5.823100328445435
x-ai/grok-4.1-fast,dictator,60,18,1,I share 6 dollars,6.0,0.3333333333333333,8.32242465019226
x-ai/grok-4.1-fast,dictator,60,18,2,I share 2 dollars,2.0,0.1111111111111111,15.86608099937439
x-ai/grok-4.1-fast,dictator,60,18,3,I share 9 dollars,9.0,0.5,10.712344884872437
x-ai/grok-4.1-fast,dictator,60,27,1,I share 5 dollars,5.0,0.1851851851851851,9.624142169952393
x-ai/grok-4.1-fast,dictator,60,27,2,I share 5 dollars,5.0,0.1851851851851851,13.074260473251345
x-ai/grok-4.1-fast,dictator,60,27,3,I share 5 dollars,5.0,0.1851851851851851,11.497699499130247
x-ai/grok-4.1-fast,dictator,60,63,1,I share 20 dollars,20.0,0.3174603174603174,10.402530908584597
x-ai/grok-4.1-fast,dictator,60,63,2,I share 21 dollars,21.0,0.3333333333333333,7.949783086776733
x-ai/grok-4.1-fast,dictator,60,63,3,I share 10 dollars,10.0,0.1587301587301587,14.15004062652588
x-ai/grok-4.1-fast,dictator,60,95,1,I share 10 dollars,10.0,0.1052631578947368,5.602972984313965
x-ai/grok-4.1-fast,dictator,60,95,2,I share 20 dollars,20.0,0.2105263157894736,9.452310800552368
x-ai/grok-4.1-fast,dictator,60,95,3,I share 10 dollars,10.0,0.1052631578947368,10.512752056121826
x-ai/grok-4.1-fast,dictator,60,217,1,I share 20 dollars,20.0,0.0921658986175115,13.064332008361816
x-ai/grok-4.1-fast,dictator,60,217,2,I share 20 dollars,20.0,0.0921658986175115,5.445180416107178
x-ai/grok-4.1-fast,dictator,60,217,3,I share 20 dollars,20.0,0.0921658986175115,10.867170333862305
x-ai/grok-4.1-fast,dictator,60,144,1,I share 25 dollars,25.0,0.1736111111111111,16.715362310409546
x-ai/grok-4.1-fast,dictator,60,144,2,I share 15 dollars,15.0,0.1041666666666666,8.726391315460205
x-ai/grok-4.1-fast,dictator,60,144,3,I share 20 dollars,20.0,0.1388888888888889,11.035522937774658
x-ai/grok-4.1-fast,dictator,60,751,1,I share 10 dollars,10.0,0.0133155792276964,14.494084119796751
x-ai/grok-4.1-fast,dictator,60,751,2,I share 100 dollars,100.0,0.133155792276964,13.964857339859009
x-ai/grok-4.1-fast,dictator,60,751,3,I share 100 dollars,100.0,0.133155792276964,12.337204933166504
x-ai/grok-4.1-fast,dictator,60,1135,1,I share 100 dollars,100.0,0.0881057268722467,16.549314260482788
x-ai/grok-4.1-fast,dictator,60,1135,2,I share 200 dollars,200.0,0.1762114537444934,11.686639547348022
x-ai/grok-4.1-fast,dictator,60,1135,3,I share 100 dollars,100.0,0.0881057268722467,12.863543033599854
x-ai/grok-4.1-fast,dictator,60,328,1,I share 25 dollars,25.0,0.0762195121951219,22.10020852088928
x-ai/grok-4.1-fast,dictator,60,328,2,I share 20 dollars,20.0,0.0609756097560975,12.356144905090332
x-ai/grok-4.1-fast,dictator,60,328,3,I share 30 dollars,30.0,0.0914634146341463,8.391933917999268
x-ai/grok-4.1-fast,dictator,60,496,1,I share 50 dollars,50.0,0.1008064516129032,14.492347717285156
x-ai/grok-4.1-fast,dictator,60,496,2,I share 0 dollars,0.0,0.0,14.236739158630373
x-ai/grok-4.1-fast,dictator,60,496,3,I share 0 dollars,0.0,0.0,15.757632970809937
x-ai/grok-4.1-fast,dictator,60,1717,1,I share 100 dollars,100.0,0.05824111822947,10.492074966430664
x-ai/grok-4.1-fast,dictator,60,1717,2,I share $250 dollars,250.0,0.145602795573675,14.272706508636476
x-ai/grok-4.1-fast,dictator,60,1717,3,I share 0 dollars,0.0,0.0,14.286168098449709
x-ai/grok-4.1-fast,dictator,60,8979,1,I share 500 dollars,500.0,0.0556854883617329,9.188877582550049
x-ai/grok-4.1-fast,dictator,60,8979,2,I share 0 dollars,0.0,0.0,9.241020917892456
x-ai/grok-4.1-fast,dictator,60,8979,3,I share 1000 dollars,1000.0,0.1113709767234658,10.125390768051147
x-ai/grok-4.1-fast,dictator,60,2596,1,I share 100 dollars.,100.0,0.0385208012326656,14.533746480941772
x-ai/grok-4.1-fast,dictator,60,2596,2,I share 0 dollars,0.0,0.0,9.947862386703491
x-ai/grok-4.1-fast,dictator,60,2596,3,I share 500 dollars,500.0,0.1926040061633282,14.237262964248655
x-ai/grok-4.1-fast,dictator,60,3926,1,I share 100 dollars,100.0,0.0254712175241976,9.6463360786438
x-ai/grok-4.1-fast,dictator,60,3926,2,I share 100 dollars,100.0,0.0254712175241976,15.25841498374939
x-ai/grok-4.1-fast,dictator,60,3926,3,I share 0 dollars,0.0,0.0,10.492876052856444
x-ai/grok-4.1-fast,dictator,60,13578,1,I share 1000 dollars,1000.0,0.0736485491235822,11.498802423477173
x-ai/grok-4.1-fast,dictator,60,13578,2,I share 1000 dollars,1000.0,0.0736485491235822,8.708739042282104
x-ai/grok-4.1-fast,dictator,60,13578,3,I share 1000 dollars,1000.0,0.0736485491235822,13.156701803207396
x-ai/grok-4.1-fast,dictator,60,5938,1,I share 50 dollars,50.0,0.0084203435500168,15.451934814453123
x-ai/grok-4.1-fast,dictator,60,5938,2,I share 500 dollars,500.0,0.0842034355001684,12.737066507339478
x-ai/grok-4.1-fast,dictator,60,5938,3,I share 0 dollars,0.0,0.0,18.26123809814453
x-ai/grok-4.1-fast,dictator,60,107392,1,I share 1000 dollars,1000.0,0.0093116805721096,8.391397953033447
x-ai/grok-4.1-fast,dictator,60,107392,2,I share 0 dollars,0.0,0.0,9.660788536071776
x-ai/grok-4.1-fast,dictator,60,107392,3,I share 0 dollars,0.0,0.0,9.884674549102783
x-ai/grok-4.1-fast,dictator,60,20531,1,I share 0 dollars,0.0,0.0,9.576202869415283
x-ai/grok-4.1-fast,dictator,60,20531,2,I share 1000 dollars,1000.0,0.0487068335687497,11.671310901641846
x-ai/grok-4.1-fast,dictator,60,20531,3,I share 0 dollars,0.0,0.0,17.76204514503479
x-ai/grok-4.1-fast,dictator,60,71000,1,I share 1000 dollars,1000.0,0.0140845070422535,17.317173957824707
x-ai/grok-4.1-fast,dictator,60,71000,2,I share 1000 dollars,1000.0,0.0140845070422535,7.994253158569336
x-ai/grok-4.1-fast,dictator,60,71000,3,I share 1000 dollars,1000.0,0.0140845070422535,9.28227686882019
x-ai/grok-4.1-fast,dictator,60,46962,1,I share 10000 dollars,10000.0,0.212938120182275,21.393938064575195
x-ai/grok-4.1-fast,dictator,60,46962,2,I share $3000 dollars,3000.0,0.0638814360546825,13.8259117603302
x-ai/grok-4.1-fast,dictator,60,46962,3,I share 0 dollars,0.0,0.0,11.457290410995483
x-ai/grok-4.1-fast,dictator,60,31054,1,I share 5000 dollars,5000.0,0.1610098538030527,19.425626039505005
x-ai/grok-4.1-fast,dictator,60,31054,2,I share 0 dollars,0.0,0.0,15.122475147247314
x-ai/grok-4.1-fast,dictator,60,31054,3,I share 1000 dollars,1000.0,0.0322019707606105,20.65153884887696
x-ai/grok-4.1-fast,dictator,60,162379,1,I share 1000 dollars,1000.0,0.0061584318169221,12.86166787147522
x-ai/grok-4.1-fast,dictator,60,162379,2,I share 1000 dollars,1000.0,0.0061584318169221,14.796363115310667
x-ai/grok-4.1-fast,dictator,60,162379,3,I share 1000 dollars,1000.0,0.0061584318169221,18.12003469467163
x-ai/grok-4.1-fast,dictator,62,2,1,I share 0 dollars,0.0,0.0,7.649316072463989
x-ai/grok-4.1-fast,dictator,62,2,2,I share 1 dollars,1.0,0.5,10.9019935131073
x-ai/grok-4.1-fast,dictator,62,2,3,I share 1 dollars,1.0,0.5,9.16135311126709
x-ai/grok-4.1-fast,dictator,62,1,1,I share 0.25 dollars,0.25,0.25,22.51241087913513
x-ai/grok-4.1-fast,dictator,62,1,2,I share 0 dollars,0.0,0.0,9.912070035934448
x-ai/grok-4.1-fast,dictator,62,1,3,I share 0 dollars,0.0,0.0,7.031447649002075
x-ai/grok-4.1-fast,dictator,62,5,1,I share 1 dollars,1.0,0.2,11.645783185958862
x-ai/grok-4.1-fast,dictator,62,5,2,I share 1 dollars,1.0,0.2,5.591024398803711
x-ai/grok-4.1-fast,dictator,62,5,3,I share 1 dollars,1.0,0.2,8.268150806427002
x-ai/grok-4.1-fast,dictator,62,3,1,I share 1 dollars,1.0,0.3333333333333333,14.588189363479614
x-ai/grok-4.1-fast,dictator,62,3,2,I share 1 dollars,1.0,0.3333333333333333,6.9329447746276855
x-ai/grok-4.1-fast,dictator,62,3,3,I share 1 dollars,1.0,0.3333333333333333,8.83402395248413
x-ai/grok-4.1-fast,dictator,60,250000,1,I share 10000 dollars,10000.0,0.04,17.986419916152954
x-ai/grok-4.1-fast,dictator,60,250000,2,I share 0 dollars,0.0,0.0,19.94006419181824
x-ai/grok-4.1-fast,dictator,60,250000,3,I share 10000 dollars,10000.0,0.04,10.119536638259888
x-ai/grok-4.1-fast,dictator,62,10,1,I share 1 dollars,1.0,0.1,6.04344654083252
x-ai/grok-4.1-fast,dictator,62,10,2,I share 2 dollars,2.0,0.2,7.143635988235474
x-ai/grok-4.1-fast,dictator,62,10,3,I share 0 dollars,0.0,0.0,5.583030223846436
x-ai/grok-4.1-fast,dictator,62,8,1,I share 2 dollars,2.0,0.25,7.2354631423950195
x-ai/grok-4.1-fast,dictator,62,8,2,I share 1 dollars,1.0,0.125,9.844322204589844
x-ai/grok-4.1-fast,dictator,62,8,3,I share 2 dollars,2.0,0.25,8.227230072021484
x-ai/grok-4.1-fast,dictator,62,12,1,I share 2 dollars,2.0,0.1666666666666666,8.026488304138184
x-ai/grok-4.1-fast,dictator,62,12,2,I share 1 dollars,1.0,0.0833333333333333,5.94052791595459
x-ai/grok-4.1-fast,dictator,62,12,3,I share 0 dollars,0.0,0.0,7.019329071044922
x-ai/grok-4.1-fast,dictator,62,27,1,I share 1 dollars,1.0,0.037037037037037,7.445316553115845
x-ai/grok-4.1-fast,dictator,62,27,2,I share 1 dollars,1.0,0.037037037037037,6.248072624206543
x-ai/grok-4.1-fast,dictator,62,27,3,I share 3 dollars,3.0,0.1111111111111111,10.06531047821045
x-ai/grok-4.1-fast,dictator,62,95,1,I share 5 dollars,5.0,0.0526315789473684,7.19851279258728
x-ai/grok-4.1-fast,dictator,62,95,2,I share 20 dollars,20.0,0.2105263157894736,7.560030460357666
x-ai/grok-4.1-fast,dictator,62,95,3,I share 10 dollars,10.0,0.1052631578947368,6.061061143875122
x-ai/grok-4.1-fast,dictator,62,41,1,I share 10 dollars,10.0,0.2439024390243902,10.57324743270874
x-ai/grok-4.1-fast,dictator,62,41,2,I share 1 dollars,1.0,0.024390243902439,7.990734815597534
x-ai/grok-4.1-fast,dictator,62,41,3,I share 5 dollars,5.0,0.1219512195121951,7.089119911193848
x-ai/grok-4.1-fast,dictator,62,18,1,I share 2 dollars,2.0,0.1111111111111111,5.333652019500732
x-ai/grok-4.1-fast,dictator,62,18,2,I share 4 dollars,4.0,0.2222222222222222,9.253241062164308
x-ai/grok-4.1-fast,dictator,62,18,3,I share 1 dollars,1.0,0.0555555555555555,13.040220975875854
x-ai/grok-4.1-fast,dictator,62,63,1,I share 5 dollars,5.0,0.0793650793650793,9.27797269821167
x-ai/grok-4.1-fast,dictator,62,63,2,I share 6 dollars,6.0,0.0952380952380952,10.4291512966156
x-ai/grok-4.1-fast,dictator,62,63,3,I share 10 dollars,10.0,0.1587301587301587,10.466624975204468
x-ai/grok-4.1-fast,dictator,62,144,1,I share 28 dollars,28.0,0.1944444444444444,14.644662141799929
x-ai/grok-4.1-fast,dictator,62,144,2,I share 24 dollars,24.0,0.1666666666666666,9.562302589416504
x-ai/grok-4.1-fast,dictator,62,144,3,I share 5 dollars,5.0,0.0347222222222222,8.056078433990479
x-ai/grok-4.1-fast,dictator,62,217,1,I share 0 dollars,0.0,0.0,5.732566356658936
x-ai/grok-4.1-fast,dictator,62,217,2,I share 20 dollars,20.0,0.0921658986175115,19.80549645423889
x-ai/grok-4.1-fast,dictator,62,217,3,I share 25 dollars,25.0,0.1152073732718894,12.29565954208374
x-ai/grok-4.1-fast,dictator,62,751,1,I share 25 dollars,25.0,0.033288948069241,10.39594793319702
x-ai/grok-4.1-fast,dictator,62,751,2,I share 100 dollars,100.0,0.133155792276964,13.39914846420288
x-ai/grok-4.1-fast,dictator,62,751,3,I share 50 dollars,50.0,0.066577896138482,10.6499125957489
x-ai/grok-4.1-fast,dictator,62,328,1,I share 62 dollars,62.0,0.1890243902439024,16.210970401763916
x-ai/grok-4.1-fast,dictator,62,328,2,I share 30 dollars,30.0,0.0914634146341463,12.669564247131348
x-ai/grok-4.1-fast,dictator,62,328,3,I share 10 dollars,10.0,0.0304878048780487,14.70858645439148
x-ai/grok-4.1-fast,dictator,62,1135,1,I share 100 dollars,100.0,0.0881057268722467,17.714912176132202
x-ai/grok-4.1-fast,dictator,62,1135,2,I share 100 dollars,100.0,0.0881057268722467,11.033390998840332
x-ai/grok-4.1-fast,dictator,62,1135,3,I share 100 dollars,100.0,0.0881057268722467,8.110903024673462
x-ai/grok-4.1-fast,dictator,62,1717,1,I share 100 dollars,100.0,0.05824111822947,11.058769941329956
x-ai/grok-4.1-fast,dictator,62,1717,2,I share 200 dollars,200.0,0.11648223645894,11.575183391571043
x-ai/grok-4.1-fast,dictator,62,1717,3,I share 100 dollars,100.0,0.05824111822947,6.747154474258423
x-ai/grok-4.1-fast,dictator,62,496,1,I share 50 dollars,50.0,0.1008064516129032,12.628086566925049
x-ai/grok-4.1-fast,dictator,62,496,2,I share 50 dollars,50.0,0.1008064516129032,26.067885398864743
x-ai/grok-4.1-fast,dictator,62,496,3,I share 100 dollars,100.0,0.2016129032258064,13.046746015548706
x-ai/grok-4.1-fast,dictator,62,3926,1,I share 500 dollars,500.0,0.1273560876209883,10.475303649902344
x-ai/grok-4.1-fast,dictator,62,3926,2,I share 500 dollars,500.0,0.1273560876209883,14.133610963821411
x-ai/grok-4.1-fast,dictator,62,3926,3,I share 500 dollars,500.0,0.1273560876209883,20.953929901123047
x-ai/grok-4.1-fast,dictator,62,2596,1,I share 723 dollars,723.0,0.2785053929121726,24.7478449344635
x-ai/grok-4.1-fast,dictator,62,2596,2,I share 0 dollars,0.0,0.0,11.162466049194336
x-ai/grok-4.1-fast,dictator,62,2596,3,I share 0 dollars,0.0,0.0,11.134295225143433
x-ai/grok-4.1-fast,dictator,62,13578,1,I share 0 dollars,0.0,0.0,6.523091077804565
x-ai/grok-4.1-fast,dictator,62,13578,2,I share 500 dollars,500.0,0.0368242745617911,10.431920528411863
x-ai/grok-4.1-fast,dictator,62,13578,3,I share 1000 dollars,1000.0,0.0736485491235822,16.299343585968018
x-ai/grok-4.1-fast,dictator,62,5938,1,I share 100 dollars,100.0,0.0168406871000336,8.586493015289307
x-ai/grok-4.1-fast,dictator,62,5938,2,I share 100 dollars,100.0,0.0168406871000336,17.546584129333496
x-ai/grok-4.1-fast,dictator,62,5938,3,I share 1000 dollars.,1000.0,0.1684068710003368,20.90836429595948
x-ai/grok-4.1-fast,dictator,62,8979,1,I share 1000 dollars,1000.0,0.1113709767234658,23.15814566612244
x-ai/grok-4.1-fast,dictator,62,8979,2,I share 500 dollars,500.0,0.0556854883617329,19.057680130004883
x-ai/grok-4.1-fast,dictator,62,8979,3,I share 200 dollars,200.0,0.0222741953446931,10.87462568283081
x-ai/grok-4.1-fast,dictator,62,20531,1,I share 250 dollars,250.0,0.0121767083921874,13.890740156173706
x-ai/grok-4.1-fast,dictator,62,20531,2,I share 2000 dollars,2000.0,0.0974136671374994,23.45890784263611
x-ai/grok-4.1-fast,dictator,62,20531,3,I share 500 dollars,500.0,0.0243534167843748,14.339339017868042
x-ai/grok-4.1-fast,dictator,62,31054,1,I share 5000 dollars,5000.0,0.1610098538030527,20.794010877609253
x-ai/grok-4.1-fast,dictator,62,31054,2,I share 0 dollars,0.0,0.0,10.346003770828249
x-ai/grok-4.1-fast,dictator,62,31054,3,I share 1000 dollars,1000.0,0.0322019707606105,12.099619150161743
x-ai/grok-4.1-fast,dictator,62,71000,1,I share 1000 dollars,1000.0,0.0140845070422535,15.200048208236694
x-ai/grok-4.1-fast,dictator,62,71000,2,I share 1000 dollars.,1000.0,0.0140845070422535,17.12178945541382
x-ai/grok-4.1-fast,dictator,62,71000,3,I share 0 dollars.,0.0,0.0,21.240991353988647
x-ai/grok-4.1-fast,dictator,62,107392,1,I share 0 dollars,0.0,0.0,8.981205463409424
x-ai/grok-4.1-fast,dictator,62,107392,2,I share 5000 dollars,5000.0,0.0465584028605482,13.793002128601074
x-ai/grok-4.1-fast,dictator,62,107392,3,I share 2000 dollars,2000.0,0.0186233611442193,28.842394590377808
x-ai/grok-4.1-fast,dictator,62,46962,1,I share 1000 dollars,1000.0,0.0212938120182275,12.159457206726074
x-ai/grok-4.1-fast,dictator,62,46962,2,I share 5000 dollars,5000.0,0.1064690600911375,19.78724265098572
x-ai/grok-4.1-fast,dictator,62,46962,3,I share 18315 dollars,18315.0,0.3899961671138367,31.90213418006897
x-ai/grok-4.1-fast,dictator,62,250000,1,I share 20000 dollars,20000.0,0.08,10.127807140350342
x-ai/grok-4.1-fast,dictator,62,250000,2,I share 10000 dollars,10000.0,0.04,25.5241174697876
x-ai/grok-4.1-fast,dictator,62,250000,3,I share 25000 dollars,25000.0,0.1,9.168593645095823
x-ai/grok-4.1-fast,dictator,62,162379,1,I share 5000 dollars,5000.0,0.0307921590846106,19.644444227218628
x-ai/grok-4.1-fast,dictator,62,162379,2,I share 1000 dollars,1000.0,0.0061584318169221,20.542855739593502
x-ai/grok-4.1-fast,dictator,62,162379,3,I share 1000 dollars,1000.0,0.0061584318169221,11.10848355293274
x-ai/grok-4.1-fast,dictator,64,1,1,I share 0 dollars,0.0,0.0,13.312382459640505
x-ai/grok-4.1-fast,dictator,64,1,2,I share 0.10 dollars,0.1,0.1,9.671249628067017
x-ai/grok-4.1-fast,dictator,64,1,3,I share 0 dollars,0.0,0.0,12.231147050857544
x-ai/grok-4.1-fast,dictator,64,2,1,I share 0 dollars,0.0,0.0,8.565047979354858
x-ai/grok-4.1-fast,dictator,64,2,2,I share 0 dollars,0.0,0.0,7.774546384811401
x-ai/grok-4.1-fast,dictator,64,2,3,I share 1 dollars,1.0,0.5,6.942033529281616
x-ai/grok-4.1-fast,dictator,64,5,1,I share 1 dollars,1.0,0.2,7.991086006164551
x-ai/grok-4.1-fast,dictator,64,5,2,I share 1 dollars,1.0,0.2,6.039915323257446
x-ai/grok-4.1-fast,dictator,64,5,3,I share 1 dollars,1.0,0.2,7.603646755218506
x-ai/grok-4.1-fast,dictator,64,3,1,I share 1 dollars,1.0,0.3333333333333333,10.206459283828735
x-ai/grok-4.1-fast,dictator,64,3,2,I share 1 dollars,1.0,0.3333333333333333,5.896794080734253
x-ai/grok-4.1-fast,dictator,64,3,3,I share 1 dollars,1.0,0.3333333333333333,9.869749069213867
x-ai/grok-4.1-fast,dictator,64,10,1,I share 2 dollars,2.0,0.2,8.584253787994385
x-ai/grok-4.1-fast,dictator,64,10,2,I share 2 dollars,2.0,0.2,6.279765605926514
x-ai/grok-4.1-fast,dictator,64,10,3,I share 2 dollars,2.0,0.2,10.054785251617432
x-ai/grok-4.1-fast,dictator,64,12,1,I share 2 dollars,2.0,0.1666666666666666,6.262344121932983
x-ai/grok-4.1-fast,dictator,64,12,2,I share 2 dollars,2.0,0.1666666666666666,7.214917421340942
x-ai/grok-4.1-fast,dictator,64,12,3,I share 1 dollars,1.0,0.0833333333333333,7.375112056732178
x-ai/grok-4.1-fast,dictator,64,18,1,I share 2 dollars,2.0,0.1111111111111111,5.9388816356658936
x-ai/grok-4.1-fast,dictator,64,18,2,I share 1 dollars,1.0,0.0555555555555555,5.399052381515503
x-ai/grok-4.1-fast,dictator,64,18,3,I share 1 dollars,1.0,0.0555555555555555,9.41916012763977
x-ai/grok-4.1-fast,dictator,64,8,1,I share 1 dollars,1.0,0.125,14.791757106781006
x-ai/grok-4.1-fast,dictator,64,8,2,I share 1 dollars,1.0,0.125,9.312813758850098
x-ai/grok-4.1-fast,dictator,64,8,3,I share 3 dollars,3.0,0.375,8.988920450210571
x-ai/grok-4.1-fast,dictator,64,27,1,I share 5 dollars,5.0,0.1851851851851851,5.522289752960205
x-ai/grok-4.1-fast,dictator,64,27,2,I share 2 dollars,2.0,0.074074074074074,6.564097166061401
x-ai/grok-4.1-fast,dictator,64,27,3,I share 3 dollars,3.0,0.1111111111111111,5.173941850662232
x-ai/grok-4.1-fast,dictator,64,41,1,I share 0 dollars,0.0,0.0,10.984674215316772
x-ai/grok-4.1-fast,dictator,64,41,2,I share 2 dollars,2.0,0.048780487804878,11.25918960571289
x-ai/grok-4.1-fast,dictator,64,41,3,I share 2 dollars,2.0,0.048780487804878,7.682689905166626
x-ai/grok-4.1-fast,dictator,64,217,1,I share 15 dollars,15.0,0.0691244239631336,10.563866138458252
x-ai/grok-4.1-fast,dictator,64,217,2,I share 20 dollars,20.0,0.0921658986175115,10.72748875617981
x-ai/grok-4.1-fast,dictator,64,217,3,I share 10 dollars,10.0,0.0460829493087557,11.150399446487429
x-ai/grok-4.1-fast,dictator,64,63,1,I share 10 dollars,10.0,0.1587301587301587,13.130860328674316
x-ai/grok-4.1-fast,dictator,64,63,2,I share 15 dollars,15.0,0.238095238095238,11.682406663894652
x-ai/grok-4.1-fast,dictator,64,63,3,I share 15 dollars,15.0,0.238095238095238,16.191535472869873
x-ai/grok-4.1-fast,dictator,64,95,1,I share 10 dollars,10.0,0.1052631578947368,12.238205432891846
x-ai/grok-4.1-fast,dictator,64,95,2,I share 15 dollars,15.0,0.1578947368421052,8.050028324127197
x-ai/grok-4.1-fast,dictator,64,95,3,I share 20 dollars,20.0,0.2105263157894736,15.672475576400757
x-ai/grok-4.1-fast,dictator,64,328,1,I share 82 dollars,82.0,0.25,7.442965030670166
x-ai/grok-4.1-fast,dictator,64,328,2,I share 64 dollars,64.0,0.1951219512195122,11.884906768798828
x-ai/grok-4.1-fast,dictator,64,328,3,I share 64 dollars,64.0,0.1951219512195122,12.940415620803831
x-ai/grok-4.1-fast,dictator,64,144,1,I share 20 dollars,20.0,0.1388888888888889,13.108380317687988
x-ai/grok-4.1-fast,dictator,64,144,2,I share 20 dollars,20.0,0.1388888888888889,11.275420427322388
x-ai/grok-4.1-fast,dictator,64,144,3,I share 26 dollars,26.0,0.1805555555555555,17.34162974357605
x-ai/grok-4.1-fast,dictator,64,751,1,I share 50 dollars,50.0,0.066577896138482,10.245414972305298
x-ai/grok-4.1-fast,dictator,64,751,2,I share 100 dollars,100.0,0.133155792276964,9.824845552444458
x-ai/grok-4.1-fast,dictator,64,751,3,I share 75 dollars,75.0,0.099866844207723,14.539315462112429
x-ai/grok-4.1-fast,dictator,64,1135,1,I share 100 dollars,100.0,0.0881057268722467,8.83712124824524
x-ai/grok-4.1-fast,dictator,64,1135,2,I share 100 dollars,100.0,0.0881057268722467,13.672360897064207
x-ai/grok-4.1-fast,dictator,64,1135,3,I share 100 dollars,100.0,0.0881057268722467,12.68720030784607
x-ai/grok-4.1-fast,dictator,64,1717,1,I share 200 dollars,200.0,0.11648223645894,9.528561353683472
x-ai/grok-4.1-fast,dictator,64,1717,2,I share 629 dollars,629.0,0.3663366336633663,15.993096351623535
x-ai/grok-4.1-fast,dictator,64,1717,3,I share 100 dollars,100.0,0.05824111822947,11.286283254623411
x-ai/grok-4.1-fast,dictator,64,496,1,I share 100 dollars,100.0,0.2016129032258064,21.630130529403687
x-ai/grok-4.1-fast,dictator,64,496,2,I share 100 dollars,100.0,0.2016129032258064,22.07019209861756
x-ai/grok-4.1-fast,dictator,64,496,3,I share 50 dollars,50.0,0.1008064516129032,15.888813734054564
x-ai/grok-4.1-fast,dictator,64,3926,1,I share 100 dollars,100.0,0.0254712175241976,12.198386669158936
x-ai/grok-4.1-fast,dictator,64,3926,2,I share 1000 dollars,1000.0,0.2547121752419766,12.76397466659546
x-ai/grok-4.1-fast,dictator,64,3926,3,I share 500 dollars,500.0,0.1273560876209883,15.260448455810549
x-ai/grok-4.1-fast,dictator,64,2596,1,I share 500 dollars,500.0,0.1926040061633282,18.19600510597229
x-ai/grok-4.1-fast,dictator,64,2596,2,I share 0 dollars,0.0,0.0,16.753732204437256
x-ai/grok-4.1-fast,dictator,64,2596,3,I share 0 dollars,0.0,0.0,18.926697254180908
x-ai/grok-4.1-fast,dictator,64,13578,1,I share 0 dollars,0.0,0.0,15.21929931640625
x-ai/grok-4.1-fast,dictator,64,13578,2,I share 100 dollars,100.0,0.0073648549123582,13.252941608428957
x-ai/grok-4.1-fast,dictator,64,13578,3,I share 100 dollars,100.0,0.0073648549123582,8.358189821243286
x-ai/grok-4.1-fast,dictator,64,8979,1,I share 100 dollars,100.0,0.0111370976723465,8.728807926177979
x-ai/grok-4.1-fast,dictator,64,8979,2,I share 500 dollars,500.0,0.0556854883617329,12.803102970123293
x-ai/grok-4.1-fast,dictator,64,8979,3,I share 100 dollars,100.0,0.0111370976723465,18.108514547348022
x-ai/grok-4.1-fast,dictator,64,5938,1,I share 0 dollars,0.0,0.0,14.489591598510742
x-ai/grok-4.1-fast,dictator,64,5938,2,I share 0 dollars,0.0,0.0,6.349098443984985
x-ai/grok-4.1-fast,dictator,64,5938,3,I share 0 dollars,0.0,0.0,25.174904584884644
x-ai/grok-4.1-fast,dictator,64,31054,1,I share 1000 dollars,1000.0,0.0322019707606105,16.180201768875122
x-ai/grok-4.1-fast,dictator,64,31054,2,I share 1000 dollars,1000.0,0.0322019707606105,9.666210889816284
x-ai/grok-4.1-fast,dictator,64,31054,3,I share 1000 dollars,1000.0,0.0322019707606105,19.81420135498047
x-ai/grok-4.1-fast,dictator,64,20531,1,I share 0 dollars,0.0,0.0,14.20577883720398
x-ai/grok-4.1-fast,dictator,64,20531,2,I share 1000 dollars,1000.0,0.0487068335687497,29.766642093658447
x-ai/grok-4.1-fast,dictator,64,20531,3,I share 500 dollars,500.0,0.0243534167843748,9.1156165599823
x-ai/grok-4.1-fast,dictator,64,46962,1,I share 2000 dollars,2000.0,0.042587624036455,18.200833082199097
x-ai/grok-4.1-fast,dictator,64,46962,2,I share $1000 dollars.,1000.0,0.0212938120182275,10.342670679092407
x-ai/grok-4.1-fast,dictator,64,46962,3,I share 1000 dollars,1000.0,0.0212938120182275,21.204243898391724
x-ai/grok-4.1-fast,dictator,64,107392,1,I share 0 dollars,0.0,0.0,15.228594779968262
x-ai/grok-4.1-fast,dictator,64,107392,2,I share 1000 dollars,1000.0,0.0093116805721096,12.492050409317017
x-ai/grok-4.1-fast,dictator,64,107392,3,I share 2000 dollars,2000.0,0.0186233611442193,10.117398738861084
x-ai/grok-4.1-fast,dictator,64,71000,1,I share 1000 dollars,1000.0,0.0140845070422535,10.13542103767395
x-ai/grok-4.1-fast,dictator,64,71000,2,I share 0 dollars.,0.0,0.0,27.59415888786316
x-ai/grok-4.1-fast,dictator,64,71000,3,I share 1000 dollars,1000.0,0.0140845070422535,8.058595180511475
x-ai/grok-4.1-fast,dictator,64,162379,1,I share 0 dollars,0.0,0.0,14.473259210586548
x-ai/grok-4.1-fast,dictator,64,162379,2,I share 0 dollars.,0.0,0.0,16.187140703201294
x-ai/grok-4.1-fast,dictator,64,162379,3,I share 5000 dollars,5000.0,0.0307921590846106,15.776988744735718
x-ai/grok-4.1-fast,dictator,66,2,1,I share 0 dollars,0.0,0.0,10.336841583251951
x-ai/grok-4.1-fast,dictator,66,2,2,I share 1 dollars,1.0,0.5,11.061391592025757
x-ai/grok-4.1-fast,dictator,66,2,3,I share 0 dollars,0.0,0.0,6.400578498840332
x-ai/grok-4.1-fast,dictator,64,250000,1,I share 5000 dollars,5000.0,0.02,18.250880002975464
x-ai/grok-4.1-fast,dictator,64,250000,2,I share 25000 dollars.,25000.0,0.1,15.025367259979248
x-ai/grok-4.1-fast,dictator,64,250000,3,I share 5000 dollars,5000.0,0.02,6.393622159957886
x-ai/grok-4.1-fast,dictator,66,3,1,I share 0 dollars,0.0,0.0,5.680495738983154
x-ai/grok-4.1-fast,dictator,66,3,2,I share 1 dollars,1.0,0.3333333333333333,5.2096123695373535
x-ai/grok-4.1-fast,dictator,66,3,3,I share 0 dollars,0.0,0.0,10.49891471862793
x-ai/grok-4.1-fast,dictator,66,5,1,I share 1 dollars,1.0,0.2,4.8366615772247314
x-ai/grok-4.1-fast,dictator,66,5,2,I share 1 dollars,1.0,0.2,9.501548767089844
x-ai/grok-4.1-fast,dictator,66,5,3,I share 1 dollars,1.0,0.2,4.798896312713623
x-ai/grok-4.1-fast,dictator,66,1,1,I share 0.26 dollars,0.26,0.26,29.001370191574097
x-ai/grok-4.1-fast,dictator,66,1,2,I share 0 dollars,0.0,0.0,10.022588729858398
x-ai/grok-4.1-fast,dictator,66,1,3,I share 0.10 dollars,0.1,0.1,5.860864877700806
x-ai/grok-4.1-fast,dictator,66,8,1,I share 1 dollars,1.0,0.125,7.200239181518555
x-ai/grok-4.1-fast,dictator,66,8,2,I share 1 dollars,1.0,0.125,5.68523383140564
x-ai/grok-4.1-fast,dictator,66,8,3,I share 1 dollars,1.0,0.125,13.449256420135498
x-ai/grok-4.1-fast,dictator,66,10,1,I share 2 dollars,2.0,0.2,7.714517831802368
x-ai/grok-4.1-fast,dictator,66,10,2,I share 1 dollars,1.0,0.1,11.699656963348389
x-ai/grok-4.1-fast,dictator,66,10,3,I share 1 dollars,1.0,0.1,5.962442636489868
x-ai/grok-4.1-fast,dictator,66,12,1,I share 1 dollars,1.0,0.0833333333333333,5.551883220672607
x-ai/grok-4.1-fast,dictator,66,12,2,I share 3 dollars,3.0,0.25,13.261291265487673
x-ai/grok-4.1-fast,dictator,66,12,3,I share 1 dollars,1.0,0.0833333333333333,6.745328903198242
x-ai/grok-4.1-fast,dictator,66,18,1,I share 2 dollars,2.0,0.1111111111111111,7.6843180656433105
x-ai/grok-4.1-fast,dictator,66,18,2,I share 3 dollars,3.0,0.1666666666666666,11.560123205184937
x-ai/grok-4.1-fast,dictator,66,18,3,I share 2 dollars,2.0,0.1111111111111111,5.827509641647339
x-ai/grok-4.1-fast,dictator,66,41,1,I share 5 dollars,5.0,0.1219512195121951,11.12495732307434
x-ai/grok-4.1-fast,dictator,66,41,2,I share 5 dollars,5.0,0.1219512195121951,9.42227292060852
x-ai/grok-4.1-fast,dictator,66,41,3,I share 1 dollars,1.0,0.024390243902439,10.20488691329956
x-ai/grok-4.1-fast,dictator,66,27,1,I share 5 dollars,5.0,0.1851851851851851,17.17437505722046
x-ai/grok-4.1-fast,dictator,66,27,2,I share 2 dollars,2.0,0.074074074074074,10.542037725448608
x-ai/grok-4.1-fast,dictator,66,27,3,I share 2 dollars,2.0,0.074074074074074,17.225524425506592
x-ai/grok-4.1-fast,dictator,66,63,1,I share 5 dollars,5.0,0.0793650793650793,8.186601161956787
x-ai/grok-4.1-fast,dictator,66,63,2,I share 10 dollars,10.0,0.1587301587301587,11.987873792648315
x-ai/grok-4.1-fast,dictator,66,63,3,I share 10 dollars,10.0,0.1587301587301587,14.309261322021484
x-ai/grok-4.1-fast,dictator,66,217,1,I share 25 dollars,25.0,0.1152073732718894,10.731509447097778
x-ai/grok-4.1-fast,dictator,66,217,2,I share 10 dollars,10.0,0.0460829493087557,11.929258823394775
x-ai/grok-4.1-fast,dictator,66,217,3,I share 10 dollars,10.0,0.0460829493087557,11.547508001327516
x-ai/grok-4.1-fast,dictator,66,95,1,I share 0 dollars,0.0,0.0,10.011682748794556
x-ai/grok-4.1-fast,dictator,66,95,2,I share 10 dollars,10.0,0.1052631578947368,18.5971941947937
x-ai/grok-4.1-fast,dictator,66,95,3,I share 0 dollars,0.0,0.0,10.261450052261353
x-ai/grok-4.1-fast,dictator,66,328,1,I share 66 dollars,66.0,0.2012195121951219,13.187459945678713
x-ai/grok-4.1-fast,dictator,66,328,2,I share 0 dollars,0.0,0.0,10.116576433181764
x-ai/grok-4.1-fast,dictator,66,328,3,I share 25 dollars,25.0,0.0762195121951219,8.372746229171753
x-ai/grok-4.1-fast,dictator,66,144,1,I share 30 dollars,30.0,0.2083333333333333,12.665528535842896
x-ai/grok-4.1-fast,dictator,66,144,2,I share 20 dollars,20.0,0.1388888888888889,18.560768604278564
x-ai/grok-4.1-fast,dictator,66,144,3,I share 20 dollars,20.0,0.1388888888888889,16.63446044921875
x-ai/grok-4.1-fast,dictator,66,496,1,I share 100 dollars,100.0,0.2016129032258064,9.81120753288269
x-ai/grok-4.1-fast,dictator,66,496,2,I share 50 dollars,50.0,0.1008064516129032,9.940668106079102
x-ai/grok-4.1-fast,dictator,66,496,3,I share 0 dollars,0.0,0.0,13.093275785446169
x-ai/grok-4.1-fast,dictator,66,1135,1,I share 50 dollars,50.0,0.0440528634361233,9.881619453430176
x-ai/grok-4.1-fast,dictator,66,1135,2,I share 100 dollars,100.0,0.0881057268722467,13.429941177368164
x-ai/grok-4.1-fast,dictator,66,1135,3,I share 100 dollars,100.0,0.0881057268722467,9.439656972885132
x-ai/grok-4.1-fast,dictator,66,1717,1,I share 100 dollars,100.0,0.05824111822947,9.78066110610962
x-ai/grok-4.1-fast,dictator,66,1717,2,I share 200 dollars,200.0,0.11648223645894,8.768312692642212
x-ai/grok-4.1-fast,dictator,66,1717,3,I share 300 dollars,300.0,0.17472335468841,15.879057884216309
x-ai/grok-4.1-fast,dictator,66,751,1,I share 75 dollars,75.0,0.099866844207723,18.07894825935364
x-ai/grok-4.1-fast,dictator,66,751,2,I share 50 dollars,50.0,0.066577896138482,11.669428825378418
x-ai/grok-4.1-fast,dictator,66,751,3,I share 66 dollars,66.0,0.0878828229027962,16.81206440925598
x-ai/grok-4.1-fast,dictator,66,2596,1,I share 100 dollars.,100.0,0.0385208012326656,16.032222032546997
x-ai/grok-4.1-fast,dictator,66,2596,2,I share 50 dollars,50.0,0.0192604006163328,7.167137384414673
x-ai/grok-4.1-fast,dictator,66,2596,3,I share 50 dollars,50.0,0.0192604006163328,21.08524060249329
x-ai/grok-4.1-fast,dictator,66,3926,1,I share 500 dollars,500.0,0.1273560876209883,11.157739639282228
x-ai/grok-4.1-fast,dictator,66,3926,2,I share 100 dollars,100.0,0.0254712175241976,11.44700813293457
x-ai/grok-4.1-fast,dictator,66,3926,3,I share 200 dollars,200.0,0.0509424350483953,20.91040563583374
x-ai/grok-4.1-fast,dictator,66,5938,1,I share 0 dollars,0.0,0.0,12.63868260383606
x-ai/grok-4.1-fast,dictator,66,5938,2,I share 0 dollars,0.0,0.0,15.230847597122192
x-ai/grok-4.1-fast,dictator,66,5938,3,I share $0 dollars,0.0,0.0,13.216575622558594
x-ai/grok-4.1-fast,dictator,66,8979,1,I share 100 dollars,100.0,0.0111370976723465,19.606003522872925
x-ai/grok-4.1-fast,dictator,66,8979,2,I share 200 dollars,200.0,0.0222741953446931,10.943426370620728
x-ai/grok-4.1-fast,dictator,66,8979,3,I share 0 dollars,0.0,0.0,9.080482244491575
x-ai/grok-4.1-fast,dictator,66,20531,1,I share 100 dollars,100.0,0.0048706833568749,16.835020065307617
x-ai/grok-4.1-fast,dictator,66,20531,2,I share 100 dollars,100.0,0.0048706833568749,8.636775016784668
x-ai/grok-4.1-fast,dictator,66,20531,3,I share 500 dollars,500.0,0.0243534167843748,16.888139247894287
x-ai/grok-4.1-fast,dictator,66,13578,1,I share 0 dollars,0.0,0.0,16.529754161834717
x-ai/grok-4.1-fast,dictator,66,13578,2,I share 500 dollars,500.0,0.0368242745617911,17.618274450302124
x-ai/grok-4.1-fast,dictator,66,13578,3,I share 1000 dollars,1000.0,0.0736485491235822,16.867665767669678
x-ai/grok-4.1-fast,dictator,66,71000,1,I share 1000 dollars,1000.0,0.0140845070422535,7.65984845161438
x-ai/grok-4.1-fast,dictator,66,71000,2,I share 5000 dollars,5000.0,0.0704225352112676,12.410005331039429
x-ai/grok-4.1-fast,dictator,66,71000,3,I share 0 dollars,0.0,0.0,8.912829399108887
x-ai/grok-4.1-fast,dictator,66,31054,1,I share 500 dollars,500.0,0.0161009853803052,13.148977994918823
x-ai/grok-4.1-fast,dictator,66,31054,2,I share 1000 dollars,1000.0,0.0322019707606105,16.308764934539795
x-ai/grok-4.1-fast,dictator,66,31054,3,I share 1000 dollars,1000.0,0.0322019707606105,22.545294523239136
x-ai/grok-4.1-fast,dictator,66,46962,1,I share 5000 dollars,5000.0,0.1064690600911375,13.190758228302002
x-ai/grok-4.1-fast,dictator,66,46962,2,I share 0 dollars.,0.0,0.0,16.504159688949585
x-ai/grok-4.1-fast,dictator,66,46962,3,I share 0 dollars,0.0,0.0,23.32964301109314
x-ai/grok-4.1-fast,dictator,66,250000,1,I share 0 dollars,0.0,0.0,8.992870092391968
x-ai/grok-4.1-fast,dictator,66,250000,2,I share 10000 dollars,10000.0,0.04,6.823037147521973
x-ai/grok-4.1-fast,dictator,66,250000,3,I share 0 dollars,0.0,0.0,10.54700756072998
x-ai/grok-4.1-fast,dictator,66,162379,1,I share 1000 dollars,1000.0,0.0061584318169221,13.83733868598938
x-ai/grok-4.1-fast,dictator,66,162379,2,I share 0 dollars,0.0,0.0,6.538594484329224
x-ai/grok-4.1-fast,dictator,66,162379,3,I share 1000 dollars.,1000.0,0.0061584318169221,14.167229175567629
x-ai/grok-4.1-fast,dictator,66,107392,1,I share 0 dollars,0.0,0.0,11.643090724945068
x-ai/grok-4.1-fast,dictator,66,107392,2,I share 1000 dollars,1000.0,0.0093116805721096,21.06717610359192
x-ai/grok-4.1-fast,dictator,66,107392,3,I share 0 dollars.,0.0,0.0,23.018855094909668
x-ai/grok-4.1-fast,dictator,68,1,1,I share 0 dollars,0.0,0.0,8.192667007446289
x-ai/grok-4.1-fast,dictator,68,1,2,I share 0 dollars,0.0,0.0,14.30099105834961
x-ai/grok-4.1-fast,dictator,68,1,3,I share 0.32 dollars,0.32,0.32,12.449620723724363
x-ai/grok-4.1-fast,dictator,68,2,1,I share 0 dollars,0.0,0.0,9.26840853691101
x-ai/grok-4.1-fast,dictator,68,2,2,I share 0 dollars,0.0,0.0,7.0352783203125
x-ai/grok-4.1-fast,dictator,68,2,3,I share 0 dollars,0.0,0.0,10.024054288864136
x-ai/grok-4.1-fast,dictator,68,3,1,I share 0 dollars,0.0,0.0,6.472506999969482
x-ai/grok-4.1-fast,dictator,68,3,2,I share 0 dollars,0.0,0.0,7.10050630569458
x-ai/grok-4.1-fast,dictator,68,3,3,I share 0 dollars,0.0,0.0,10.35228967666626
x-ai/grok-4.1-fast,dictator,68,8,1,I share 1 dollars,1.0,0.125,6.654282093048096
x-ai/grok-4.1-fast,dictator,68,8,2,I share 1 dollars,1.0,0.125,12.22671103477478
x-ai/grok-4.1-fast,dictator,68,8,3,I share 1 dollars,1.0,0.125,6.441560506820679
x-ai/grok-4.1-fast,dictator,68,5,1,I share 1 dollars,1.0,0.2,10.588862419128418
x-ai/grok-4.1-fast,dictator,68,5,2,I share 0 dollars,0.0,0.0,12.3614661693573
x-ai/grok-4.1-fast,dictator,68,5,3,I share 0 dollars,0.0,0.0,9.366236686706545
x-ai/grok-4.1-fast,dictator,68,12,1,I share 2 dollars,2.0,0.1666666666666666,5.916126728057861
x-ai/grok-4.1-fast,dictator,68,12,2,I share 2 dollars,2.0,0.1666666666666666,8.738371133804321
x-ai/grok-4.1-fast,dictator,68,12,3,I share 1 dollars,1.0,0.0833333333333333,11.472550868988035
x-ai/grok-4.1-fast,dictator,68,10,1,I share 1 dollars,1.0,0.1,4.934662818908691
x-ai/grok-4.1-fast,dictator,68,10,2,I share 1 dollars,1.0,0.1,9.73121190071106
x-ai/grok-4.1-fast,dictator,68,10,3,I share 2 dollars,2.0,0.2,13.719549417495728
x-ai/grok-4.1-fast,dictator,68,27,1,I share 3 dollars,3.0,0.1111111111111111,9.013306140899658
x-ai/grok-4.1-fast,dictator,68,27,2,I share 5 dollars,5.0,0.1851851851851851,8.320728063583374
x-ai/grok-4.1-fast,dictator,68,27,3,I share 3 dollars,3.0,0.1111111111111111,8.917766094207764
x-ai/grok-4.1-fast,dictator,68,18,1,I share 2 dollars,2.0,0.1111111111111111,11.379860401153564
x-ai/grok-4.1-fast,dictator,68,18,2,I share 2 dollars,2.0,0.1111111111111111,10.756537199020386
x-ai/grok-4.1-fast,dictator,68,18,3,I share 0 dollars,0.0,0.0,9.017017602920532
x-ai/grok-4.1-fast,dictator,68,41,1,I share 5 dollars,5.0,0.1219512195121951,8.890352964401245
x-ai/grok-4.1-fast,dictator,68,41,2,I share 5 dollars,5.0,0.1219512195121951,10.54900360107422
x-ai/grok-4.1-fast,dictator,68,41,3,I share 1 dollars,1.0,0.024390243902439,9.775099754333496
x-ai/grok-4.1-fast,dictator,68,217,1,I share 10 dollars,10.0,0.0460829493087557,8.935048580169678
x-ai/grok-4.1-fast,dictator,68,217,2,I share 20 dollars,20.0,0.0921658986175115,7.392288446426392
x-ai/grok-4.1-fast,dictator,68,217,3,I share 30 dollars,30.0,0.1382488479262673,9.93001627922058
x-ai/grok-4.1-fast,dictator,68,95,1,I share 10 dollars,10.0,0.1052631578947368,9.804882287979126
x-ai/grok-4.1-fast,dictator,68,95,2,I share 0 dollars,0.0,0.0,11.761912822723389
x-ai/grok-4.1-fast,dictator,68,95,3,I share 0 dollars,0.0,0.0,11.567861795425417
x-ai/grok-4.1-fast,dictator,68,63,1,I share 0 dollars,0.0,0.0,14.78316569328308
x-ai/grok-4.1-fast,dictator,68,63,2,I share 0 dollars,0.0,0.0,11.257120847702026
x-ai/grok-4.1-fast,dictator,68,63,3,I share 0 dollars,0.0,0.0,10.673455238342283
x-ai/grok-4.1-fast,dictator,68,328,1,I share 10 dollars,10.0,0.0304878048780487,5.970626354217529
x-ai/grok-4.1-fast,dictator,68,328,2,I share 100 dollars,100.0,0.3048780487804878,11.703620910644531
x-ai/grok-4.1-fast,dictator,68,328,3,I share 50 dollars,50.0,0.1524390243902439,11.92746353149414
x-ai/grok-4.1-fast,dictator,68,144,1,I share 20 dollars,20.0,0.1388888888888889,9.972330331802368
x-ai/grok-4.1-fast,dictator,68,144,2,I share 20 dollars,20.0,0.1388888888888889,9.44342279434204
x-ai/grok-4.1-fast,dictator,68,144,3,I share 10 dollars,10.0,0.0694444444444444,17.20165753364563
x-ai/grok-4.1-fast,dictator,68,496,1,I share 50 dollars,50.0,0.1008064516129032,14.881542682647703
x-ai/grok-4.1-fast,dictator,68,496,2,I share 50 dollars,50.0,0.1008064516129032,12.17553162574768
x-ai/grok-4.1-fast,dictator,68,496,3,I share 20 dollars,20.0,0.0403225806451612,8.697728633880615
x-ai/grok-4.1-fast,dictator,68,1717,1,I share 0 dollars,0.0,0.0,5.882415771484375
x-ai/grok-4.1-fast,dictator,68,1717,2,I share 0 dollars,0.0,0.0,6.865910768508911
x-ai/grok-4.1-fast,dictator,68,1717,3,I share 200 dollars,200.0,0.11648223645894,15.143902778625488
x-ai/grok-4.1-fast,dictator,68,751,1,I share 0 dollars,0.0,0.0,10.198495864868164
x-ai/grok-4.1-fast,dictator,68,751,2,I share 100 dollars,100.0,0.133155792276964,10.759796380996704
x-ai/grok-4.1-fast,dictator,68,751,3,I share 68 dollars,68.0,0.0905459387483355,15.70378041267395
x-ai/grok-4.1-fast,dictator,68,2596,1,I share 50 dollars,50.0,0.0192604006163328,11.711764812469482
x-ai/grok-4.1-fast,dictator,68,2596,2,I share 100 dollars,100.0,0.0385208012326656,15.031843185424805
x-ai/grok-4.1-fast,dictator,68,2596,3,I share 200 dollars,200.0,0.0770416024653312,13.504389762878418
x-ai/grok-4.1-fast,dictator,68,3926,1,I share 50 dollars,50.0,0.0127356087620988,10.732162952423096
x-ai/grok-4.1-fast,dictator,68,3926,2,I share 648 dollars,648.0,0.1650534895568008,23.247052669525143
x-ai/grok-4.1-fast,dictator,68,3926,3,I share 100 dollars,100.0,0.0254712175241976,17.18300175666809
x-ai/grok-4.1-fast,dictator,68,1135,1,I share 100 dollars,100.0,0.0881057268722467,7.259473562240601
x-ai/grok-4.1-fast,dictator,68,1135,2,I share 200 dollars,200.0,0.1762114537444934,28.37385320663452
x-ai/grok-4.1-fast,dictator,68,1135,3,I share 165 dollars,165.0,0.145374449339207,24.8150897026062
x-ai/grok-4.1-fast,dictator,68,5938,1,I share 0 dollars,0.0,0.0,19.79761028289795
x-ai/grok-4.1-fast,dictator,68,5938,2,I share 100 dollars,100.0,0.0168406871000336,15.21331238746643
x-ai/grok-4.1-fast,dictator,68,5938,3,I share 200 dollars,200.0,0.0336813742000673,16.074375867843628
x-ai/grok-4.1-fast,dictator,68,13578,1,I share 1000 dollars,1000.0,0.0736485491235822,17.197966814041138
x-ai/grok-4.1-fast,dictator,68,13578,2,I share 500 dollars,500.0,0.0368242745617911,12.051445484161375
x-ai/grok-4.1-fast,dictator,68,13578,3,I share 0 dollars,0.0,0.0,8.785155773162842
x-ai/grok-4.1-fast,dictator,68,8979,1,I share 0 dollars,0.0,0.0,11.793102025985718
x-ai/grok-4.1-fast,dictator,68,8979,2,I share 100 dollars.,100.0,0.0111370976723465,21.2094795703888
x-ai/grok-4.1-fast,dictator,68,8979,3,I share 100 dollars,100.0,0.0111370976723465,18.127033710479736
x-ai/grok-4.1-fast,dictator,68,20531,1,I share 500 dollars,500.0,0.0243534167843748,13.062448740005491
x-ai/grok-4.1-fast,dictator,68,20531,2,I share 1000 dollars,1000.0,0.0487068335687497,11.510919570922852
x-ai/grok-4.1-fast,dictator,68,20531,3,I share 0 dollars,0.0,0.0,14.74239730834961
x-ai/grok-4.1-fast,dictator,68,31054,1,I share 0 dollars,0.0,0.0,15.415090799331663
x-ai/grok-4.1-fast,dictator,68,31054,2,I share 0 dollars,0.0,0.0,9.50142788887024
x-ai/grok-4.1-fast,dictator,68,31054,3,I share 500 dollars,500.0,0.0161009853803052,15.161468505859377
x-ai/grok-4.1-fast,dictator,68,46962,1,I share 0 dollars,0.0,0.0,19.62234401702881
x-ai/grok-4.1-fast,dictator,68,46962,2,I share 0 dollars,0.0,0.0,5.321824312210083
x-ai/grok-4.1-fast,dictator,68,46962,3,I share 1000 dollars,1000.0,0.0212938120182275,13.719556093215942
x-ai/grok-4.1-fast,dictator,68,71000,1,I share 5000 dollars,5000.0,0.0704225352112676,17.317445278167725
x-ai/grok-4.1-fast,dictator,68,71000,2,I share 1000 dollars,1000.0,0.0140845070422535,12.784873485565186
x-ai/grok-4.1-fast,dictator,68,71000,3,I share 1000 dollars,1000.0,0.0140845070422535,11.27445650100708
x-ai/grok-4.1-fast,dictator,68,162379,1,I share 0 dollars,0.0,0.0,12.48933172225952
x-ai/grok-4.1-fast,dictator,68,162379,2,I share 1000 dollars,1000.0,0.0061584318169221,15.38582444190979
x-ai/grok-4.1-fast,dictator,68,162379,3,I share 0 dollars,0.0,0.0,6.097429275512695
x-ai/grok-4.1-fast,dictator,70,1,1,I share 0 dollars,0.0,0.0,6.672197580337524
x-ai/grok-4.1-fast,dictator,70,1,2,I share 0.30 dollars,0.3,0.3,8.190046787261963
x-ai/grok-4.1-fast,dictator,70,1,3,I share 0 dollars,0.0,0.0,4.62550163269043
x-ai/grok-4.1-fast,dictator,68,250000,1,I share 5000 dollars,5000.0,0.02,10.108599662780762
x-ai/grok-4.1-fast,dictator,68,250000,2,I share 5000 dollars,5000.0,0.02,11.609719276428224
x-ai/grok-4.1-fast,dictator,68,250000,3,I share 0 dollars.,0.0,0.0,13.03285527229309
x-ai/grok-4.1-fast,dictator,70,2,1,I share 0 dollars,0.0,0.0,11.354377031326294
x-ai/grok-4.1-fast,dictator,70,2,2,I share 0 dollars,0.0,0.0,6.247587442398071
x-ai/grok-4.1-fast,dictator,70,2,3,I share 0 dollars,0.0,0.0,12.466411113739014
x-ai/grok-4.1-fast,dictator,70,3,1,I share 1 dollars,1.0,0.3333333333333333,6.210483312606812
x-ai/grok-4.1-fast,dictator,70,3,2,I share 0 dollars,0.0,0.0,9.38130021095276
x-ai/grok-4.1-fast,dictator,70,3,3,I share 0 dollars,0.0,0.0,5.855832099914551
x-ai/grok-4.1-fast,dictator,70,10,1,I share 2 dollars,2.0,0.2,8.648360013961792
x-ai/grok-4.1-fast,dictator,70,10,2,I share 0 dollars,0.0,0.0,5.620937824249268
x-ai/grok-4.1-fast,dictator,70,10,3,I share 0 dollars,0.0,0.0,5.583964586257935
x-ai/grok-4.1-fast,dictator,68,107392,1,I share 1000 dollars,1000.0,0.0093116805721096,21.690232753753666
x-ai/grok-4.1-fast,dictator,68,107392,2,I share 0 dollars,0.0,0.0,27.8095064163208
x-ai/grok-4.1-fast,dictator,68,107392,3,I share 0 dollars,0.0,0.0,18.647300481796265
x-ai/grok-4.1-fast,dictator,70,5,1,I share 1 dollars,1.0,0.2,15.430871725082396
x-ai/grok-4.1-fast,dictator,70,5,2,I share 0 dollars,0.0,0.0,7.704117298126221
x-ai/grok-4.1-fast,dictator,70,5,3,I share 1 dollars,1.0,0.2,6.217470645904541
x-ai/grok-4.1-fast,dictator,70,8,1,I share 0 dollars,0.0,0.0,12.665497064590454
x-ai/grok-4.1-fast,dictator,70,8,2,I share 1 dollars,1.0,0.125,13.250705242156982
x-ai/grok-4.1-fast,dictator,70,8,3,I share 0 dollars,0.0,0.0,5.55637526512146
x-ai/grok-4.1-fast,dictator,70,12,1,I share 0 dollars,0.0,0.0,10.959393978118896
x-ai/grok-4.1-fast,dictator,70,12,2,I share 0 dollars,0.0,0.0,4.9674601554870605
x-ai/grok-4.1-fast,dictator,70,12,3,I share 0 dollars,0.0,0.0,14.91046977043152
x-ai/grok-4.1-fast,dictator,70,27,1,I share 0 dollars,0.0,0.0,8.636758089065552
x-ai/grok-4.1-fast,dictator,70,27,2,I share 2 dollars,2.0,0.074074074074074,11.918061971664429
x-ai/grok-4.1-fast,dictator,70,27,3,I share 5 dollars,5.0,0.1851851851851851,10.826824188232422
x-ai/grok-4.1-fast,dictator,70,63,1,I share 0 dollars,0.0,0.0,14.41046905517578
x-ai/grok-4.1-fast,dictator,70,63,2,I share 0 dollars,0.0,0.0,7.713554620742798
x-ai/grok-4.1-fast,dictator,70,63,3,I share 0 dollars,0.0,0.0,7.79071831703186
x-ai/grok-4.1-fast,dictator,70,41,1,I share 1 dollars,1.0,0.024390243902439,4.918458223342896
x-ai/grok-4.1-fast,dictator,70,41,2,I share 5 dollars,5.0,0.1219512195121951,14.378048419952393
x-ai/grok-4.1-fast,dictator,70,41,3,I share 0 dollars,0.0,0.0,15.420109510421751
x-ai/grok-4.1-fast,dictator,70,18,1,I share 2 dollars,2.0,0.1111111111111111,11.72342848777771
x-ai/grok-4.1-fast,dictator,70,18,2,I share 1 dollars,1.0,0.0555555555555555,16.459033250808716
x-ai/grok-4.1-fast,dictator,70,18,3,I share 1 dollars,1.0,0.0555555555555555,15.943847179412842
x-ai/grok-4.1-fast,dictator,70,95,1,I share 10 dollars,10.0,0.1052631578947368,11.499717950820925
x-ai/grok-4.1-fast,dictator,70,95,2,I share 10 dollars,10.0,0.1052631578947368,10.58574676513672
x-ai/grok-4.1-fast,dictator,70,95,3,I share 1 dollars,1.0,0.0105263157894736,15.332560777664185
x-ai/grok-4.1-fast,dictator,70,144,1,I share 20 dollars,20.0,0.1388888888888889,11.33795714378357
x-ai/grok-4.1-fast,dictator,70,144,2,I share 15 dollars,15.0,0.1041666666666666,16.872265577316284
x-ai/grok-4.1-fast,dictator,70,144,3,I share 20 dollars,20.0,0.1388888888888889,12.3744854927063
x-ai/grok-4.1-fast,dictator,70,217,1,I share 0 dollars,0.0,0.0,14.487561464309692
x-ai/grok-4.1-fast,dictator,70,217,2,I share 20 dollars,20.0,0.0921658986175115,13.438383340835571
x-ai/grok-4.1-fast,dictator,70,217,3,I share 10 dollars,10.0,0.0460829493087557,10.397136449813845
x-ai/grok-4.1-fast,dictator,70,328,1,I share 20 dollars,20.0,0.0609756097560975,12.850754499435425
x-ai/grok-4.1-fast,dictator,70,328,2,I share 10 dollars,10.0,0.0304878048780487,10.488490343093872
x-ai/grok-4.1-fast,dictator,70,328,3,I share 0 dollars,0.0,0.0,12.584291458129885
x-ai/grok-4.1-fast,dictator,70,751,1,I share 0 dollars,0.0,0.0,10.124349594116213
x-ai/grok-4.1-fast,dictator,70,751,2,I share 50 dollars,50.0,0.066577896138482,16.488635301589966
x-ai/grok-4.1-fast,dictator,70,751,3,I share 100 dollars,100.0,0.133155792276964,8.358081340789795
x-ai/grok-4.1-fast,dictator,70,496,1,I share 0 dollars,0.0,0.0,16.78468370437622
x-ai/grok-4.1-fast,dictator,70,496,2,I share 25 dollars,25.0,0.0504032258064516,17.10319709777832
x-ai/grok-4.1-fast,dictator,70,496,3,I share 20 dollars,20.0,0.0403225806451612,12.34330439567566
x-ai/grok-4.1-fast,dictator,70,1135,1,I share 100 dollars,100.0,0.0881057268722467,12.91935968399048
x-ai/grok-4.1-fast,dictator,70,1135,2,I share 0 dollars,0.0,0.0,14.89579701423645
x-ai/grok-4.1-fast,dictator,70,1135,3,I share 50 dollars,50.0,0.0440528634361233,11.663459777832031
x-ai/grok-4.1-fast,dictator,70,5938,1,I share 0 dollars,0.0,0.0,10.743585348129272
x-ai/grok-4.1-fast,dictator,70,5938,2,I share 0 dollars,0.0,0.0,8.470628261566162
x-ai/grok-4.1-fast,dictator,70,5938,3,I share 0 dollars,0.0,0.0,5.340587854385376
x-ai/grok-4.1-fast,dictator,70,1717,1,I share 0 dollars,0.0,0.0,14.43074917793274
x-ai/grok-4.1-fast,dictator,70,1717,2,I share 0 dollars,0.0,0.0,16.77900719642639
x-ai/grok-4.1-fast,dictator,70,1717,3,I share 50 dollars,50.0,0.029120559114735,11.11904001235962
x-ai/grok-4.1-fast,dictator,70,2596,1,I share 0 dollars,0.0,0.0,12.244539499282835
x-ai/grok-4.1-fast,dictator,70,2596,2,I share 100 dollars,100.0,0.0385208012326656,13.631289720535278
x-ai/grok-4.1-fast,dictator,70,2596,3,I share 100 dollars,100.0,0.0385208012326656,16.15331745147705
x-ai/grok-4.1-fast,dictator,70,3926,1,I share 0 dollars,0.0,0.0,9.960774898529053
x-ai/grok-4.1-fast,dictator,70,3926,2,I share 50 dollars,50.0,0.0127356087620988,15.970892906188965
x-ai/grok-4.1-fast,dictator,70,3926,3,I share 100 dollars.,100.0,0.0254712175241976,19.880385875701904
x-ai/grok-4.1-fast,dictator,70,8979,1,I share 1000 dollars,1000.0,0.1113709767234658,14.901587724685667
x-ai/grok-4.1-fast,dictator,70,8979,2,I share 0 dollars,0.0,0.0,11.38867712020874
x-ai/grok-4.1-fast,dictator,70,8979,3,I share 100 dollars,100.0,0.0111370976723465,8.845893383026123
x-ai/grok-4.1-fast,dictator,70,13578,1,I share $0 dollars,0.0,0.0,8.468368768692017
x-ai/grok-4.1-fast,dictator,70,13578,2,I share 500 dollars,500.0,0.0368242745617911,11.18734359741211
x-ai/grok-4.1-fast,dictator,70,13578,3,I share 0 dollars,0.0,0.0,16.1683828830719
x-ai/grok-4.1-fast,dictator,70,20531,1,I share 10 dollars,10.0,0.0004870683356874,12.47931170463562
x-ai/grok-4.1-fast,dictator,70,20531,2,I share 50 dollars,50.0,0.0024353416784374,9.099875211715698
x-ai/grok-4.1-fast,dictator,70,20531,3,I share 0 dollars.,0.0,0.0,16.502079963684082
x-ai/grok-4.1-fast,dictator,70,31054,1,I share 100 dollars,100.0,0.003220197076061,10.650081872940063
x-ai/grok-4.1-fast,dictator,70,31054,2,I share 0 dollars,0.0,0.0,17.652090072631836
x-ai/grok-4.1-fast,dictator,70,31054,3,I share 100 dollars.,100.0,0.003220197076061,12.756194353103638
x-ai/grok-4.1-fast,dictator,70,46962,1,I share 0 dollars,0.0,0.0,9.117817163467407
x-ai/grok-4.1-fast,dictator,70,46962,2,I share 1000 dollars,1000.0,0.0212938120182275,13.0690495967865
x-ai/grok-4.1-fast,dictator,70,46962,3,I share 0 dollars,0.0,0.0,12.621604442596436
x-ai/grok-4.1-fast,dictator,70,107392,1,I share 500 dollars,500.0,0.0046558402860548,10.308318614959717
x-ai/grok-4.1-fast,dictator,70,107392,2,I share 0 dollars,0.0,0.0,11.356886625289915
x-ai/grok-4.1-fast,dictator,70,107392,3,I share 50 dollars,50.0,0.0004655840286054,10.62381386756897
x-ai/grok-4.1-fast,dictator,70,71000,1,I share 500 dollars,500.0,0.0070422535211267,12.041537284851074
x-ai/grok-4.1-fast,dictator,70,71000,2,I share 1000 dollars,1000.0,0.0140845070422535,9.76050090789795
x-ai/grok-4.1-fast,dictator,70,71000,3,I share 1000 dollars,1000.0,0.0140845070422535,10.914032936096191
x-ai/grok-4.1-fast,dictator,70,250000,1,I share 1000 dollars,1000.0,0.004,8.237934112548828
x-ai/grok-4.1-fast,dictator,70,250000,2,I share 0 dollars,0.0,0.0,7.741491794586182
x-ai/grok-4.1-fast,dictator,70,250000,3,I share 1000 dollars,1000.0,0.004,9.093409776687622
x-ai/grok-4.1-fast,dictator,72,1,1,I share 0 dollars,0.0,0.0,4.769520044326782
x-ai/grok-4.1-fast,dictator,72,1,2,I share 0 dollars,0.0,0.0,11.193246841430664
x-ai/grok-4.1-fast,dictator,72,1,3,I share 0 dollars,0.0,0.0,6.92057204246521
x-ai/grok-4.1-fast,dictator,70,162379,1,I share 0 dollars,0.0,0.0,13.801212787628174
x-ai/grok-4.1-fast,dictator,70,162379,2,I share 0 dollars,0.0,0.0,11.263937950134276
x-ai/grok-4.1-fast,dictator,70,162379,3,I share 1000 dollars,1000.0,0.0061584318169221,25.71562981605529
x-ai/grok-4.1-fast,dictator,72,3,1,I share 0 dollars,0.0,0.0,11.384032249450684
x-ai/grok-4.1-fast,dictator,72,3,2,I share 0 dollars,0.0,0.0,5.70538330078125
x-ai/grok-4.1-fast,dictator,72,3,3,I share 0 dollars,0.0,0.0,7.374322652816772
x-ai/grok-4.1-fast,dictator,72,2,1,I share 0 dollars,0.0,0.0,14.619768619537354
x-ai/grok-4.1-fast,dictator,72,2,2,I share 0 dollars,0.0,0.0,8.227751970291138
x-ai/grok-4.1-fast,dictator,72,2,3,I share 0 dollars,0.0,0.0,6.403150320053101
x-ai/grok-4.1-fast,dictator,72,5,1,I share 1 dollars,1.0,0.2,10.228357791900637
x-ai/grok-4.1-fast,dictator,72,5,2,I share 0 dollars,0.0,0.0,6.909465789794922
x-ai/grok-4.1-fast,dictator,72,5,3,I share 1 dollars,1.0,0.2,12.203973293304443
x-ai/grok-4.1-fast,dictator,72,10,1,I share 1 dollars,1.0,0.1,6.485814094543457
x-ai/grok-4.1-fast,dictator,72,10,2,I share 0 dollars,0.0,0.0,7.181788444519043
x-ai/grok-4.1-fast,dictator,72,10,3,I share 0 dollars,0.0,0.0,10.828539848327637
x-ai/grok-4.1-fast,dictator,72,8,1,I share 0 dollars,0.0,0.0,7.473961353302002
x-ai/grok-4.1-fast,dictator,72,8,2,I share 1 dollars,1.0,0.125,8.75182819366455
x-ai/grok-4.1-fast,dictator,72,8,3,I share 0 dollars,0.0,0.0,15.480986595153809
x-ai/grok-4.1-fast,dictator,72,12,1,I share 1 dollars,1.0,0.0833333333333333,7.327526569366455
x-ai/grok-4.1-fast,dictator,72,12,2,I share 1 dollars,1.0,0.0833333333333333,13.063170909881592
x-ai/grok-4.1-fast,dictator,72,12,3,I share 0 dollars,0.0,0.0,9.551046133041382
x-ai/grok-4.1-fast,dictator,72,18,1,I share 0 dollars,0.0,0.0,4.639138698577881
x-ai/grok-4.1-fast,dictator,72,18,2,I share 2 dollars,2.0,0.1111111111111111,15.339787006378174
x-ai/grok-4.1-fast,dictator,72,18,3,I share 0 dollars,0.0,0.0,7.867852687835693
x-ai/grok-4.1-fast,dictator,72,27,1,I share 1 dollars,1.0,0.037037037037037,14.629827737808228
x-ai/grok-4.1-fast,dictator,72,27,2,I share 1 dollars,1.0,0.037037037037037,8.732805013656616
x-ai/grok-4.1-fast,dictator,72,27,3,I share 3 dollars,3.0,0.1111111111111111,7.125807762145996
x-ai/grok-4.1-fast,dictator,72,95,1,I share 0 dollars,0.0,0.0,13.52673077583313
x-ai/grok-4.1-fast,dictator,72,95,2,I share 2 dollars,2.0,0.0210526315789473,6.723507881164551
x-ai/grok-4.1-fast,dictator,72,95,3,I share 0 dollars,0.0,0.0,4.118428945541382
x-ai/grok-4.1-fast,dictator,72,41,1,I share 1 dollars,1.0,0.024390243902439,13.208716630935667
x-ai/grok-4.1-fast,dictator,72,41,2,I share 2 dollars,2.0,0.048780487804878,12.89501452445984
x-ai/grok-4.1-fast,dictator,72,41,3,I share 0 dollars,0.0,0.0,10.911433219909668
x-ai/grok-4.1-fast,dictator,72,63,1,I share 0 dollars,0.0,0.0,12.470804691314695
x-ai/grok-4.1-fast,dictator,72,63,2,I share 0 dollars,0.0,0.0,8.845921993255615
x-ai/grok-4.1-fast,dictator,72,63,3,I share 5 dollars,5.0,0.0793650793650793,7.185606002807617
x-ai/grok-4.1-fast,dictator,72,328,1,I share 0 dollars,0.0,0.0,5.384139776229858
x-ai/grok-4.1-fast,dictator,72,328,2,I share 0 dollars,0.0,0.0,8.923398494720459
x-ai/grok-4.1-fast,dictator,72,328,3,I share 0 dollars,0.0,0.0,15.592921257019045
x-ai/grok-4.1-fast,dictator,72,144,1,I share 20 dollars,20.0,0.1388888888888889,9.7866952419281
x-ai/grok-4.1-fast,dictator,72,144,2,I share 20 dollars,20.0,0.1388888888888889,14.339405059814451
x-ai/grok-4.1-fast,dictator,72,144,3,I share 20 dollars,20.0,0.1388888888888889,17.4847354888916
x-ai/grok-4.1-fast,dictator,72,217,1,I share 10 dollars,10.0,0.0460829493087557,11.956954956054688
x-ai/grok-4.1-fast,dictator,72,217,2,I share 20 dollars,20.0,0.0921658986175115,20.018738269805908
x-ai/grok-4.1-fast,dictator,72,217,3,I share 20 dollars,20.0,0.0921658986175115,10.99915075302124
x-ai/grok-4.1-fast,dictator,72,751,1,I share 0 dollars,0.0,0.0,14.484826564788818
x-ai/grok-4.1-fast,dictator,72,751,2,I share 0 dollars,0.0,0.0,7.482400894165039
x-ai/grok-4.1-fast,dictator,72,751,3,I share 10 dollars,10.0,0.0133155792276964,11.239785432815552
x-ai/grok-4.1-fast,dictator,72,496,1,I share 5 dollars,5.0,0.0100806451612903,15.261239528656006
x-ai/grok-4.1-fast,dictator,72,496,2,I share 72 dollars,72.0,0.1451612903225806,18.121957540512085
x-ai/grok-4.1-fast,dictator,72,496,3,I share 0 dollars,0.0,0.0,13.682891845703123
x-ai/grok-4.1-fast,dictator,72,1717,1,I share 100 dollars,100.0,0.05824111822947,11.576395273208618
x-ai/grok-4.1-fast,dictator,72,1717,2,I share 50 dollars,50.0,0.029120559114735,10.182105302810667
x-ai/grok-4.1-fast,dictator,72,1717,3,I share 0 dollars,0.0,0.0,12.0244140625
x-ai/grok-4.1-fast,dictator,72,3926,1,I share 0 dollars,0.0,0.0,7.797659635543823
x-ai/grok-4.1-fast,dictator,72,3926,2,I share 200 dollars,200.0,0.0509424350483953,10.706464767456056
x-ai/grok-4.1-fast,dictator,72,3926,3,I share 0 dollars,0.0,0.0,7.5046820640563965
x-ai/grok-4.1-fast,dictator,72,1135,1,I share 100 dollars,100.0,0.0881057268722467,18.452776670455933
x-ai/grok-4.1-fast,dictator,72,1135,2,I share 72 dollars,72.0,0.0634361233480176,19.11420512199402
x-ai/grok-4.1-fast,dictator,72,1135,3,I share 0 dollars,0.0,0.0,13.964821815490724
x-ai/grok-4.1-fast,dictator,72,5938,1,I share 0 dollars,0.0,0.0,9.140742778778076
x-ai/grok-4.1-fast,dictator,72,5938,2,I share 0 dollars,0.0,0.0,15.360866785049438
x-ai/grok-4.1-fast,dictator,72,5938,3,I share 0 dollars,0.0,0.0,6.914477109909058
x-ai/grok-4.1-fast,dictator,72,2596,1,I share 20 dollars,20.0,0.0077041602465331,13.88881802558899
x-ai/grok-4.1-fast,dictator,72,2596,2,I share 0 dollars,0.0,0.0,13.08209776878357
x-ai/grok-4.1-fast,dictator,72,2596,3,I share 0 dollars,0.0,0.0,11.58151125907898
x-ai/grok-4.1-fast,dictator,72,20531,1,I share 0 dollars,0.0,0.0,10.068305015563965
x-ai/grok-4.1-fast,dictator,72,20531,2,I share 0 dollars,0.0,0.0,8.838478803634644
x-ai/grok-4.1-fast,dictator,72,20531,3,I share 100 dollars,100.0,0.0048706833568749,13.6765239238739
x-ai/grok-4.1-fast,dictator,72,46962,1,I share 0 dollars,0.0,0.0,6.485722541809082
x-ai/grok-4.1-fast,dictator,72,46962,2,I share 0 dollars,0.0,0.0,14.47411608695984
x-ai/grok-4.1-fast,dictator,72,46962,3,I share 0 dollars,0.0,0.0,9.457628011703491
x-ai/grok-4.1-fast,dictator,72,31054,1,I share 0 dollars,0.0,0.0,10.76593828201294
x-ai/grok-4.1-fast,dictator,72,31054,2,I share 250 dollars,250.0,0.0080504926901526,19.25355863571167
x-ai/grok-4.1-fast,dictator,72,31054,3,I share 0 dollars,0.0,0.0,11.54937481880188
x-ai/grok-4.1-fast,dictator,72,71000,1,I share 1000 dollars,1000.0,0.0140845070422535,23.610307693481445
x-ai/grok-4.1-fast,dictator,72,71000,2,I share 0 dollars,0.0,0.0,5.979090452194214
x-ai/grok-4.1-fast,dictator,72,71000,3,I share 0 dollars,0.0,0.0,5.2311108112335205
x-ai/grok-4.1-fast,dictator,72,8979,1,I share 0 dollars,0.0,0.0,16.01397466659546
x-ai/grok-4.1-fast,dictator,72,8979,2,I share 0 dollars,0.0,0.0,6.301642179489136
x-ai/grok-4.1-fast,dictator,72,8979,3,I share 100 dollars,100.0,0.0111370976723465,18.125282287597656
x-ai/grok-4.1-fast,dictator,72,13578,1,I share 100 dollars,100.0,0.0073648549123582,15.776813983917236
x-ai/grok-4.1-fast,dictator,72,13578,2,I share 1920 dollars,1920.0,0.1414052143172779,31.265575885772705
x-ai/grok-4.1-fast,dictator,72,13578,3,I share 0 dollars,0.0,0.0,5.410611391067505
x-ai/grok-4.1-fast,dictator,72,107392,1,I share 0 dollars,0.0,0.0,10.570937871932983
x-ai/grok-4.1-fast,dictator,72,107392,2,I share 0 dollars,0.0,0.0,7.795597314834595
x-ai/grok-4.1-fast,dictator,72,107392,3,I share 0 dollars,0.0,0.0,13.173654556274414
x-ai/grok-4.1-fast,dictator,74,2,1,I share 0 dollars,0.0,0.0,5.532904386520386
x-ai/grok-4.1-fast,dictator,74,2,2,I share 0 dollars,0.0,0.0,9.47572374343872
x-ai/grok-4.1-fast,dictator,74,2,3,I share 0 dollars,0.0,0.0,9.370953559875488
x-ai/grok-4.1-fast,dictator,72,162379,1,I share 0 dollars,0.0,0.0,14.154000759124756
x-ai/grok-4.1-fast,dictator,72,162379,2,I share 0 dollars,0.0,0.0,5.47406816482544
x-ai/grok-4.1-fast,dictator,72,162379,3,I share 1000 dollars.,1000.0,0.0061584318169221,12.769805669784546
x-ai/grok-4.1-fast,dictator,72,250000,1,I share 0 dollars,0.0,0.0,9.617587089538574
x-ai/grok-4.1-fast,dictator,72,250000,2,I share 0 dollars,0.0,0.0,8.80603551864624
x-ai/grok-4.1-fast,dictator,72,250000,3,I share 2500 dollars,2500.0,0.01,12.758817195892334
x-ai/grok-4.1-fast,dictator,74,3,1,I share 0 dollars,0.0,0.0,7.317834138870239
x-ai/grok-4.1-fast,dictator,74,3,2,I share 0 dollars,0.0,0.0,5.898617267608643
x-ai/grok-4.1-fast,dictator,74,3,3,I share 0 dollars,0.0,0.0,9.63491177558899
x-ai/grok-4.1-fast,dictator,74,1,1,I share 0 dollars,0.0,0.0,7.401865482330322
x-ai/grok-4.1-fast,dictator,74,1,2,I share 0 dollars,0.0,0.0,6.711794376373291
x-ai/grok-4.1-fast,dictator,74,1,3,I share 0 dollars,0.0,0.0,15.522279739379885
x-ai/grok-4.1-fast,dictator,74,8,1,I share 0 dollars,0.0,0.0,7.141844272613525
x-ai/grok-4.1-fast,dictator,74,8,2,I share 1 dollars,1.0,0.125,12.796702861785889
x-ai/grok-4.1-fast,dictator,74,8,3,I share 0 dollars,0.0,0.0,8.287657976150513
x-ai/grok-4.1-fast,dictator,74,5,1,I share 1 dollars,1.0,0.2,11.255942583084106
x-ai/grok-4.1-fast,dictator,74,5,2,I share 1 dollars,1.0,0.2,12.648853540420532
x-ai/grok-4.1-fast,dictator,74,5,3,I share 1 dollars,1.0,0.2,11.363804578781128
x-ai/grok-4.1-fast,dictator,74,10,1,I share 0 dollars,0.0,0.0,17.9245548248291
x-ai/grok-4.1-fast,dictator,74,10,2,I share 1 dollars,1.0,0.1,6.768585443496704
x-ai/grok-4.1-fast,dictator,74,10,3,I share 0 dollars,0.0,0.0,5.401075839996338
x-ai/grok-4.1-fast,dictator,74,18,1,I share 2 dollars,2.0,0.1111111111111111,17.953796863555908
x-ai/grok-4.1-fast,dictator,74,18,2,I share 1 dollars,1.0,0.0555555555555555,4.786955833435059
x-ai/grok-4.1-fast,dictator,74,18,3,I share 1 dollars,1.0,0.0555555555555555,8.52415418624878
x-ai/grok-4.1-fast,dictator,74,27,1,I share 5 dollars,5.0,0.1851851851851851,16.10569190979004
x-ai/grok-4.1-fast,dictator,74,27,2,I share 1 dollars,1.0,0.037037037037037,10.60884141921997
x-ai/grok-4.1-fast,dictator,74,27,3,I share 0 dollars,0.0,0.0,8.330467224121094
x-ai/grok-4.1-fast,dictator,74,12,1,I share 0 dollars,0.0,0.0,14.77757740020752
x-ai/grok-4.1-fast,dictator,74,12,2,I share 1 dollars,1.0,0.0833333333333333,11.497919082641602
x-ai/grok-4.1-fast,dictator,74,12,3,I share 2 dollars,2.0,0.1666666666666666,10.962486267089844
x-ai/grok-4.1-fast,dictator,74,41,1,I share 0 dollars,0.0,0.0,5.315025568008423
x-ai/grok-4.1-fast,dictator,74,41,2,I share 1 dollars,1.0,0.024390243902439,7.819973468780518
x-ai/grok-4.1-fast,dictator,74,41,3,I share 1 dollars,1.0,0.024390243902439,7.464357852935791
x-ai/grok-4.1-fast,dictator,74,63,1,I share 0 dollars,0.0,0.0,10.031612873077393
x-ai/grok-4.1-fast,dictator,74,63,2,I share 0 dollars,0.0,0.0,6.41975212097168
x-ai/grok-4.1-fast,dictator,74,63,3,I share 5 dollars,5.0,0.0793650793650793,10.93020749092102
x-ai/grok-4.1-fast,dictator,74,95,1,I share 0 dollars,0.0,0.0,11.87154245376587
x-ai/grok-4.1-fast,dictator,74,95,2,I share 1 dollars,1.0,0.0105263157894736,12.553772211074827
x-ai/grok-4.1-fast,dictator,74,95,3,I share 5 dollars,5.0,0.0526315789473684,6.727571487426758
x-ai/grok-4.1-fast,dictator,74,217,1,I share 0 dollars,0.0,0.0,6.853778123855591
x-ai/grok-4.1-fast,dictator,74,217,2,I share 0 dollars,0.0,0.0,5.11117434501648
x-ai/grok-4.1-fast,dictator,74,217,3,I share 5 dollars,5.0,0.0230414746543778,12.352874755859377
x-ai/grok-4.1-fast,dictator,74,144,1,I share 20 dollars,20.0,0.1388888888888889,9.39359974861145
x-ai/grok-4.1-fast,dictator,74,144,2,I share 0 dollars,0.0,0.0,10.240119218826294
x-ai/grok-4.1-fast,dictator,74,144,3,I share 20 dollars,20.0,0.1388888888888889,11.67597508430481
x-ai/grok-4.1-fast,dictator,74,328,1,I share 0 dollars,0.0,0.0,20.93324112892151
x-ai/grok-4.1-fast,dictator,74,328,2,I share 0 dollars,0.0,0.0,7.2833921909332275
x-ai/grok-4.1-fast,dictator,74,328,3,I share 0 dollars,0.0,0.0,11.270172595977783
x-ai/grok-4.1-fast,dictator,74,496,1,I share 10 dollars,10.0,0.0201612903225806,11.501442193984984
x-ai/grok-4.1-fast,dictator,74,496,2,I share 0 dollars,0.0,0.0,15.018205642700195
x-ai/grok-4.1-fast,dictator,74,496,3,I share 20 dollars,20.0,0.0403225806451612,13.935890913009644
x-ai/grok-4.1-fast,dictator,74,1135,1,I share 10 dollars,10.0,0.0088105726872246,10.155354261398315
x-ai/grok-4.1-fast,dictator,74,1135,2,I share 20 dollars,20.0,0.0176211453744493,10.981528282165527
x-ai/grok-4.1-fast,dictator,74,1135,3,I share 50 dollars,50.0,0.0440528634361233,12.324344396591188
x-ai/grok-4.1-fast,dictator,74,751,1,I share 0 dollars,0.0,0.0,8.09850549697876
x-ai/grok-4.1-fast,dictator,74,751,2,I share 50 dollars,50.0,0.066577896138482,15.991103887557983
x-ai/grok-4.1-fast,dictator,74,751,3,I share 74 dollars,74.0,0.0985352862849534,17.93147850036621
x-ai/grok-4.1-fast,dictator,74,1717,1,I share 0 dollars,0.0,0.0,15.9923894405365
x-ai/grok-4.1-fast,dictator,74,1717,2,I share 0 dollars,0.0,0.0,13.068591356277466
x-ai/grok-4.1-fast,dictator,74,1717,3,I share 0 dollars,0.0,0.0,11.439972639083862
x-ai/grok-4.1-fast,dictator,74,2596,1,I share 0 dollars,0.0,0.0,12.59505319595337
x-ai/grok-4.1-fast,dictator,74,2596,2,I share 0 dollars,0.0,0.0,14.273297309875488
x-ai/grok-4.1-fast,dictator,74,2596,3,I share 0 dollars,0.0,0.0,12.710615634918211
x-ai/grok-4.1-fast,dictator,74,3926,1,I share 50 dollars,50.0,0.0127356087620988,15.434102058410645
x-ai/grok-4.1-fast,dictator,74,3926,2,I share 0 dollars,0.0,0.0,6.943234205245972
x-ai/grok-4.1-fast,dictator,74,3926,3,I share 0 dollars,0.0,0.0,9.434443950653076
x-ai/grok-4.1-fast,dictator,74,8979,1,I share 100 dollars,100.0,0.0111370976723465,7.78217887878418
x-ai/grok-4.1-fast,dictator,74,8979,2,I share 0 dollars,0.0,0.0,18.958839893341064
x-ai/grok-4.1-fast,dictator,74,8979,3,I share 0 dollars,0.0,0.0,10.406439542770386
x-ai/grok-4.1-fast,dictator,74,13578,1,I share 0 dollars,0.0,0.0,12.489279985427856
x-ai/grok-4.1-fast,dictator,74,13578,2,I share 0 dollars,0.0,0.0,11.355456829071043
x-ai/grok-4.1-fast,dictator,74,13578,3,I share 0 dollars,0.0,0.0,13.45389699935913
x-ai/grok-4.1-fast,dictator,74,31054,1,I share 0 dollars,0.0,0.0,12.212055206298828
x-ai/grok-4.1-fast,dictator,74,31054,2,I share 0 dollars,0.0,0.0,6.659571409225464
x-ai/grok-4.1-fast,dictator,74,31054,3,I share 0 dollars,0.0,0.0,11.573596954345703
x-ai/grok-4.1-fast,dictator,74,20531,1,I share 0 dollars,0.0,0.0,10.711972951889038
x-ai/grok-4.1-fast,dictator,74,20531,2,I share 100 dollars,100.0,0.0048706833568749,7.729344606399536
x-ai/grok-4.1-fast,dictator,74,20531,3,I share 0 dollars,0.0,0.0,14.654014825820925
x-ai/grok-4.1-fast,dictator,74,5938,1,I share 0 dollars,0.0,0.0,16.48832941055298
x-ai/grok-4.1-fast,dictator,74,5938,2,I share 100 dollars,100.0,0.0168406871000336,16.011287212371826
x-ai/grok-4.1-fast,dictator,74,5938,3,I share 0 dollars,0.0,0.0,17.69734787940979
x-ai/grok-4.1-fast,dictator,76,1,1,I share 0 dollars,0.0,0.0,6.318204402923584
x-ai/grok-4.1-fast,dictator,76,1,2,I share 0 dollars,0.0,0.0,5.73092794418335
x-ai/grok-4.1-fast,dictator,76,1,3,I share 0 dollars,0.0,0.0,5.414873361587524
x-ai/grok-4.1-fast,dictator,74,46962,1,I share 0 dollars,0.0,0.0,10.040865421295166
x-ai/grok-4.1-fast,dictator,74,46962,2,I share 0 dollars,0.0,0.0,25.21044564247132
x-ai/grok-4.1-fast,dictator,74,46962,3,I share 0 dollars,0.0,0.0,13.410011768341064
x-ai/grok-4.1-fast,dictator,74,162379,1,I share 0 dollars,0.0,0.0,8.730819463729858
x-ai/grok-4.1-fast,dictator,74,162379,2,I share 0 dollars,0.0,0.0,7.346753120422363
x-ai/grok-4.1-fast,dictator,74,162379,3,I share 1000 dollars,1000.0,0.0061584318169221,10.625250101089478
x-ai/grok-4.1-fast,dictator,74,71000,1,I share 1000 dollars,1000.0,0.0140845070422535,8.83052110671997
x-ai/grok-4.1-fast,dictator,74,71000,2,I share 1000 dollars,1000.0,0.0140845070422535,10.666230916976929
x-ai/grok-4.1-fast,dictator,74,71000,3,I share 100 dollars,100.0,0.0014084507042253,10.809389352798462
x-ai/grok-4.1-fast,dictator,74,250000,1,I share 1000 dollars,1000.0,0.004,13.028361320495604
x-ai/grok-4.1-fast,dictator,74,250000,2,I share 0 dollars,0.0,0.0,6.664725065231323
x-ai/grok-4.1-fast,dictator,74,250000,3,I share 1000 dollars,1000.0,0.004,9.40290355682373
x-ai/grok-4.1-fast,dictator,74,107392,1,I share 0 dollars.,0.0,0.0,17.141237258911133
x-ai/grok-4.1-fast,dictator,74,107392,2,I share 0 dollars,0.0,0.0,6.116029500961304
x-ai/grok-4.1-fast,dictator,74,107392,3,I share 0 dollars,0.0,0.0,8.04282808303833
x-ai/grok-4.1-fast,dictator,76,2,1,I share 0 dollars,0.0,0.0,6.288260459899902
x-ai/grok-4.1-fast,dictator,76,2,2,I share 0 dollars,0.0,0.0,7.419297695159912
x-ai/grok-4.1-fast,dictator,76,2,3,I share 0 dollars,0.0,0.0,12.849799156188965
x-ai/grok-4.1-fast,dictator,76,10,1,I share 1 dollars,1.0,0.1,8.84723448753357
x-ai/grok-4.1-fast,dictator,76,10,2,I share 1 dollars,1.0,0.1,5.417107582092285
x-ai/grok-4.1-fast,dictator,76,10,3,I share 1 dollars,1.0,0.1,10.646812438964844
x-ai/grok-4.1-fast,dictator,76,8,1,I share 1 dollars,1.0,0.125,5.90175461769104
x-ai/grok-4.1-fast,dictator,76,8,2,I share 0 dollars,0.0,0.0,10.67220377922058
x-ai/grok-4.1-fast,dictator,76,8,3,I share 2 dollars,2.0,0.25,10.597472429275513
x-ai/grok-4.1-fast,dictator,76,3,1,I share 0 dollars,0.0,0.0,9.24018931388855
x-ai/grok-4.1-fast,dictator,76,3,2,I share 0 dollars,0.0,0.0,8.273198127746582
x-ai/grok-4.1-fast,dictator,76,3,3,I share 0 dollars,0.0,0.0,14.091759204864502
x-ai/grok-4.1-fast,dictator,76,5,1,I share 1 dollars,1.0,0.2,10.685894250869753
x-ai/grok-4.1-fast,dictator,76,5,2,I share 1 dollars,1.0,0.2,9.895659923553469
x-ai/grok-4.1-fast,dictator,76,5,3,I share 1 dollars,1.0,0.2,11.263206005096436
x-ai/grok-4.1-fast,dictator,76,12,1,I share 1 dollars,1.0,0.0833333333333333,7.136415004730225
x-ai/grok-4.1-fast,dictator,76,12,2,I share 0 dollars,0.0,0.0,5.863495349884033
x-ai/grok-4.1-fast,dictator,76,12,3,I share 2 dollars,2.0,0.1666666666666666,15.017656803131104
x-ai/grok-4.1-fast,dictator,76,18,1,I share 0 dollars,0.0,0.0,8.983580350875854
x-ai/grok-4.1-fast,dictator,76,18,2,I share 0 dollars,0.0,0.0,5.859458208084106
x-ai/grok-4.1-fast,dictator,76,18,3,I share 1 dollars,1.0,0.0555555555555555,7.121780633926392
x-ai/grok-4.1-fast,dictator,76,41,1,I share 1 dollars,1.0,0.024390243902439,7.59460711479187
x-ai/grok-4.1-fast,dictator,76,41,2,I share 5 dollars,5.0,0.1219512195121951,8.14609169960022
x-ai/grok-4.1-fast,dictator,76,41,3,I share 1 dollars,1.0,0.024390243902439,7.417926073074341
x-ai/grok-4.1-fast,dictator,76,27,1,I share 1 dollars,1.0,0.037037037037037,7.816299438476562
x-ai/grok-4.1-fast,dictator,76,27,2,I share 1 dollars,1.0,0.037037037037037,9.472490787506104
x-ai/grok-4.1-fast,dictator,76,27,3,I share 1 dollars,1.0,0.037037037037037,11.706985712051392
x-ai/grok-4.1-fast,dictator,76,95,1,I share 5 dollars,5.0,0.0526315789473684,13.59594440460205
x-ai/grok-4.1-fast,dictator,76,95,2,I share 0 dollars,0.0,0.0,7.068989992141724
x-ai/grok-4.1-fast,dictator,76,95,3,I share 10 dollars,10.0,0.1052631578947368,9.122438430786133
x-ai/grok-4.1-fast,dictator,76,63,1,I share 5 dollars,5.0,0.0793650793650793,8.924482107162476
x-ai/grok-4.1-fast,dictator,76,63,2,I share 0 dollars,0.0,0.0,4.643800258636475
x-ai/grok-4.1-fast,dictator,76,63,3,I share 0 dollars,0.0,0.0,24.03039050102234
x-ai/grok-4.1-fast,dictator,76,144,1,I share 0 dollars,0.0,0.0,13.815736532211304
x-ai/grok-4.1-fast,dictator,76,144,2,I share 1 dollars,1.0,0.0069444444444444,12.511086463928224
x-ai/grok-4.1-fast,dictator,76,144,3,I share 5 dollars,5.0,0.0347222222222222,10.049176216125488
x-ai/grok-4.1-fast,dictator,76,217,1,I share 0 dollars,0.0,0.0,8.321910381317139
x-ai/grok-4.1-fast,dictator,76,217,2,I share 15 dollars,15.0,0.0691244239631336,13.259243488311768
x-ai/grok-4.1-fast,dictator,76,217,3,I share 0 dollars,0.0,0.0,8.340162754058838
x-ai/grok-4.1-fast,dictator,76,328,1,I share 0 dollars,0.0,0.0,11.733783721923828
x-ai/grok-4.1-fast,dictator,76,328,2,I share 0 dollars,0.0,0.0,11.204433679580688
x-ai/grok-4.1-fast,dictator,76,328,3,I share 20 dollars,20.0,0.0609756097560975,18.69917845726013
x-ai/grok-4.1-fast,dictator,76,496,1,I share 60 dollars,60.0,0.1209677419354838,15.871717929840088
x-ai/grok-4.1-fast,dictator,76,496,2,I share 10 dollars,10.0,0.0201612903225806,9.85439682006836
x-ai/grok-4.1-fast,dictator,76,496,3,I share 20 dollars,20.0,0.0403225806451612,12.374383687973022
x-ai/grok-4.1-fast,dictator,76,1717,1,I share 0 dollars,0.0,0.0,5.587880611419678
x-ai/grok-4.1-fast,dictator,76,1717,2,I share 215 dollars,215.0,0.1252184041933605,16.615039110183716
x-ai/grok-4.1-fast,dictator,76,1717,3,I share 0 dollars,0.0,0.0,6.97745943069458
x-ai/grok-4.1-fast,dictator,76,1135,1,I share 10 dollars,10.0,0.0088105726872246,7.418316602706909
x-ai/grok-4.1-fast,dictator,76,1135,2,I share 50 dollars,50.0,0.0440528634361233,13.248701333999634
x-ai/grok-4.1-fast,dictator,76,1135,3,I share 0 dollars,0.0,0.0,11.243898868560793
x-ai/grok-4.1-fast,dictator,76,751,1,I share 50 dollars,50.0,0.066577896138482,10.11271834373474
x-ai/grok-4.1-fast,dictator,76,751,2,I share 50 dollars,50.0,0.066577896138482,16.474319458007812
x-ai/grok-4.1-fast,dictator,76,751,3,I share 50 dollars,50.0,0.066577896138482,12.623098611831663
x-ai/grok-4.1-fast,dictator,76,2596,1,I share 100 dollars,100.0,0.0385208012326656,8.720554113388062
x-ai/grok-4.1-fast,dictator,76,2596,2,I share 0 dollars,0.0,0.0,13.084420680999756
x-ai/grok-4.1-fast,dictator,76,2596,3,I share 0 dollars,0.0,0.0,11.796263933181764
x-ai/grok-4.1-fast,dictator,76,3926,1,I share 0 dollars,0.0,0.0,15.152808427810667
x-ai/grok-4.1-fast,dictator,76,3926,2,I share 0 dollars,0.0,0.0,7.632756471633911
x-ai/grok-4.1-fast,dictator,76,3926,3,I share 0 dollars,0.0,0.0,6.577881574630737
x-ai/grok-4.1-fast,dictator,76,20531,1,I share 100 dollars,100.0,0.0048706833568749,8.901113510131836
x-ai/grok-4.1-fast,dictator,76,20531,2,I share 0 dollars,0.0,0.0,10.754153728485107
x-ai/grok-4.1-fast,dictator,76,20531,3,I share 0 dollars,0.0,0.0,6.939128875732422
x-ai/grok-4.1-fast,dictator,76,8979,1,I share 0 dollars,0.0,0.0,12.671096801757812
x-ai/grok-4.1-fast,dictator,76,8979,2,I share 100 dollars,100.0,0.0111370976723465,13.354047775268556
x-ai/grok-4.1-fast,dictator,76,8979,3,I share 100 dollars,100.0,0.0111370976723465,7.492122650146484
x-ai/grok-4.1-fast,dictator,76,13578,1,I share 0 dollars,0.0,0.0,18.64384770393372
x-ai/grok-4.1-fast,dictator,76,13578,2,I share 0 dollars,0.0,0.0,8.551909685134888
x-ai/grok-4.1-fast,dictator,76,13578,3,I share 500 dollars,500.0,0.0368242745617911,8.295660972595215
x-ai/grok-4.1-fast,dictator,76,31054,1,I share 0 dollars.,0.0,0.0,9.34431266784668
x-ai/grok-4.1-fast,dictator,76,31054,2,I share 0 dollars,0.0,0.0,7.608772754669189
x-ai/grok-4.1-fast,dictator,76,31054,3,I share 0 dollars,0.0,0.0,13.226878881454468
x-ai/grok-4.1-fast,dictator,76,5938,1,I share 100 dollars,100.0,0.0168406871000336,14.131141901016235
x-ai/grok-4.1-fast,dictator,76,5938,2,I share 0 dollars,0.0,0.0,19.28526949882508
x-ai/grok-4.1-fast,dictator,76,5938,3,I share 0 dollars,0.0,0.0,10.02239751815796
x-ai/grok-4.1-fast,dictator,76,46962,1,I share 0 dollars,0.0,0.0,15.28608465194702
x-ai/grok-4.1-fast,dictator,76,46962,2,I share 0 dollars.,0.0,0.0,12.53229808807373
x-ai/grok-4.1-fast,dictator,76,46962,3,I share 0 dollars,0.0,0.0,5.361207962036133
x-ai/grok-4.1-fast,dictator,76,250000,1,I share $0 dollars,0.0,0.0,7.148872137069702
x-ai/grok-4.1-fast,dictator,76,250000,2,I share 1000 dollars,1000.0,0.004,6.358355522155762
x-ai/grok-4.1-fast,dictator,76,250000,3,I share 0 dollars,0.0,0.0,6.205682516098023
x-ai/grok-4.1-fast,dictator,76,162379,1,I share 0 dollars,0.0,0.0,9.47102952003479
x-ai/grok-4.1-fast,dictator,76,162379,2,I share 1000 dollars,1000.0,0.0061584318169221,17.32437038421631
x-ai/grok-4.1-fast,dictator,76,162379,3,I share 0 dollars,0.0,0.0,6.478183269500732
x-ai/grok-4.1-fast,dictator,78,1,1,I share 0 dollars,0.0,0.0,9.399879455566406
x-ai/grok-4.1-fast,dictator,78,1,2,I share 0 dollars,0.0,0.0,9.69328260421753
x-ai/grok-4.1-fast,dictator,78,1,3,I share 0 dollars,0.0,0.0,9.816048860549929
x-ai/grok-4.1-fast,dictator,76,71000,1,I share 1000 dollars,1000.0,0.0140845070422535,11.294479608535768
x-ai/grok-4.1-fast,dictator,76,71000,2,I share 1000 dollars,1000.0,0.0140845070422535,16.6605384349823
x-ai/grok-4.1-fast,dictator,76,71000,3,I share 500 dollars,500.0,0.0070422535211267,13.17188549041748
x-ai/grok-4.1-fast,dictator,76,107392,1,I share 0 dollars,0.0,0.0,14.047993659973145
x-ai/grok-4.1-fast,dictator,76,107392,2,I share 0 dollars,0.0,0.0,6.226757526397705
x-ai/grok-4.1-fast,dictator,76,107392,3,I share 0 dollars,0.0,0.0,17.19536256790161
x-ai/grok-4.1-fast,dictator,78,2,1,I share 0 dollars,0.0,0.0,10.940810680389404
x-ai/grok-4.1-fast,dictator,78,2,2,I share 0 dollars,0.0,0.0,6.08271074295044
x-ai/grok-4.1-fast,dictator,78,2,3,I share 0 dollars,0.0,0.0,8.525420665740967
x-ai/grok-4.1-fast,dictator,78,3,1,I share 0 dollars,0.0,0.0,10.680535554885864
x-ai/grok-4.1-fast,dictator,78,3,2,I share 0 dollars,0.0,0.0,6.547689199447632
x-ai/grok-4.1-fast,dictator,78,3,3,I share 0 dollars,0.0,0.0,9.933312892913818
x-ai/grok-4.1-fast,dictator,78,10,1,I share 0 dollars,0.0,0.0,4.312235116958618
x-ai/grok-4.1-fast,dictator,78,10,2,I share 2 dollars,2.0,0.2,8.818677425384521
x-ai/grok-4.1-fast,dictator,78,10,3,I share 0 dollars,0.0,0.0,4.341931104660034
x-ai/grok-4.1-fast,dictator,78,8,1,I share 0 dollars,0.0,0.0,7.037367343902588
x-ai/grok-4.1-fast,dictator,78,8,2,I share 1 dollars,1.0,0.125,8.648547410964966
x-ai/grok-4.1-fast,dictator,78,8,3,I share 0 dollars,0.0,0.0,4.412854909896851
x-ai/grok-4.1-fast,dictator,78,5,1,I share 0 dollars,0.0,0.0,7.163919687271118
x-ai/grok-4.1-fast,dictator,78,5,2,I share 1 dollars,1.0,0.2,9.134039640426636
x-ai/grok-4.1-fast,dictator,78,5,3,I share 0 dollars,0.0,0.0,8.998003721237183
x-ai/grok-4.1-fast,dictator,78,12,1,I share 1 dollars,1.0,0.0833333333333333,8.158488988876343
x-ai/grok-4.1-fast,dictator,78,12,2,I share 0 dollars,0.0,0.0,8.745109796524048
x-ai/grok-4.1-fast,dictator,78,12,3,I share 1 dollars,1.0,0.0833333333333333,9.311367750167848
x-ai/grok-4.1-fast,dictator,78,18,1,I share 0 dollars,0.0,0.0,4.720674991607666
x-ai/grok-4.1-fast,dictator,78,18,2,I share 1 dollars,1.0,0.0555555555555555,9.114257335662842
x-ai/grok-4.1-fast,dictator,78,18,3,I share 0 dollars,0.0,0.0,9.857515335083008
x-ai/grok-4.1-fast,dictator,78,63,1,I share 1 dollars,1.0,0.0158730158730158,9.04303503036499
x-ai/grok-4.1-fast,dictator,78,63,2,I share 0 dollars,0.0,0.0,7.706049680709839
x-ai/grok-4.1-fast,dictator,78,63,3,I share 0 dollars,0.0,0.0,7.384475469589233
x-ai/grok-4.1-fast,dictator,78,27,1,I share 1 dollars,1.0,0.037037037037037,7.348284006118774
x-ai/grok-4.1-fast,dictator,78,27,2,I share 1 dollars,1.0,0.037037037037037,9.495963335037231
x-ai/grok-4.1-fast,dictator,78,27,3,I share 7 dollars,7.0,0.2592592592592592,12.19022011756897
x-ai/grok-4.1-fast,dictator,78,144,1,I share 0 dollars,0.0,0.0,7.971560716629028
x-ai/grok-4.1-fast,dictator,78,144,2,I share 10 dollars,10.0,0.0694444444444444,12.97992467880249
x-ai/grok-4.1-fast,dictator,78,144,3,I share 0 dollars,0.0,0.0,6.576937913894653
x-ai/grok-4.1-fast,dictator,78,41,1,I share 9 dollars,9.0,0.2195121951219512,19.85438203811645
x-ai/grok-4.1-fast,dictator,78,41,2,I share 0 dollars,0.0,0.0,7.922383069992065
x-ai/grok-4.1-fast,dictator,78,41,3,I share 0 dollars,0.0,0.0,9.214987516403198
x-ai/grok-4.1-fast,dictator,78,95,1,I share 0 dollars,0.0,0.0,13.715973138809204
x-ai/grok-4.1-fast,dictator,78,95,2,I share 0 dollars,0.0,0.0,11.087912797927856
x-ai/grok-4.1-fast,dictator,78,95,3,I share 0 dollars,0.0,0.0,10.3617742061615
x-ai/grok-4.1-fast,dictator,78,217,1,I share 5 dollars,5.0,0.0230414746543778,10.175371170043944
x-ai/grok-4.1-fast,dictator,78,217,2,I share 0 dollars,0.0,0.0,7.119258403778076
x-ai/grok-4.1-fast,dictator,78,217,3,I share 5 dollars,5.0,0.0230414746543778,9.790529489517212
x-ai/grok-4.1-fast,dictator,78,496,1,I share 0 dollars,0.0,0.0,10.063419342041016
x-ai/grok-4.1-fast,dictator,78,496,2,I share 0 dollars,0.0,0.0,6.998537540435791
x-ai/grok-4.1-fast,dictator,78,496,3,I share 0 dollars,0.0,0.0,5.215813636779785
x-ai/grok-4.1-fast,dictator,78,328,1,I share 0 dollars,0.0,0.0,10.845749378204346
x-ai/grok-4.1-fast,dictator,78,328,2,I share 10 dollars,10.0,0.0304878048780487,7.456885576248169
x-ai/grok-4.1-fast,dictator,78,328,3,I share 10 dollars,10.0,0.0304878048780487,11.8686101436615
x-ai/grok-4.1-fast,dictator,78,751,1,I share 0 dollars,0.0,0.0,6.7910473346710205
x-ai/grok-4.1-fast,dictator,78,751,2,I share 0 dollars,0.0,0.0,8.464056253433228
x-ai/grok-4.1-fast,dictator,78,751,3,I share 0 dollars,0.0,0.0,9.655174493789673
x-ai/grok-4.1-fast,dictator,78,1135,1,I share 0 dollars,0.0,0.0,8.383419036865234
x-ai/grok-4.1-fast,dictator,78,1135,2,I share 0 dollars,0.0,0.0,14.07488226890564
x-ai/grok-4.1-fast,dictator,78,1135,3,I share 0 dollars,0.0,0.0,7.63541579246521
x-ai/grok-4.1-fast,dictator,78,3926,1,I share 0 dollars,0.0,0.0,5.303246259689331
x-ai/grok-4.1-fast,dictator,78,3926,2,I share 0 dollars,0.0,0.0,9.300105810165403
x-ai/grok-4.1-fast,dictator,78,3926,3,I share 0 dollars,0.0,0.0,7.599003553390503
x-ai/grok-4.1-fast,dictator,78,2596,1,I share 0 dollars,0.0,0.0,15.60205078125
x-ai/grok-4.1-fast,dictator,78,2596,2,I share 0 dollars,0.0,0.0,5.366700410842896
x-ai/grok-4.1-fast,dictator,78,2596,3,I share 0 dollars,0.0,0.0,4.417068004608154
x-ai/grok-4.1-fast,dictator,78,1717,1,I share 10 dollars,10.0,0.005824111822947,8.049793720245361
x-ai/grok-4.1-fast,dictator,78,1717,2,I share 0 dollars,0.0,0.0,13.677241563796995
x-ai/grok-4.1-fast,dictator,78,1717,3,I share 0 dollars,0.0,0.0,17.74046516418457
x-ai/grok-4.1-fast,dictator,78,5938,1,I share 0 dollars,0.0,0.0,5.873151540756226
x-ai/grok-4.1-fast,dictator,78,5938,2,I share 50 dollars,50.0,0.0084203435500168,8.825249671936035
x-ai/grok-4.1-fast,dictator,78,5938,3,I share 78 dollars,78.0,0.0131357359380262,13.062785148620604
x-ai/grok-4.1-fast,dictator,78,8979,1,I share 0 dollars,0.0,0.0,5.165051698684692
x-ai/grok-4.1-fast,dictator,78,8979,2,I share 100 dollars,100.0,0.0111370976723465,12.250653982162476
x-ai/grok-4.1-fast,dictator,78,8979,3,I share 0 dollars,0.0,0.0,8.534781455993652
x-ai/grok-4.1-fast,dictator,78,20531,1,I share 0 dollars,0.0,0.0,7.90233850479126
x-ai/grok-4.1-fast,dictator,78,20531,2,I share 0 dollars,0.0,0.0,9.156402587890623
x-ai/grok-4.1-fast,dictator,78,20531,3,I share 0 dollars,0.0,0.0,7.655284404754639
x-ai/grok-4.1-fast,dictator,78,13578,1,I share 0 dollars,0.0,0.0,9.818274021148682
x-ai/grok-4.1-fast,dictator,78,13578,2,I share 0 dollars,0.0,0.0,8.674922704696655
x-ai/grok-4.1-fast,dictator,78,13578,3,I share 0 dollars,0.0,0.0,11.815177917480469
x-ai/grok-4.1-fast,dictator,78,31054,1,I share 0 dollars,0.0,0.0,12.50782585144043
x-ai/grok-4.1-fast,dictator,78,31054,2,I share 0 dollars,0.0,0.0,11.09648323059082
x-ai/grok-4.1-fast,dictator,78,31054,3,I share 0 dollars,0.0,0.0,9.385374784469604
x-ai/grok-4.1-fast,dictator,78,46962,1,I share 0 dollars,0.0,0.0,7.490671396255493
x-ai/grok-4.1-fast,dictator,78,46962,2,I share 0 dollars,0.0,0.0,6.362323522567749
x-ai/grok-4.1-fast,dictator,78,46962,3,I share 0 dollars,0.0,0.0,14.37701678276062
x-ai/grok-4.1-fast,dictator,78,107392,1,I share 0 dollars,0.0,0.0,10.410502672195436
x-ai/grok-4.1-fast,dictator,78,107392,2,I share 0 dollars,0.0,0.0,12.215723991394045
x-ai/grok-4.1-fast,dictator,78,107392,3,I share 0 dollars,0.0,0.0,8.77069616317749
x-ai/grok-4.1-fast,dictator,78,71000,1,I share 0 dollars.,0.0,0.0,14.42479372024536
x-ai/grok-4.1-fast,dictator,78,71000,2,I share 500 dollars,500.0,0.0070422535211267,9.701935291290283
x-ai/grok-4.1-fast,dictator,78,71000,3,I share 0 dollars.,0.0,0.0,15.50095009803772
x-ai/grok-4.1-fast,dictator,80,1,1,I share 0 dollars,0.0,0.0,7.743189811706543
x-ai/grok-4.1-fast,dictator,80,1,2,I share 0 dollars,0.0,0.0,6.45336127281189
x-ai/grok-4.1-fast,dictator,80,1,3,I share 0 dollars,0.0,0.0,5.942664384841919
x-ai/grok-4.1-fast,dictator,78,162379,1,I share 0 dollars,0.0,0.0,9.21905517578125
x-ai/grok-4.1-fast,dictator,78,162379,2,I share 1000 dollars,1000.0,0.0061584318169221,9.54092288017273
x-ai/grok-4.1-fast,dictator,78,162379,3,I share 0 dollars,0.0,0.0,10.857017993927002
x-ai/grok-4.1-fast,dictator,78,250000,1,I share 0 dollars,0.0,0.0,22.39399003982544
x-ai/grok-4.1-fast,dictator,78,250000,2,I share 0 dollars,0.0,0.0,5.843838453292847
x-ai/grok-4.1-fast,dictator,78,250000,3,I share 1000 dollars,1000.0,0.004,7.688595771789551
x-ai/grok-4.1-fast,dictator,80,2,1,I share 0 dollars,0.0,0.0,8.809003114700317
x-ai/grok-4.1-fast,dictator,80,2,2,I share 0 dollars,0.0,0.0,9.347047090530396
x-ai/grok-4.1-fast,dictator,80,2,3,I share 0 dollars,0.0,0.0,10.167558908462524
x-ai/grok-4.1-fast,dictator,80,3,1,I share 0 dollars,0.0,0.0,5.020379543304443
x-ai/grok-4.1-fast,dictator,80,3,2,I share 0 dollars,0.0,0.0,7.78907585144043
x-ai/grok-4.1-fast,dictator,80,3,3,I share 0 dollars,0.0,0.0,14.787985563278198
x-ai/grok-4.1-fast,dictator,80,10,1,I share 0 dollars,0.0,0.0,4.288757801055908
x-ai/grok-4.1-fast,dictator,80,10,2,I share 0 dollars,0.0,0.0,7.259297132492065
x-ai/grok-4.1-fast,dictator,80,10,3,I share 1 dollars,1.0,0.1,10.874138593673706
x-ai/grok-4.1-fast,dictator,80,8,1,I share 1 dollars,1.0,0.125,4.896704435348511
x-ai/grok-4.1-fast,dictator,80,8,2,I share 1 dollars,1.0,0.125,8.373035430908203
x-ai/grok-4.1-fast,dictator,80,8,3,I share 1 dollars,1.0,0.125,9.728503704071043
x-ai/grok-4.1-fast,dictator,80,5,1,I share 0 dollars,0.0,0.0,6.641865968704224
x-ai/grok-4.1-fast,dictator,80,5,2,I share 0 dollars,0.0,0.0,7.176156997680664
x-ai/grok-4.1-fast,dictator,80,5,3,I share 0 dollars,0.0,0.0,11.028110265731812
x-ai/grok-4.1-fast,dictator,80,18,1,I share 2 dollars,2.0,0.1111111111111111,11.60664987564087
x-ai/grok-4.1-fast,dictator,80,18,2,I share 2 dollars,2.0,0.1111111111111111,10.916189670562744
x-ai/grok-4.1-fast,dictator,80,18,3,I share 1 dollars,1.0,0.0555555555555555,5.950799942016602
x-ai/grok-4.1-fast,dictator,80,12,1,I share 1 dollars,1.0,0.0833333333333333,15.798657655715942
x-ai/grok-4.1-fast,dictator,80,12,2,I share 1 dollars,1.0,0.0833333333333333,8.235049724578857
x-ai/grok-4.1-fast,dictator,80,12,3,I share 1 dollars,1.0,0.0833333333333333,8.893378257751465
x-ai/grok-4.1-fast,dictator,80,27,1,I share 0 dollars,0.0,0.0,12.050906896591188
x-ai/grok-4.1-fast,dictator,80,27,2,I share 0 dollars,0.0,0.0,6.430509567260742
x-ai/grok-4.1-fast,dictator,80,27,3,I share 1 dollars,1.0,0.037037037037037,5.937539339065552
x-ai/grok-4.1-fast,dictator,80,41,1,I share 8 dollars,8.0,0.1951219512195122,6.718291521072388
x-ai/grok-4.1-fast,dictator,80,41,2,I share 4 dollars,4.0,0.0975609756097561,8.898033142089844
x-ai/grok-4.1-fast,dictator,80,41,3,I share 0 dollars,0.0,0.0,8.650388956069946
x-ai/grok-4.1-fast,dictator,80,95,1,I share 0 dollars,0.0,0.0,9.704611539840698
x-ai/grok-4.1-fast,dictator,80,95,2,I share 0 dollars,0.0,0.0,10.571156978607178
x-ai/grok-4.1-fast,dictator,80,95,3,I share 5 dollars,5.0,0.0526315789473684,10.578071117401125
x-ai/grok-4.1-fast,dictator,80,63,1,I share 0 dollars,0.0,0.0,11.788023710250854
x-ai/grok-4.1-fast,dictator,80,63,2,I share 0 dollars,0.0,0.0,8.176252603530884
x-ai/grok-4.1-fast,dictator,80,63,3,I share 5 dollars,5.0,0.0793650793650793,12.467615127563477
x-ai/grok-4.1-fast,dictator,80,328,1,I share 10 dollars.,10.0,0.0304878048780487,8.26838493347168
x-ai/grok-4.1-fast,dictator,80,328,2,I share 0 dollars,0.0,0.0,10.206970930099487
x-ai/grok-4.1-fast,dictator,80,328,3,I share 5 dollars,5.0,0.0152439024390243,7.133055686950684
x-ai/grok-4.1-fast,dictator,80,144,1,I share 1 dollars.,1.0,0.0069444444444444,7.311085224151611
x-ai/grok-4.1-fast,dictator,80,144,2,I share 15 dollars,15.0,0.1041666666666666,19.13062357902527
x-ai/grok-4.1-fast,dictator,80,144,3,I share 0 dollars,0.0,0.0,5.640456438064575
x-ai/grok-4.1-fast,dictator,80,217,1,I share 0 dollars,0.0,0.0,10.607266902923584
x-ai/grok-4.1-fast,dictator,80,217,2,I share 20 dollars,20.0,0.0921658986175115,14.111573696136476
x-ai/grok-4.1-fast,dictator,80,217,3,I share 20 dollars,20.0,0.0921658986175115,7.230176210403442
x-ai/grok-4.1-fast,dictator,80,496,1,I share 10 dollars,10.0,0.0201612903225806,8.504461526870728
x-ai/grok-4.1-fast,dictator,80,496,2,I share 0 dollars,0.0,0.0,10.084179401397703
x-ai/grok-4.1-fast,dictator,80,496,3,I share 1 dollars,1.0,0.002016129032258,8.398049354553223
x-ai/grok-4.1-fast,dictator,80,1135,1,I share 0 dollars,0.0,0.0,6.955029010772705
x-ai/grok-4.1-fast,dictator,80,1135,2,I share 0 dollars,0.0,0.0,9.234375715255736
x-ai/grok-4.1-fast,dictator,80,1135,3,I share 50 dollars,50.0,0.0440528634361233,10.30090069770813
x-ai/grok-4.1-fast,dictator,80,751,1,I share 0 dollars,0.0,0.0,12.689242839813232
x-ai/grok-4.1-fast,dictator,80,751,2,I share 0 dollars,0.0,0.0,4.0034801959991455
x-ai/grok-4.1-fast,dictator,80,751,3,I share 0 dollars,0.0,0.0,15.1284339427948
x-ai/grok-4.1-fast,dictator,80,2596,1,I share 0 dollars,0.0,0.0,7.434384107589722
x-ai/grok-4.1-fast,dictator,80,2596,2,I share 0 dollars,0.0,0.0,11.067970514297484
x-ai/grok-4.1-fast,dictator,80,2596,3,I share 0 dollars,0.0,0.0,7.066753149032593
x-ai/grok-4.1-fast,dictator,80,5938,1,I share 0 dollars,0.0,0.0,7.14189600944519
x-ai/grok-4.1-fast,dictator,80,5938,2,I share 0 dollars,0.0,0.0,9.493720531463625
x-ai/grok-4.1-fast,dictator,80,5938,3,I share 0 dollars,0.0,0.0,8.933860540390015
x-ai/grok-4.1-fast,dictator,80,1717,1,I share 0 dollars,0.0,0.0,10.73347234725952
x-ai/grok-4.1-fast,dictator,80,1717,2,I share 20 dollars,20.0,0.011648223645894,7.776669263839722
x-ai/grok-4.1-fast,dictator,80,1717,3,I share 0 dollars,0.0,0.0,11.413317918777466
x-ai/grok-4.1-fast,dictator,80,8979,1,I share 50 dollars,50.0,0.0055685488361732,7.765359878540039
x-ai/grok-4.1-fast,dictator,80,8979,2,I share 0 dollars,0.0,0.0,8.522000312805176
x-ai/grok-4.1-fast,dictator,80,8979,3,I share 100 dollars,100.0,0.0111370976723465,9.68485140800476
x-ai/grok-4.1-fast,dictator,80,3926,1,I share 0 dollars,0.0,0.0,19.49013900756836
x-ai/grok-4.1-fast,dictator,80,3926,2,I share 20 dollars,20.0,0.0050942435048395,14.089760541915894
x-ai/grok-4.1-fast,dictator,80,3926,3,I share 100 dollars,100.0,0.0254712175241976,17.21090006828308
x-ai/grok-4.1-fast,dictator,80,20531,1,I share 0 dollars,0.0,0.0,7.03352689743042
x-ai/grok-4.1-fast,dictator,80,20531,2,I share 0 dollars,0.0,0.0,5.3596107959747314
x-ai/grok-4.1-fast,dictator,80,20531,3,I share 500 dollars,500.0,0.0243534167843748,13.736907482147217
x-ai/grok-4.1-fast,dictator,80,13578,1,I share 0 dollars,0.0,0.0,19.20601797103882
x-ai/grok-4.1-fast,dictator,80,13578,2,I share 0 dollars,0.0,0.0,9.376817226409912
x-ai/grok-4.1-fast,dictator,80,13578,3,I share 0 dollars,0.0,0.0,13.17562460899353
x-ai/grok-4.1-fast,dictator,80,31054,1,I share 0 dollars,0.0,0.0,8.027210235595703
x-ai/grok-4.1-fast,dictator,80,31054,2,I share 1000 dollars,1000.0,0.0322019707606105,16.434951543807983
x-ai/grok-4.1-fast,dictator,80,31054,3,I share 0 dollars,0.0,0.0,8.665030479431152
x-ai/grok-4.1-fast,dictator,80,46962,1,I share 0 dollars,0.0,0.0,13.021135568618774
x-ai/grok-4.1-fast,dictator,80,46962,2,I share 0 dollars,0.0,0.0,11.444855213165283
x-ai/grok-4.1-fast,dictator,80,46962,3,I share 0 dollars,0.0,0.0,7.910276174545288
x-ai/grok-4.1-fast,dictator,80,71000,1,I share 2000 dollars,2000.0,0.028169014084507,12.84399127960205
x-ai/grok-4.1-fast,dictator,80,71000,2,I share 1000 dollars,1000.0,0.0140845070422535,10.895839929580688
x-ai/grok-4.1-fast,dictator,80,71000,3,I share 1000 dollars,1000.0,0.0140845070422535,7.9299657344818115
x-ai/grok-4.1-fast,dictator,80,107392,1,I share 0 dollars,0.0,0.0,11.280210971832275
x-ai/grok-4.1-fast,dictator,80,107392,2,I share 0 dollars,0.0,0.0,7.776480674743652
x-ai/grok-4.1-fast,dictator,80,107392,3,I share 0 dollars,0.0,0.0,11.82720160484314
x-ai/grok-4.1-fast,dictator,82,1,1,I share 0 dollars,0.0,0.0,5.408984661102295
x-ai/grok-4.1-fast,dictator,82,1,2,I share 0 dollars,0.0,0.0,9.88534379005432
x-ai/grok-4.1-fast,dictator,82,1,3,I share 0 dollars,0.0,0.0,9.743093967437744
x-ai/grok-4.1-fast,dictator,80,162379,1,I share 0 dollars,0.0,0.0,8.42388916015625
x-ai/grok-4.1-fast,dictator,80,162379,2,I share 1000 dollars,1000.0,0.0061584318169221,18.72465181350708
x-ai/grok-4.1-fast,dictator,80,162379,3,I share 0 dollars,0.0,0.0,7.439613342285156
x-ai/grok-4.1-fast,dictator,82,2,1,I share 0 dollars,0.0,0.0,5.071237087249756
x-ai/grok-4.1-fast,dictator,82,2,2,I share 0 dollars,0.0,0.0,9.826948404312134
x-ai/grok-4.1-fast,dictator,82,2,3,I share 0 dollars,0.0,0.0,12.838003396987917
x-ai/grok-4.1-fast,dictator,82,3,1,I share 0 dollars,0.0,0.0,7.797281265258789
x-ai/grok-4.1-fast,dictator,82,3,2,I share 0 dollars,0.0,0.0,10.55604863166809
x-ai/grok-4.1-fast,dictator,82,3,3,I share 0 dollars,0.0,0.0,5.2691686153411865
x-ai/grok-4.1-fast,dictator,80,250000,1,I share 1000 dollars,1000.0,0.004,16.203389644622803
x-ai/grok-4.1-fast,dictator,80,250000,2,I share 0 dollars,0.0,0.0,10.363943815231323
x-ai/grok-4.1-fast,dictator,80,250000,3,I share 1000 dollars,1000.0,0.004,15.262825012207031
x-ai/grok-4.1-fast,dictator,82,8,1,I share 0 dollars,0.0,0.0,7.500283718109131
x-ai/grok-4.1-fast,dictator,82,8,2,I share 0 dollars,0.0,0.0,6.529661178588867
x-ai/grok-4.1-fast,dictator,82,8,3,I share 0 dollars,0.0,0.0,9.625776052474976
x-ai/grok-4.1-fast,dictator,82,5,1,I share 1 dollars,1.0,0.2,12.109203577041626
x-ai/grok-4.1-fast,dictator,82,5,2,I share 0 dollars,0.0,0.0,16.774051904678345
x-ai/grok-4.1-fast,dictator,82,5,3,I share 0 dollars,0.0,0.0,14.524756908416748
x-ai/grok-4.1-fast,dictator,82,12,1,I share 0 dollars,0.0,0.0,9.410370349884031
x-ai/grok-4.1-fast,dictator,82,12,2,I share 1 dollars,1.0,0.0833333333333333,11.36312770843506
x-ai/grok-4.1-fast,dictator,82,12,3,I share 1 dollars,1.0,0.0833333333333333,16.962553024291992
x-ai/grok-4.1-fast,dictator,82,10,1,I share 1 dollars,1.0,0.1,8.49172067642212
x-ai/grok-4.1-fast,dictator,82,10,2,I share 0 dollars,0.0,0.0,15.33253574371338
x-ai/grok-4.1-fast,dictator,82,10,3,I share 1 dollars,1.0,0.1,17.257159948349
x-ai/grok-4.1-fast,dictator,82,18,1,I share 0 dollars,0.0,0.0,7.39425778388977
x-ai/grok-4.1-fast,dictator,82,18,2,I share 2 dollars,2.0,0.1111111111111111,12.476353645324709
x-ai/grok-4.1-fast,dictator,82,18,3,I share 1 dollars,1.0,0.0555555555555555,18.12243723869324
x-ai/grok-4.1-fast,dictator,82,27,1,I share 1 dollars,1.0,0.037037037037037,12.857345342636108
x-ai/grok-4.1-fast,dictator,82,27,2,I share 0 dollars,0.0,0.0,16.11130404472351
x-ai/grok-4.1-fast,dictator,82,27,3,I share 0 dollars,0.0,0.0,6.826313018798828
x-ai/grok-4.1-fast,dictator,82,41,1,I share 0 dollars,0.0,0.0,4.611146688461304
x-ai/grok-4.1-fast,dictator,82,41,2,I share 4 dollars,4.0,0.0975609756097561,15.710337162017822
x-ai/grok-4.1-fast,dictator,82,41,3,I share 1 dollars,1.0,0.024390243902439,8.495149612426758
x-ai/grok-4.1-fast,dictator,82,63,1,I share 2 dollars,2.0,0.0317460317460317,7.260833263397217
x-ai/grok-4.1-fast,dictator,82,63,2,I share 5 dollars,5.0,0.0793650793650793,7.993073463439941
x-ai/grok-4.1-fast,dictator,82,63,3,I share 0 dollars,0.0,0.0,6.270704030990601
x-ai/grok-4.1-fast,dictator,82,95,1,I share 0 dollars,0.0,0.0,7.569252014160156
x-ai/grok-4.1-fast,dictator,82,95,2,I share 5 dollars,5.0,0.0526315789473684,14.973316431045532
x-ai/grok-4.1-fast,dictator,82,95,3,I share 0 dollars,0.0,0.0,8.964022397994995
x-ai/grok-4.1-fast,dictator,82,217,1,I share 0 dollars,0.0,0.0,8.653360366821289
x-ai/grok-4.1-fast,dictator,82,217,2,I share 0 dollars,0.0,0.0,8.544734954833984
x-ai/grok-4.1-fast,dictator,82,217,3,I share 0 dollars,0.0,0.0,13.071677207946776
x-ai/grok-4.1-fast,dictator,82,496,1,I share 0 dollars,0.0,0.0,6.66743803024292
x-ai/grok-4.1-fast,dictator,82,496,2,I share 0 dollars,0.0,0.0,11.960903882980348
x-ai/grok-4.1-fast,dictator,82,496,3,I share 0 dollars,0.0,0.0,5.845113754272461
x-ai/grok-4.1-fast,dictator,82,328,1,I share 0 dollars,0.0,0.0,5.263962745666504
x-ai/grok-4.1-fast,dictator,82,328,2,I share 0 dollars,0.0,0.0,8.439708232879639
x-ai/grok-4.1-fast,dictator,82,328,3,I share 0 dollars,0.0,0.0,15.429018020629885
x-ai/grok-4.1-fast,dictator,82,144,1,I share 0 dollars,0.0,0.0,14.524287939071655
x-ai/grok-4.1-fast,dictator,82,144,2,I share 0 dollars,0.0,0.0,19.444759607315063
x-ai/grok-4.1-fast,dictator,82,144,3,I share 0 dollars,0.0,0.0,10.156675577163696
x-ai/grok-4.1-fast,dictator,82,751,1,I share 0 dollars,0.0,0.0,9.59067177772522
x-ai/grok-4.1-fast,dictator,82,751,2,I share 1 dollars,1.0,0.0013315579227696,13.409246921539308
x-ai/grok-4.1-fast,dictator,82,751,3,I share 82 dollars,82.0,0.1091877496671105,11.26012897491455
x-ai/grok-4.1-fast,dictator,82,1135,1,I share 10 dollars,10.0,0.0088105726872246,6.7411720752716064
x-ai/grok-4.1-fast,dictator,82,1135,2,I share 20 dollars,20.0,0.0176211453744493,8.267802000045776
x-ai/grok-4.1-fast,dictator,82,1135,3,I share 0 dollars,0.0,0.0,12.643255949020386
x-ai/grok-4.1-fast,dictator,82,3926,1,I share 0 dollars,0.0,0.0,8.86587929725647
x-ai/grok-4.1-fast,dictator,82,3926,2,I share 0 dollars,0.0,0.0,8.383450269699097
x-ai/grok-4.1-fast,dictator,82,3926,3,I share 0 dollars,0.0,0.0,11.977063417434692
x-ai/grok-4.1-fast,dictator,82,1717,1,I share 0 dollars,0.0,0.0,7.565842151641846
x-ai/grok-4.1-fast,dictator,82,1717,2,I share 0 dollars,0.0,0.0,17.872320413589478
x-ai/grok-4.1-fast,dictator,82,1717,3,I share 0 dollars,0.0,0.0,7.412190914154053
x-ai/grok-4.1-fast,dictator,82,2596,1,I share 82 dollars.,82.0,0.0315870570107858,18.51485013961792
x-ai/grok-4.1-fast,dictator,82,2596,2,I share 0 dollars,0.0,0.0,12.284834623336792
x-ai/grok-4.1-fast,dictator,82,2596,3,I share 10 dollars,10.0,0.0038520801232665,8.412141799926758
x-ai/grok-4.1-fast,dictator,82,5938,1,I share 0 dollars,0.0,0.0,9.818517208099363
x-ai/grok-4.1-fast,dictator,82,5938,2,I share 0 dollars,0.0,0.0,8.359398365020752
x-ai/grok-4.1-fast,dictator,82,5938,3,I share 100 dollars,100.0,0.0168406871000336,12.702019691467283
x-ai/grok-4.1-fast,dictator,82,8979,1,I share 0 dollars,0.0,0.0,7.265597581863403
x-ai/grok-4.1-fast,dictator,82,8979,2,I share 0 dollars,0.0,0.0,5.841952562332153
x-ai/grok-4.1-fast,dictator,82,8979,3,I share 0 dollars,0.0,0.0,12.921300888061523
x-ai/grok-4.1-fast,dictator,82,13578,1,I share 0 dollars,0.0,0.0,8.94652247428894
x-ai/grok-4.1-fast,dictator,82,13578,2,I share 0 dollars,0.0,0.0,9.612372398376465
x-ai/grok-4.1-fast,dictator,82,13578,3,I share 0 dollars,0.0,0.0,6.318866014480591
x-ai/grok-4.1-fast,dictator,82,20531,1,I share 0 dollars,0.0,0.0,7.854809761047363
x-ai/grok-4.1-fast,dictator,82,20531,2,I share 0 dollars,0.0,0.0,6.192712306976318
x-ai/grok-4.1-fast,dictator,82,20531,3,I share 0 dollars,0.0,0.0,6.8926379680633545
x-ai/grok-4.1-fast,dictator,82,31054,1,I share 0 dollars,0.0,0.0,13.989286661148071
x-ai/grok-4.1-fast,dictator,82,31054,2,I share 0 dollars,0.0,0.0,8.721545219421387
x-ai/grok-4.1-fast,dictator,82,31054,3,I share 0 dollars,0.0,0.0,9.082963705062866
x-ai/grok-4.1-fast,dictator,82,46962,1,I share 0 dollars,0.0,0.0,8.607882499694824
x-ai/grok-4.1-fast,dictator,82,46962,2,I share 0 dollars,0.0,0.0,10.72756052017212
x-ai/grok-4.1-fast,dictator,82,46962,3,I share 0 dollars,0.0,0.0,9.353484630584717
x-ai/grok-4.1-fast,dictator,82,71000,1,I share 0 dollars,0.0,0.0,14.166823387145996
x-ai/grok-4.1-fast,dictator,82,71000,2,I share 0 dollars,0.0,0.0,11.286821842193604
x-ai/grok-4.1-fast,dictator,82,71000,3,I share 500 dollars,500.0,0.0070422535211267,15.526974439620972
x-ai/grok-4.1-fast,dictator,82,107392,1,I share 0 dollars,0.0,0.0,7.218923330307007
x-ai/grok-4.1-fast,dictator,82,107392,2,I share 0 dollars,0.0,0.0,7.911886930465698
x-ai/grok-4.1-fast,dictator,82,107392,3,I share 0 dollars,0.0,0.0,28.06489324569702
x-ai/grok-4.1-fast,dictator,82,250000,1,I share 0 dollars,0.0,0.0,9.662935733795166
x-ai/grok-4.1-fast,dictator,82,250000,2,I share 0 dollars,0.0,0.0,20.602768659591675
x-ai/grok-4.1-fast,dictator,82,250000,3,I share 1000 dollars,1000.0,0.004,10.21388864517212
x-ai/grok-4.1-fast,dictator,84,2,1,I share 0 dollars,0.0,0.0,9.974429368972778
x-ai/grok-4.1-fast,dictator,84,2,2,I share 0 dollars,0.0,0.0,13.022169828414915
x-ai/grok-4.1-fast,dictator,84,2,3,I share 0 dollars,0.0,0.0,5.195552110671997
x-ai/grok-4.1-fast,dictator,82,162379,1,I share 0 dollars,0.0,0.0,11.707143545150757
x-ai/grok-4.1-fast,dictator,82,162379,2,I share 0 dollars,0.0,0.0,22.91795039176941
x-ai/grok-4.1-fast,dictator,82,162379,3,I share 1000 dollars,1000.0,0.0061584318169221,15.999471187591553
x-ai/grok-4.1-fast,dictator,84,1,1,I share 0 dollars,0.0,0.0,17.15781593322754
x-ai/grok-4.1-fast,dictator,84,1,2,I share 0 dollars,0.0,0.0,7.55841588973999
x-ai/grok-4.1-fast,dictator,84,1,3,I share 0 dollars,0.0,0.0,13.527392387390137
x-ai/grok-4.1-fast,dictator,84,3,1,I share 0 dollars,0.0,0.0,10.096587657928469
x-ai/grok-4.1-fast,dictator,84,3,2,I share 0 dollars,0.0,0.0,4.789679050445557
x-ai/grok-4.1-fast,dictator,84,3,3,I share 0 dollars,0.0,0.0,7.801572561264038
x-ai/grok-4.1-fast,dictator,84,8,1,I share 0 dollars,0.0,0.0,5.435745477676392
x-ai/grok-4.1-fast,dictator,84,8,2,I share 0 dollars,0.0,0.0,7.7096076011657715
x-ai/grok-4.1-fast,dictator,84,8,3,I share 0 dollars,0.0,0.0,4.157190561294556
x-ai/grok-4.1-fast,dictator,84,5,1,I share 0 dollars,0.0,0.0,9.478542804718018
x-ai/grok-4.1-fast,dictator,84,5,2,I share 0 dollars,0.0,0.0,4.635164976119995
x-ai/grok-4.1-fast,dictator,84,5,3,I share 0 dollars,0.0,0.0,6.164047479629517
x-ai/grok-4.1-fast,dictator,84,18,1,I share 1 dollars,1.0,0.0555555555555555,10.39526915550232
x-ai/grok-4.1-fast,dictator,84,18,2,I share 0 dollars,0.0,0.0,5.207253456115723
x-ai/grok-4.1-fast,dictator,84,18,3,I share 1 dollars,1.0,0.0555555555555555,6.34298038482666
x-ai/grok-4.1-fast,dictator,84,12,1,I share 1 dollars,1.0,0.0833333333333333,11.082793951034546
x-ai/grok-4.1-fast,dictator,84,12,2,I share 1 dollars,1.0,0.0833333333333333,6.13165545463562
x-ai/grok-4.1-fast,dictator,84,12,3,I share 0 dollars,0.0,0.0,8.905779123306274
x-ai/grok-4.1-fast,dictator,84,10,1,I share 1 dollars,1.0,0.1,10.55276083946228
x-ai/grok-4.1-fast,dictator,84,10,2,I share 1 dollars,1.0,0.1,9.64006519317627
x-ai/grok-4.1-fast,dictator,84,10,3,I share 1 dollars,1.0,0.1,10.064052820205688
x-ai/grok-4.1-fast,dictator,84,41,1,I share 0 dollars,0.0,0.0,6.425759553909302
x-ai/grok-4.1-fast,dictator,84,41,2,I share 0 dollars,0.0,0.0,6.557466268539429
x-ai/grok-4.1-fast,dictator,84,41,3,I share 0 dollars,0.0,0.0,6.17021369934082
x-ai/grok-4.1-fast,dictator,84,63,1,I share 1 dollars,1.0,0.0158730158730158,7.855515241622925
x-ai/grok-4.1-fast,dictator,84,63,2,I share 0 dollars,0.0,0.0,9.884345293045044
x-ai/grok-4.1-fast,dictator,84,63,3,I share 5 dollars,5.0,0.0793650793650793,7.055370569229126
x-ai/grok-4.1-fast,dictator,84,95,1,I share 5 dollars,5.0,0.0526315789473684,6.151878118515015
x-ai/grok-4.1-fast,dictator,84,95,2,I share 5 dollars,5.0,0.0526315789473684,5.473639726638794
x-ai/grok-4.1-fast,dictator,84,95,3,I share 0 dollars,0.0,0.0,4.858439207077026
x-ai/grok-4.1-fast,dictator,84,27,1,I share 1 dollars,1.0,0.037037037037037,12.06963324546814
x-ai/grok-4.1-fast,dictator,84,27,2,I share 1 dollars,1.0,0.037037037037037,11.454458713531494
x-ai/grok-4.1-fast,dictator,84,27,3,I share 0 dollars,0.0,0.0,10.075443029403688
x-ai/grok-4.1-fast,dictator,84,328,1,I share 0 dollars,0.0,0.0,7.177497625350952
x-ai/grok-4.1-fast,dictator,84,328,2,I share 0 dollars,0.0,0.0,3.736593246459961
x-ai/grok-4.1-fast,dictator,84,328,3,I share 0 dollars,0.0,0.0,14.026968479156494
x-ai/grok-4.1-fast,dictator,84,217,1,I share 10 dollars,10.0,0.0460829493087557,9.62385630607605
x-ai/grok-4.1-fast,dictator,84,217,2,I share 0 dollars,0.0,0.0,6.188354730606079
x-ai/grok-4.1-fast,dictator,84,217,3,I share 20 dollars,20.0,0.0921658986175115,13.561145305633543
x-ai/grok-4.1-fast,dictator,84,496,1,I share 0 dollars,0.0,0.0,11.779386281967165
x-ai/grok-4.1-fast,dictator,84,496,2,I share 0 dollars,0.0,0.0,8.319086790084839
x-ai/grok-4.1-fast,dictator,84,496,3,I share 0 dollars,0.0,0.0,7.730932712554932
x-ai/grok-4.1-fast,dictator,84,144,1,I share 10 dollars,10.0,0.0694444444444444,12.865576982498167
x-ai/grok-4.1-fast,dictator,84,144,2,I share 1 dollars,1.0,0.0069444444444444,17.68890380859375
x-ai/grok-4.1-fast,dictator,84,144,3,I share 0 dollars,0.0,0.0,9.61888551712036
x-ai/grok-4.1-fast,dictator,84,2596,1,I share 0 dollars,0.0,0.0,10.388885974884031
x-ai/grok-4.1-fast,dictator,84,2596,2,I share 0 dollars,0.0,0.0,9.204612493515016
x-ai/grok-4.1-fast,dictator,84,2596,3,I share 0 dollars,0.0,0.0,7.842612504959106
x-ai/grok-4.1-fast,dictator,84,1135,1,I share 50 dollars,50.0,0.0440528634361233,15.820040941238403
x-ai/grok-4.1-fast,dictator,84,1135,2,I share 0 dollars,0.0,0.0,17.222827434539795
x-ai/grok-4.1-fast,dictator,84,1135,3,I share 0 dollars,0.0,0.0,12.292410373687744
x-ai/grok-4.1-fast,dictator,84,1717,1,I share 0 dollars,0.0,0.0,6.640997648239136
x-ai/grok-4.1-fast,dictator,84,1717,2,I share 0 dollars,0.0,0.0,6.549513816833496
x-ai/grok-4.1-fast,dictator,84,1717,3,I share 50 dollars,50.0,0.029120559114735,19.02843403816223
x-ai/grok-4.1-fast,dictator,84,751,1,I share 1 dollars,1.0,0.0013315579227696,18.520009756088257
x-ai/grok-4.1-fast,dictator,84,751,2,I share 0 dollars,0.0,0.0,19.95833778381348
x-ai/grok-4.1-fast,dictator,84,751,3,I share 1 dollars,1.0,0.0013315579227696,8.686237096786499
x-ai/grok-4.1-fast,dictator,84,5938,1,I share 0 dollars,0.0,0.0,11.531867980957031
x-ai/grok-4.1-fast,dictator,84,5938,2,I share 0 dollars,0.0,0.0,6.119942903518677
x-ai/grok-4.1-fast,dictator,84,5938,3,I share 0 dollars,0.0,0.0,4.591488361358643
x-ai/grok-4.1-fast,dictator,84,3926,1,I share 0 dollars,0.0,0.0,21.16816139221192
x-ai/grok-4.1-fast,dictator,84,3926,2,I share 0 dollars,0.0,0.0,5.875210762023926
x-ai/grok-4.1-fast,dictator,84,3926,3,I share 0 dollars,0.0,0.0,6.7552642822265625
x-ai/grok-4.1-fast,dictator,84,8979,1,I share 0 dollars,0.0,0.0,7.655630588531494
x-ai/grok-4.1-fast,dictator,84,8979,2,I share 0 dollars,0.0,0.0,10.76819133758545
x-ai/grok-4.1-fast,dictator,84,8979,3,I share 0 dollars,0.0,0.0,4.992757081985474
x-ai/grok-4.1-fast,dictator,84,20531,1,I share 0 dollars,0.0,0.0,11.122615098953249
x-ai/grok-4.1-fast,dictator,84,20531,2,I share 0 dollars,0.0,0.0,4.978072881698608
x-ai/grok-4.1-fast,dictator,84,20531,3,I share 200 dollars,200.0,0.0097413667137499,12.355711936950684
x-ai/grok-4.1-fast,dictator,84,13578,1,I share 0 dollars,0.0,0.0,12.991802453994753
x-ai/grok-4.1-fast,dictator,84,13578,2,I share 0 dollars,0.0,0.0,7.298598051071167
x-ai/grok-4.1-fast,dictator,84,13578,3,I share 0 dollars,0.0,0.0,14.53621768951416
x-ai/grok-4.1-fast,dictator,84,46962,1,I share 0 dollars,0.0,0.0,8.621978282928467
x-ai/grok-4.1-fast,dictator,84,46962,2,I share 0 dollars,0.0,0.0,10.626590728759766
x-ai/grok-4.1-fast,dictator,84,46962,3,I share 0 dollars,0.0,0.0,12.763438940048218
x-ai/grok-4.1-fast,dictator,84,31054,1,I share 0 dollars,0.0,0.0,15.391983032226562
x-ai/grok-4.1-fast,dictator,84,31054,2,I share 0 dollars,0.0,0.0,9.448086977005005
x-ai/grok-4.1-fast,dictator,84,31054,3,I share 0 dollars,0.0,0.0,12.016929388046265
x-ai/grok-4.1-fast,dictator,84,71000,1,I share 500 dollars,500.0,0.0070422535211267,6.077193260192871
x-ai/grok-4.1-fast,dictator,84,71000,2,I share 0 dollars,0.0,0.0,5.625509738922119
x-ai/grok-4.1-fast,dictator,84,71000,3,I share 0 dollars,0.0,0.0,21.14375686645508
x-ai/grok-4.1-fast,dictator,84,107392,1,I share 0 dollars,0.0,0.0,13.50624132156372
x-ai/grok-4.1-fast,dictator,84,107392,2,I share 0 dollars,0.0,0.0,5.095249652862549
x-ai/grok-4.1-fast,dictator,84,107392,3,I share 0 dollars,0.0,0.0,4.611678123474121
x-ai/grok-4.1-fast,dictator,86,1,1,I share 0 dollars,0.0,0.0,7.442004203796387
x-ai/grok-4.1-fast,dictator,86,1,2,I share 0 dollars,0.0,0.0,3.793132066726685
x-ai/grok-4.1-fast,dictator,86,1,3,I share 0 dollars,0.0,0.0,18.120471477508545
x-ai/grok-4.1-fast,dictator,84,250000,1,I share 0 dollars,0.0,0.0,9.407371282577516
x-ai/grok-4.1-fast,dictator,84,250000,2,I share 500 dollars,500.0,0.002,5.38313627243042
x-ai/grok-4.1-fast,dictator,84,250000,3,I share 0 dollars,0.0,0.0,16.414605379104614
x-ai/grok-4.1-fast,dictator,84,162379,1,I share 100 dollars,100.0,0.0006158431816922,9.289820909500122
x-ai/grok-4.1-fast,dictator,84,162379,2,I share 0 dollars,0.0,0.0,14.981738328933716
x-ai/grok-4.1-fast,dictator,84,162379,3,I share 0 dollars,0.0,0.0,12.7299964427948
x-ai/grok-4.1-fast,dictator,86,3,1,I share 0 dollars,0.0,0.0,18.734171628952023
x-ai/grok-4.1-fast,dictator,86,3,2,I share 0 dollars,0.0,0.0,5.4091339111328125
x-ai/grok-4.1-fast,dictator,86,3,3,I share 0 dollars,0.0,0.0,3.675101757049561
x-ai/grok-4.1-fast,dictator,86,2,1,I share 0 dollars,0.0,0.0,9.810495138168337
x-ai/grok-4.1-fast,dictator,86,2,2,I share 0 dollars,0.0,0.0,16.40480637550354
x-ai/grok-4.1-fast,dictator,86,2,3,I share 0 dollars,0.0,0.0,9.27671194076538
x-ai/grok-4.1-fast,dictator,86,5,1,I share 0 dollars,0.0,0.0,20.50107741355896
x-ai/grok-4.1-fast,dictator,86,5,2,I share 0 dollars,0.0,0.0,6.546793460845947
x-ai/grok-4.1-fast,dictator,86,5,3,I share 0 dollars,0.0,0.0,7.106734275817871
x-ai/grok-4.1-fast,dictator,86,10,1,I share 0 dollars,0.0,0.0,6.329413175582886
x-ai/grok-4.1-fast,dictator,86,10,2,I share 0 dollars,0.0,0.0,8.392468214035034
x-ai/grok-4.1-fast,dictator,86,10,3,I share 1 dollars,1.0,0.1,5.111412763595581
x-ai/grok-4.1-fast,dictator,86,8,1,I share 0 dollars,0.0,0.0,8.350505113601685
x-ai/grok-4.1-fast,dictator,86,8,2,I share 0 dollars,0.0,0.0,7.90929388999939
x-ai/grok-4.1-fast,dictator,86,8,3,I share 0 dollars,0.0,0.0,8.224498987197876
x-ai/grok-4.1-fast,dictator,86,12,1,I share 0 dollars,0.0,0.0,6.375055551528931
x-ai/grok-4.1-fast,dictator,86,12,2,I share 1 dollars,1.0,0.0833333333333333,7.990542650222778
x-ai/grok-4.1-fast,dictator,86,12,3,I share 0 dollars,0.0,0.0,10.843639135360718
x-ai/grok-4.1-fast,dictator,86,27,1,I share 0 dollars,0.0,0.0,6.329970836639404
x-ai/grok-4.1-fast,dictator,86,27,2,I share 0 dollars,0.0,0.0,5.414807319641113
x-ai/grok-4.1-fast,dictator,86,27,3,I share 2 dollars,2.0,0.074074074074074,6.345219850540161
x-ai/grok-4.1-fast,dictator,86,41,1,I share 0 dollars,0.0,0.0,6.171034097671509
x-ai/grok-4.1-fast,dictator,86,41,2,I share 0 dollars,0.0,0.0,4.017032623291016
x-ai/grok-4.1-fast,dictator,86,41,3,I share 0 dollars,0.0,0.0,7.304280042648315
x-ai/grok-4.1-fast,dictator,86,18,1,I share 1 dollars,1.0,0.0555555555555555,8.489508152008057
x-ai/grok-4.1-fast,dictator,86,18,2,I share 0 dollars,0.0,0.0,9.124673843383787
x-ai/grok-4.1-fast,dictator,86,18,3,I share 0 dollars,0.0,0.0,8.640171527862549
x-ai/grok-4.1-fast,dictator,86,217,1,I share 0 dollars,0.0,0.0,8.124849319458008
x-ai/grok-4.1-fast,dictator,86,217,2,I share 0 dollars,0.0,0.0,12.512330770492554
x-ai/grok-4.1-fast,dictator,86,217,3,I share 0 dollars,0.0,0.0,7.067996263504028
x-ai/grok-4.1-fast,dictator,86,95,1,I share 5 dollars,5.0,0.0526315789473684,11.098036527633669
x-ai/grok-4.1-fast,dictator,86,95,2,I share $5 dollars,5.0,0.0526315789473684,10.598985195159912
x-ai/grok-4.1-fast,dictator,86,95,3,I share 0 dollars,0.0,0.0,8.168907403945923
x-ai/grok-4.1-fast,dictator,86,63,1,I share 10 dollars,10.0,0.1587301587301587,12.45346975326538
x-ai/grok-4.1-fast,dictator,86,63,2,I share 0 dollars,0.0,0.0,13.32872986793518
x-ai/grok-4.1-fast,dictator,86,63,3,I share 0 dollars,0.0,0.0,10.134464740753174
x-ai/grok-4.1-fast,dictator,86,328,1,I share 0 dollars,0.0,0.0,11.450897216796877
x-ai/grok-4.1-fast,dictator,86,328,2,I share 0 dollars,0.0,0.0,9.79564905166626
x-ai/grok-4.1-fast,dictator,86,328,3,I share 0 dollars,0.0,0.0,5.698238372802734
x-ai/grok-4.1-fast,dictator,86,144,1,I share 0 dollars,0.0,0.0,13.017829179763794
x-ai/grok-4.1-fast,dictator,86,144,2,I share 0 dollars,0.0,0.0,11.259099006652832
x-ai/grok-4.1-fast,dictator,86,144,3,I share 0 dollars,0.0,0.0,10.849640369415283
x-ai/grok-4.1-fast,dictator,86,496,1,I share 0 dollars,0.0,0.0,12.176598072052002
x-ai/grok-4.1-fast,dictator,86,496,2,I share 0 dollars,0.0,0.0,12.379838705062866
x-ai/grok-4.1-fast,dictator,86,496,3,I share 0 dollars,0.0,0.0,18.38698649406433
x-ai/grok-4.1-fast,dictator,86,3926,1,I share 0 dollars,0.0,0.0,12.074552297592165
x-ai/grok-4.1-fast,dictator,86,3926,2,I share 0 dollars,0.0,0.0,5.14249849319458
x-ai/grok-4.1-fast,dictator,86,3926,3,I share 0 dollars,0.0,0.0,4.140077829360962
x-ai/grok-4.1-fast,dictator,86,2596,1,I share 0 dollars,0.0,0.0,15.112446069717407
x-ai/grok-4.1-fast,dictator,86,2596,2,I share 0 dollars,0.0,0.0,4.119124174118042
x-ai/grok-4.1-fast,dictator,86,2596,3,I share 20 dollars,20.0,0.0077041602465331,8.375179052352905
x-ai/grok-4.1-fast,dictator,86,1135,1,I share 0 dollars,0.0,0.0,4.782765865325928
x-ai/grok-4.1-fast,dictator,86,1135,2,I share 0 dollars.,0.0,0.0,22.41327929496765
x-ai/grok-4.1-fast,dictator,86,1135,3,I share 0 dollars,0.0,0.0,6.93526816368103
x-ai/grok-4.1-fast,dictator,86,751,1,I share 0 dollars,0.0,0.0,8.821538209915161
x-ai/grok-4.1-fast,dictator,86,751,2,I share 100 dollars,100.0,0.133155792276964,16.174522876739502
x-ai/grok-4.1-fast,dictator,86,751,3,I share 0 dollars,0.0,0.0,16.278294801712036
x-ai/grok-4.1-fast,dictator,86,5938,1,I share 100 dollars,100.0,0.0168406871000336,8.65312147140503
x-ai/grok-4.1-fast,dictator,86,5938,2,I share 0 dollars,0.0,0.0,6.306185722351074
x-ai/grok-4.1-fast,dictator,86,5938,3,I share 0 dollars,0.0,0.0,6.658280611038208
x-ai/grok-4.1-fast,dictator,86,1717,1,I share 0 dollars,0.0,0.0,4.092296123504639
x-ai/grok-4.1-fast,dictator,86,1717,2,I share 0 dollars,0.0,0.0,30.97836184501648
x-ai/grok-4.1-fast,dictator,86,1717,3,I share 0 dollars,0.0,0.0,8.459580659866333
x-ai/grok-4.1-fast,dictator,86,8979,1,I share 50 dollars,50.0,0.0055685488361732,8.393843650817871
x-ai/grok-4.1-fast,dictator,86,8979,2,I share 0 dollars,0.0,0.0,7.29578685760498
x-ai/grok-4.1-fast,dictator,86,8979,3,I share 0 dollars,0.0,0.0,10.73429036140442
x-ai/grok-4.1-fast,dictator,86,13578,1,I share 0 dollars,0.0,0.0,13.409029960632324
x-ai/grok-4.1-fast,dictator,86,13578,2,I share 0 dollars,0.0,0.0,8.741598129272461
x-ai/grok-4.1-fast,dictator,86,13578,3,I share 0 dollars,0.0,0.0,9.375269174575806
x-ai/grok-4.1-fast,dictator,86,20531,1,I share 0 dollars,0.0,0.0,11.215338468551636
x-ai/grok-4.1-fast,dictator,86,20531,2,I share 20 dollars,20.0,0.0009741366713749,11.519533395767212
x-ai/grok-4.1-fast,dictator,86,20531,3,I share 0 dollars,0.0,0.0,10.705229997634888
x-ai/grok-4.1-fast,dictator,86,31054,1,I share 0 dollars,0.0,0.0,11.482006788253784
x-ai/grok-4.1-fast,dictator,86,31054,2,I share 0 dollars,0.0,0.0,8.476165771484375
x-ai/grok-4.1-fast,dictator,86,31054,3,I share 0 dollars,0.0,0.0,10.390573024749756
x-ai/grok-4.1-fast,dictator,86,71000,1,I share 0 dollars,0.0,0.0,10.080668926239014
x-ai/grok-4.1-fast,dictator,86,71000,2,I share 0 dollars,0.0,0.0,7.192249059677124
x-ai/grok-4.1-fast,dictator,86,71000,3,I share 0 dollars,0.0,0.0,11.538370370864868
x-ai/grok-4.1-fast,dictator,86,107392,1,I share 0 dollars,0.0,0.0,10.328409433364868
x-ai/grok-4.1-fast,dictator,86,107392,2,I share 0 dollars,0.0,0.0,5.818615198135376
x-ai/grok-4.1-fast,dictator,86,107392,3,I share 0 dollars,0.0,0.0,6.15949296951294
x-ai/grok-4.1-fast,dictator,86,162379,1,I share 0 dollars,0.0,0.0,5.530110597610474
x-ai/grok-4.1-fast,dictator,86,162379,2,I share 0 dollars,0.0,0.0,7.260433197021484
x-ai/grok-4.1-fast,dictator,86,162379,3,I share 0 dollars,0.0,0.0,9.286368608474731
x-ai/grok-4.1-fast,dictator,86,46962,1,I share 0 dollars,0.0,0.0,17.164356231689453
x-ai/grok-4.1-fast,dictator,86,46962,2,I share 0 dollars,0.0,0.0,9.688541889190674
x-ai/grok-4.1-fast,dictator,86,46962,3,I share 0 dollars,0.0,0.0,17.488261938095093
x-ai/grok-4.1-fast,dictator,88,1,1,I share 0 dollars,0.0,0.0,4.3166093826293945
x-ai/grok-4.1-fast,dictator,88,1,2,I share 0 dollars,0.0,0.0,6.143758058547974
x-ai/grok-4.1-fast,dictator,88,1,3,I share 0 dollars,0.0,0.0,9.750835657119753
x-ai/grok-4.1-fast,dictator,88,2,1,I share 0 dollars,0.0,0.0,10.527045726776125
x-ai/grok-4.1-fast,dictator,88,2,2,I share 0 dollars,0.0,0.0,8.50346851348877
x-ai/grok-4.1-fast,dictator,88,2,3,I share 0 dollars,0.0,0.0,5.217716217041016
x-ai/grok-4.1-fast,dictator,88,5,1,I share 0 dollars,0.0,0.0,6.648406982421875
x-ai/grok-4.1-fast,dictator,88,5,2,I share 0 dollars,0.0,0.0,5.179325342178345
x-ai/grok-4.1-fast,dictator,88,5,3,I share 0 dollars,0.0,0.0,5.691354990005493
x-ai/grok-4.1-fast,dictator,88,8,1,I share 0 dollars,0.0,0.0,6.267454147338867
x-ai/grok-4.1-fast,dictator,88,8,2,I share 0 dollars,0.0,0.0,5.668080806732178
x-ai/grok-4.1-fast,dictator,88,8,3,I share 1 dollars,1.0,0.125,4.654878854751587
x-ai/grok-4.1-fast,dictator,86,250000,1,I share 1000 dollars,1000.0,0.004,12.018479824066162
x-ai/grok-4.1-fast,dictator,86,250000,2,I share 1000 dollars,1000.0,0.004,19.07159662246704
x-ai/grok-4.1-fast,dictator,86,250000,3,I share 1000 dollars,1000.0,0.004,7.890107154846191
x-ai/grok-4.1-fast,dictator,88,3,1,I share 0 dollars,0.0,0.0,4.968217372894287
x-ai/grok-4.1-fast,dictator,88,3,2,I share 0 dollars,0.0,0.0,12.310220956802368
x-ai/grok-4.1-fast,dictator,88,3,3,I share 0 dollars,0.0,0.0,14.664963483810425
x-ai/grok-4.1-fast,dictator,88,10,1,I share 0 dollars,0.0,0.0,5.929394721984863
x-ai/grok-4.1-fast,dictator,88,10,2,I share 0 dollars,0.0,0.0,5.519474744796753
x-ai/grok-4.1-fast,dictator,88,10,3,I share 1 dollars,1.0,0.1,7.0277626514434814
x-ai/grok-4.1-fast,dictator,88,12,1,I share 0 dollars,0.0,0.0,4.040797710418701
x-ai/grok-4.1-fast,dictator,88,12,2,I share 0 dollars,0.0,0.0,4.610971927642822
x-ai/grok-4.1-fast,dictator,88,12,3,I share 1 dollars,1.0,0.0833333333333333,4.138011932373047
x-ai/grok-4.1-fast,dictator,88,18,1,I share 1 dollars,1.0,0.0555555555555555,6.2289628982543945
x-ai/grok-4.1-fast,dictator,88,18,2,I share 0 dollars,0.0,0.0,5.780801773071289
x-ai/grok-4.1-fast,dictator,88,18,3,I share 1 dollars,1.0,0.0555555555555555,6.518003463745117
x-ai/grok-4.1-fast,dictator,88,95,1,I share 0 dollars,0.0,0.0,4.165065765380859
x-ai/grok-4.1-fast,dictator,88,95,2,I share 0 dollars,0.0,0.0,7.738402605056763
x-ai/grok-4.1-fast,dictator,88,95,3,I share 5 dollars,5.0,0.0526315789473684,5.115359783172607
x-ai/grok-4.1-fast,dictator,88,41,1,I share 0 dollars,0.0,0.0,8.967993021011353
x-ai/grok-4.1-fast,dictator,88,41,2,I share 0 dollars,0.0,0.0,6.983040809631348
x-ai/grok-4.1-fast,dictator,88,41,3,I share 0 dollars,0.0,0.0,5.684815406799316
x-ai/grok-4.1-fast,dictator,88,27,1,I share 2 dollars,2.0,0.074074074074074,9.69706678390503
x-ai/grok-4.1-fast,dictator,88,27,2,I share 2 dollars,2.0,0.074074074074074,8.994219064712524
x-ai/grok-4.1-fast,dictator,88,27,3,I share 1 dollars,1.0,0.037037037037037,8.777139902114868
x-ai/grok-4.1-fast,dictator,88,63,1,I share 0 dollars,0.0,0.0,10.320993661880491
x-ai/grok-4.1-fast,dictator,88,63,2,I share 0 dollars,0.0,0.0,4.364582300186157
x-ai/grok-4.1-fast,dictator,88,63,3,I share 0 dollars,0.0,0.0,10.470683336257936
x-ai/grok-4.1-fast,dictator,88,144,1,I share 0 dollars,0.0,0.0,5.76435661315918
x-ai/grok-4.1-fast,dictator,88,144,2,I share 5 dollars,5.0,0.0347222222222222,7.869936227798462
x-ai/grok-4.1-fast,dictator,88,144,3,I share 1 dollars,1.0,0.0069444444444444,11.902486085891724
x-ai/grok-4.1-fast,dictator,88,217,1,I share 0 dollars,0.0,0.0,5.816283464431763
x-ai/grok-4.1-fast,dictator,88,217,2,I share 0 dollars,0.0,0.0,4.16583251953125
x-ai/grok-4.1-fast,dictator,88,217,3,I share 0 dollars,0.0,0.0,6.084282636642456
x-ai/grok-4.1-fast,dictator,88,328,1,I share 0 dollars,0.0,0.0,5.8861472606658936
x-ai/grok-4.1-fast,dictator,88,328,2,I share 20 dollars,20.0,0.0609756097560975,11.302512884140016
x-ai/grok-4.1-fast,dictator,88,328,3,I share 0 dollars,0.0,0.0,8.585161447525024
x-ai/grok-4.1-fast,dictator,88,496,1,I share 0 dollars,0.0,0.0,9.63586139678955
x-ai/grok-4.1-fast,dictator,88,496,2,I share 0 dollars,0.0,0.0,8.861551284790039
x-ai/grok-4.1-fast,dictator,88,496,3,I share 0 dollars,0.0,0.0,7.118024826049805
x-ai/grok-4.1-fast,dictator,88,751,1,I share 0 dollars,0.0,0.0,7.381139755249023
x-ai/grok-4.1-fast,dictator,88,751,2,I share 0 dollars,0.0,0.0,9.116692543029783
x-ai/grok-4.1-fast,dictator,88,751,3,I share 0 dollars,0.0,0.0,6.251089334487915
x-ai/grok-4.1-fast,dictator,88,1135,1,I share 0 dollars,0.0,0.0,4.185504913330078
x-ai/grok-4.1-fast,dictator,88,1135,2,I share 0 dollars,0.0,0.0,11.875159740447998
x-ai/grok-4.1-fast,dictator,88,1135,3,I share 0 dollars,0.0,0.0,10.133176565170288
x-ai/grok-4.1-fast,dictator,88,1717,1,I share 0 dollars,0.0,0.0,10.480794668197632
x-ai/grok-4.1-fast,dictator,88,1717,2,I share 0 dollars,0.0,0.0,6.789005279541016
x-ai/grok-4.1-fast,dictator,88,1717,3,I share 0 dollars,0.0,0.0,9.334693431854248
x-ai/grok-4.1-fast,dictator,88,2596,1,I share 0 dollars,0.0,0.0,8.56009030342102
x-ai/grok-4.1-fast,dictator,88,2596,2,I share 0 dollars,0.0,0.0,6.334482192993164
x-ai/grok-4.1-fast,dictator,88,2596,3,I share 0 dollars,0.0,0.0,10.31754469871521
x-ai/grok-4.1-fast,dictator,88,13578,1,I share 0 dollars,0.0,0.0,8.386231184005737
x-ai/grok-4.1-fast,dictator,88,13578,2,I share 0 dollars,0.0,0.0,9.81305718421936
x-ai/grok-4.1-fast,dictator,88,13578,3,I share 0 dollars,0.0,0.0,3.7254152297973633
x-ai/grok-4.1-fast,dictator,88,3926,1,I share 0 dollars,0.0,0.0,7.580266952514648
x-ai/grok-4.1-fast,dictator,88,3926,2,I share 0 dollars,0.0,0.0,10.646619081497192
x-ai/grok-4.1-fast,dictator,88,3926,3,I share 0 dollars,0.0,0.0,12.317734956741331
x-ai/grok-4.1-fast,dictator,88,8979,1,I share 1 dollars,1.0,0.0001113709767234,7.706684350967407
x-ai/grok-4.1-fast,dictator,88,8979,2,I share 0 dollars,0.0,0.0,7.913726329803467
x-ai/grok-4.1-fast,dictator,88,8979,3,I share 0 dollars.,0.0,0.0,13.702139854431152
x-ai/grok-4.1-fast,dictator,88,5938,1,I share 0 dollars,0.0,0.0,8.561444282531738
x-ai/grok-4.1-fast,dictator,88,5938,2,I share 100 dollars,100.0,0.0168406871000336,12.397273778915403
x-ai/grok-4.1-fast,dictator,88,5938,3,I share 0 dollars,0.0,0.0,9.530418157577516
x-ai/grok-4.1-fast,dictator,88,20531,1,I share 0 dollars,0.0,0.0,5.454241037368774
x-ai/grok-4.1-fast,dictator,88,20531,2,I share 0 dollars,0.0,0.0,10.33797311782837
x-ai/grok-4.1-fast,dictator,88,20531,3,I share 0 dollars,0.0,0.0,6.1785032749176025
x-ai/grok-4.1-fast,dictator,88,31054,1,I share 0 dollars,0.0,0.0,6.018131971359253
x-ai/grok-4.1-fast,dictator,88,31054,2,I share 100 dollars,100.0,0.003220197076061,19.78971529006958
x-ai/grok-4.1-fast,dictator,88,31054,3,I share 0 dollars,0.0,0.0,7.791686058044434
x-ai/grok-4.1-fast,dictator,88,162379,1,I share 0 dollars,0.0,0.0,6.65926194190979
x-ai/grok-4.1-fast,dictator,88,162379,2,I share 0 dollars,0.0,0.0,5.920956134796143
x-ai/grok-4.1-fast,dictator,88,162379,3,I share 0 dollars,0.0,0.0,5.498546361923218
x-ai/grok-4.1-fast,dictator,88,71000,1,I share 0 dollars,0.0,0.0,6.718334197998047
x-ai/grok-4.1-fast,dictator,88,71000,2,I share 0 dollars,0.0,0.0,6.771840810775757
x-ai/grok-4.1-fast,dictator,88,71000,3,I share 0 dollars,0.0,0.0,5.36942720413208
x-ai/grok-4.1-fast,dictator,88,250000,1,I share 0 dollars,0.0,0.0,5.572195291519165
x-ai/grok-4.1-fast,dictator,88,250000,2,I share 1000 dollars,1000.0,0.004,5.539267063140869
x-ai/grok-4.1-fast,dictator,88,250000,3,I share 0 dollars,0.0,0.0,6.895489454269409
x-ai/grok-4.1-fast,dictator,88,46962,1,I share 0 dollars,0.0,0.0,9.920839309692385
x-ai/grok-4.1-fast,dictator,88,46962,2,I share 0 dollars,0.0,0.0,9.104180812835692
x-ai/grok-4.1-fast,dictator,88,46962,3,I share 0 dollars,0.0,0.0,6.355468988418579
x-ai/grok-4.1-fast,dictator,88,107392,1,I share 0 dollars,0.0,0.0,10.157699584960938
x-ai/grok-4.1-fast,dictator,88,107392,2,I share 0 dollars,0.0,0.0,9.47961449623108
x-ai/grok-4.1-fast,dictator,88,107392,3,I share 0 dollars,0.0,0.0,9.32378602027893
x-ai/grok-4.1-fast,dictator,90,2,1,I share 0 dollars,0.0,0.0,6.675666332244873
x-ai/grok-4.1-fast,dictator,90,2,2,I share 0 dollars,0.0,0.0,5.395734548568726
x-ai/grok-4.1-fast,dictator,90,2,3,I share 0 dollars,0.0,0.0,9.538057565689089
x-ai/grok-4.1-fast,dictator,90,1,1,I share 0.1 dollars,0.1,0.1,6.498125553131104
x-ai/grok-4.1-fast,dictator,90,1,2,I share 0 dollars,0.0,0.0,11.329440593719482
x-ai/grok-4.1-fast,dictator,90,1,3,I share 0 dollars,0.0,0.0,9.755088329315186
x-ai/grok-4.1-fast,dictator,90,8,1,I share 1 dollars,1.0,0.125,4.900293111801148
x-ai/grok-4.1-fast,dictator,90,8,2,I share 1 dollars,1.0,0.125,5.587378740310669
x-ai/grok-4.1-fast,dictator,90,8,3,I share 1 dollars,1.0,0.125,9.017915487289429
x-ai/grok-4.1-fast,dictator,90,5,1,I share 0 dollars,0.0,0.0,9.877012491226196
x-ai/grok-4.1-fast,dictator,90,5,2,I share 0 dollars,0.0,0.0,9.709263801574709
x-ai/grok-4.1-fast,dictator,90,5,3,I share 0 dollars,0.0,0.0,4.887067794799805
x-ai/grok-4.1-fast,dictator,90,3,1,I share 1 dollars,1.0,0.3333333333333333,10.674471616744995
x-ai/grok-4.1-fast,dictator,90,3,2,I share 1 dollars,1.0,0.3333333333333333,11.086924076080322
x-ai/grok-4.1-fast,dictator,90,3,3,I share 0 dollars,0.0,0.0,4.170072555541992
x-ai/grok-4.1-fast,dictator,90,18,1,I share 0 dollars,0.0,0.0,4.139747142791748
x-ai/grok-4.1-fast,dictator,90,18,2,I share 2 dollars,2.0,0.1111111111111111,6.541737079620361
x-ai/grok-4.1-fast,dictator,90,18,3,I share 2 dollars,2.0,0.1111111111111111,6.106603384017944
x-ai/grok-4.1-fast,dictator,90,10,1,I share 1 dollars,1.0,0.1,12.5380961894989
x-ai/grok-4.1-fast,dictator,90,10,2,I share 1 dollars,1.0,0.1,10.631302833557127
x-ai/grok-4.1-fast,dictator,90,10,3,I share 1 dollars,1.0,0.1,5.978317022323608
x-ai/grok-4.1-fast,dictator,90,12,1,I share 1 dollars,1.0,0.0833333333333333,8.878445863723755
x-ai/grok-4.1-fast,dictator,90,12,2,I share 1 dollars,1.0,0.0833333333333333,6.072554588317871
x-ai/grok-4.1-fast,dictator,90,12,3,I share 0 dollars,0.0,0.0,12.74571681022644
x-ai/grok-4.1-fast,dictator,90,63,1,I share 0 dollars,0.0,0.0,6.0351269245147705
x-ai/grok-4.1-fast,dictator,90,63,2,I share 0 dollars,0.0,0.0,6.142005920410156
x-ai/grok-4.1-fast,dictator,90,63,3,I share 0 dollars,0.0,0.0,12.48706865310669
x-ai/grok-4.1-fast,dictator,90,41,1,I share 0 dollars,0.0,0.0,8.176883935928345
x-ai/grok-4.1-fast,dictator,90,41,2,I share 0 dollars,0.0,0.0,7.860522508621216
x-ai/grok-4.1-fast,dictator,90,41,3,I share 1 dollars,1.0,0.024390243902439,9.802109956741331
x-ai/grok-4.1-fast,dictator,90,27,1,I share 1 dollars,1.0,0.037037037037037,11.469976663589478
x-ai/grok-4.1-fast,dictator,90,27,2,I share 2 dollars,2.0,0.074074074074074,15.907859325408936
x-ai/grok-4.1-fast,dictator,90,27,3,I share 1 dollars,1.0,0.037037037037037,8.258015394210815
x-ai/grok-4.1-fast,dictator,90,144,1,I share 14 dollars,14.0,0.0972222222222222,12.31650447845459
x-ai/grok-4.1-fast,dictator,90,144,2,I share 0 dollars,0.0,0.0,8.534086465835571
x-ai/grok-4.1-fast,dictator,90,144,3,I share 10 dollars,10.0,0.0694444444444444,10.887615203857422
x-ai/grok-4.1-fast,dictator,90,95,1,I share 10 dollars,10.0,0.1052631578947368,16.233279705047607
x-ai/grok-4.1-fast,dictator,90,95,2,I share 0 dollars,0.0,0.0,11.256847620010376
x-ai/grok-4.1-fast,dictator,90,95,3,I share 0 dollars,0.0,0.0,5.217884063720703
x-ai/grok-4.1-fast,dictator,90,328,1,I share 20 dollars,20.0,0.0609756097560975,9.754724502563477
x-ai/grok-4.1-fast,dictator,90,328,2,I share 0 dollars,0.0,0.0,4.144478797912598
x-ai/grok-4.1-fast,dictator,90,328,3,I share 10 dollars,10.0,0.0304878048780487,7.701108455657959
x-ai/grok-4.1-fast,dictator,90,217,1,I share 0 dollars,0.0,0.0,9.6956946849823
x-ai/grok-4.1-fast,dictator,90,217,2,I share 10 dollars,10.0,0.0460829493087557,6.2175493240356445
x-ai/grok-4.1-fast,dictator,90,217,3,I share 5 dollars,5.0,0.0230414746543778,9.322900772094728
x-ai/grok-4.1-fast,dictator,90,496,1,I share 20 dollars,20.0,0.0403225806451612,10.847006797790527
x-ai/grok-4.1-fast,dictator,90,496,2,I share 0 dollars,0.0,0.0,9.571007013320925
x-ai/grok-4.1-fast,dictator,90,496,3,I share 0 dollars,0.0,0.0,11.25045108795166
x-ai/grok-4.1-fast,dictator,90,751,1,I share 0 dollars,0.0,0.0,6.731019496917725
x-ai/grok-4.1-fast,dictator,90,751,2,I share 10 dollars,10.0,0.0133155792276964,6.461703062057495
x-ai/grok-4.1-fast,dictator,90,751,3,I share 0 dollars,0.0,0.0,10.03156590461731
x-ai/grok-4.1-fast,dictator,90,2596,1,I share 0 dollars,0.0,0.0,6.762996673583984
x-ai/grok-4.1-fast,dictator,90,2596,2,I share 0 dollars,0.0,0.0,7.202115297317505
x-ai/grok-4.1-fast,dictator,90,2596,3,I share 0 dollars,0.0,0.0,3.82291841506958
x-ai/grok-4.1-fast,dictator,90,1135,1,I share 0 dollars,0.0,0.0,8.177502632141113
x-ai/grok-4.1-fast,dictator,90,1135,2,I share 0 dollars,0.0,0.0,6.330363035202026
x-ai/grok-4.1-fast,dictator,90,1135,3,I share 100 dollars,100.0,0.0881057268722467,8.920097351074219
x-ai/grok-4.1-fast,dictator,90,1717,1,I share 0 dollars,0.0,0.0,8.062072992324829
x-ai/grok-4.1-fast,dictator,90,1717,2,I share 0 dollars,0.0,0.0,10.067519664764404
x-ai/grok-4.1-fast,dictator,90,1717,3,I share 0 dollars,0.0,0.0,9.707728862762451
x-ai/grok-4.1-fast,dictator,90,3926,1,I share 0 dollars,0.0,0.0,10.274293899536133
x-ai/grok-4.1-fast,dictator,90,3926,2,I share 0 dollars,0.0,0.0,4.671541213989258
x-ai/grok-4.1-fast,dictator,90,3926,3,I share 0 dollars,0.0,0.0,11.013925552368164
x-ai/grok-4.1-fast,dictator,90,5938,1,I share 0 dollars,0.0,0.0,7.722717046737671
x-ai/grok-4.1-fast,dictator,90,5938,2,I share 0 dollars,0.0,0.0,9.425293922424316
x-ai/grok-4.1-fast,dictator,90,5938,3,I share 100 dollars,100.0,0.0168406871000336,8.191973209381104
x-ai/grok-4.1-fast,dictator,90,8979,1,I share 0 dollars,0.0,0.0,5.819952011108398
x-ai/grok-4.1-fast,dictator,90,8979,2,I share 0 dollars,0.0,0.0,11.854529857635498
x-ai/grok-4.1-fast,dictator,90,8979,3,I share 100 dollars,100.0,0.0111370976723465,19.63039970397949
x-ai/grok-4.1-fast,dictator,90,13578,1,I share 1000 dollars,1000.0,0.0736485491235822,15.961963653564451
x-ai/grok-4.1-fast,dictator,90,13578,2,I share 0 dollars,0.0,0.0,8.343333959579468
x-ai/grok-4.1-fast,dictator,90,13578,3,I share 0 dollars,0.0,0.0,7.303997993469238
x-ai/grok-4.1-fast,dictator,90,20531,1,I share 0 dollars,0.0,0.0,10.6008038520813
x-ai/grok-4.1-fast,dictator,90,20531,2,I share 0 dollars,0.0,0.0,10.750066041946411
x-ai/grok-4.1-fast,dictator,90,20531,3,I share 0 dollars,0.0,0.0,7.3962671756744385
x-ai/grok-4.1-fast,dictator,90,31054,1,I share 100 dollars,100.0,0.003220197076061,8.37423062324524
x-ai/grok-4.1-fast,dictator,90,31054,2,I share 0 dollars,0.0,0.0,14.391927719116213
x-ai/grok-4.1-fast,dictator,90,31054,3,I share 0 dollars,0.0,0.0,9.523807048797607
x-ai/grok-4.1-fast,dictator,90,71000,1,I share 0 dollars,0.0,0.0,7.912976026535034
x-ai/grok-4.1-fast,dictator,90,71000,2,I share 0 dollars,0.0,0.0,10.803523063659668
x-ai/grok-4.1-fast,dictator,90,71000,3,I share 0 dollars,0.0,0.0,6.073176860809326
x-ai/grok-4.1-fast,dictator,90,46962,1,I share 0 dollars,0.0,0.0,14.723639488220217
x-ai/grok-4.1-fast,dictator,90,46962,2,I share 0 dollars,0.0,0.0,8.42818021774292
x-ai/grok-4.1-fast,dictator,90,46962,3,I share 0 dollars,0.0,0.0,11.148178815841677
x-ai/grok-4.1-fast,dictator,90,250000,1,I share 0 dollars,0.0,0.0,8.941046237945557
x-ai/grok-4.1-fast,dictator,90,250000,2,I share 0 dollars,0.0,0.0,10.12164855003357
x-ai/grok-4.1-fast,dictator,90,250000,3,I share 0 dollars,0.0,0.0,4.622159242630005
x-ai/grok-4.1-fast,dictator,90,162379,1,I share 0 dollars,0.0,0.0,11.674159288406372
x-ai/grok-4.1-fast,dictator,90,162379,2,I share 0 dollars,0.0,0.0,7.573599338531494
x-ai/grok-4.1-fast,dictator,90,162379,3,I share 0 dollars,0.0,0.0,6.746483325958252
x-ai/grok-4.1-fast,dictator,92,1,1,I share 0 dollars,0.0,0.0,6.294684648513794
x-ai/grok-4.1-fast,dictator,92,1,2,I share 0 dollars,0.0,0.0,5.870666742324829
x-ai/grok-4.1-fast,dictator,92,1,3,I share 0 dollars,0.0,0.0,4.187472343444824
x-ai/grok-4.1-fast,dictator,90,107392,1,I share 0 dollars,0.0,0.0,13.725772857666016
x-ai/grok-4.1-fast,dictator,90,107392,2,I share 0 dollars,0.0,0.0,9.566753149032593
x-ai/grok-4.1-fast,dictator,90,107392,3,I share 0 dollars,0.0,0.0,6.609746932983398
x-ai/grok-4.1-fast,dictator,92,3,1,I share 0 dollars,0.0,0.0,8.944473266601562
x-ai/grok-4.1-fast,dictator,92,3,2,I share 0 dollars,0.0,0.0,5.299408912658691
x-ai/grok-4.1-fast,dictator,92,3,3,I share 0 dollars,0.0,0.0,8.94229769706726
x-ai/grok-4.1-fast,dictator,92,8,1,I share 0 dollars,0.0,0.0,9.398619651794434
x-ai/grok-4.1-fast,dictator,92,8,2,I share 0 dollars,0.0,0.0,4.506930589675903
x-ai/grok-4.1-fast,dictator,92,8,3,I share 0 dollars,0.0,0.0,4.034064531326294
x-ai/grok-4.1-fast,dictator,92,2,1,I share 0 dollars,0.0,0.0,7.008641004562378
x-ai/grok-4.1-fast,dictator,92,2,2,I share 0 dollars,0.0,0.0,21.95451021194458
x-ai/grok-4.1-fast,dictator,92,2,3,I share 0 dollars,0.0,0.0,4.512655258178711
x-ai/grok-4.1-fast,dictator,92,10,1,I share 0 dollars,0.0,0.0,8.471503019332886
x-ai/grok-4.1-fast,dictator,92,10,2,I share 0 dollars,0.0,0.0,6.62018632888794
x-ai/grok-4.1-fast,dictator,92,10,3,I share 0 dollars,0.0,0.0,4.06275486946106
x-ai/grok-4.1-fast,dictator,92,12,1,I share 0 dollars,0.0,0.0,5.245282888412476
x-ai/grok-4.1-fast,dictator,92,12,2,I share 1 dollars,1.0,0.0833333333333333,8.392228603363037
x-ai/grok-4.1-fast,dictator,92,12,3,I share 0 dollars,0.0,0.0,9.01695442199707
x-ai/grok-4.1-fast,dictator,92,5,1,I share 0 dollars,0.0,0.0,10.70839500427246
x-ai/grok-4.1-fast,dictator,92,5,2,I share 0 dollars,0.0,0.0,5.997063159942627
x-ai/grok-4.1-fast,dictator,92,5,3,I share 0 dollars,0.0,0.0,10.0439190864563
x-ai/grok-4.1-fast,dictator,92,18,1,I share 1 dollars,1.0,0.0555555555555555,6.578622817993164
x-ai/grok-4.1-fast,dictator,92,18,2,I share 1 dollars,1.0,0.0555555555555555,10.19234824180603
x-ai/grok-4.1-fast,dictator,92,18,3,I share 1 dollars,1.0,0.0555555555555555,14.244672536849976
x-ai/grok-4.1-fast,dictator,92,27,1,I share 1 dollars,1.0,0.037037037037037,8.293033838272095
x-ai/grok-4.1-fast,dictator,92,27,2,I share 0 dollars,0.0,0.0,5.217879056930542
x-ai/grok-4.1-fast,dictator,92,27,3,I share 1 dollars,1.0,0.037037037037037,10.824857473373411
x-ai/grok-4.1-fast,dictator,92,63,1,I share 0 dollars,0.0,0.0,6.024599552154541
x-ai/grok-4.1-fast,dictator,92,63,2,I share 0 dollars,0.0,0.0,4.194521427154541
x-ai/grok-4.1-fast,dictator,92,63,3,I share 0 dollars,0.0,0.0,12.704158782958984
x-ai/grok-4.1-fast,dictator,92,144,1,I share 5 dollars,5.0,0.0347222222222222,9.30499029159546
x-ai/grok-4.1-fast,dictator,92,144,2,I share 0 dollars,0.0,0.0,6.342431306838989
x-ai/grok-4.1-fast,dictator,92,144,3,I share 0 dollars,0.0,0.0,5.824378728866577
x-ai/grok-4.1-fast,dictator,92,41,1,I share 5 dollars,5.0,0.1219512195121951,8.459306716918945
x-ai/grok-4.1-fast,dictator,92,41,2,I share 1 dollars,1.0,0.024390243902439,14.840036869049072
x-ai/grok-4.1-fast,dictator,92,41,3,I share 2 dollars,2.0,0.048780487804878,6.592651844024658
x-ai/grok-4.1-fast,dictator,92,95,1,I share 0 dollars,0.0,0.0,6.592717409133911
x-ai/grok-4.1-fast,dictator,92,95,2,I share 0 dollars,0.0,0.0,13.05944299697876
x-ai/grok-4.1-fast,dictator,92,95,3,I share 0 dollars,0.0,0.0,9.62481164932251
x-ai/grok-4.1-fast,dictator,92,217,1,I share 0 dollars,0.0,0.0,5.981806516647339
x-ai/grok-4.1-fast,dictator,92,217,2,I share 0 dollars,0.0,0.0,6.5095977783203125
x-ai/grok-4.1-fast,dictator,92,217,3,I share 5 dollars,5.0,0.0230414746543778,7.1692609786987305
x-ai/grok-4.1-fast,dictator,92,328,1,I share 0 dollars,0.0,0.0,7.950144529342651
x-ai/grok-4.1-fast,dictator,92,328,2,I share 0 dollars,0.0,0.0,9.384189128875732
x-ai/grok-4.1-fast,dictator,92,328,3,I share 0 dollars,0.0,0.0,8.531466484069824
x-ai/grok-4.1-fast,dictator,92,496,1,I share 0 dollars,0.0,0.0,4.044989824295044
x-ai/grok-4.1-fast,dictator,92,496,2,I share 0 dollars,0.0,0.0,9.737573385238647
x-ai/grok-4.1-fast,dictator,92,496,3,I share 20 dollars,20.0,0.0403225806451612,13.44723343849182
x-ai/grok-4.1-fast,dictator,92,1135,1,I share 0 dollars,0.0,0.0,4.32040810585022
x-ai/grok-4.1-fast,dictator,92,1135,2,I share 0 dollars,0.0,0.0,5.720598459243774
x-ai/grok-4.1-fast,dictator,92,1135,3,I share 0 dollars,0.0,0.0,11.542014598846436
x-ai/grok-4.1-fast,dictator,92,751,1,I share 0 dollars,0.0,0.0,6.198843955993652
x-ai/grok-4.1-fast,dictator,92,751,2,I share 0 dollars,0.0,0.0,9.193231582641602
x-ai/grok-4.1-fast,dictator,92,751,3,I share 0 dollars,0.0,0.0,11.027316093444824
x-ai/grok-4.1-fast,dictator,92,2596,1,I share 0 dollars,0.0,0.0,5.857980489730835
x-ai/grok-4.1-fast,dictator,92,2596,2,I share 0 dollars,0.0,0.0,9.102310419082642
x-ai/grok-4.1-fast,dictator,92,2596,3,I share 0 dollars,0.0,0.0,8.488174676895142
x-ai/grok-4.1-fast,dictator,92,1717,1,I share 0 dollars,0.0,0.0,8.93203091621399
x-ai/grok-4.1-fast,dictator,92,1717,2,I share 0 dollars,0.0,0.0,8.825087547302246
x-ai/grok-4.1-fast,dictator,92,1717,3,I share 0 dollars,0.0,0.0,12.493895530700684
x-ai/grok-4.1-fast,dictator,92,3926,1,I share 0 dollars,0.0,0.0,7.793869256973267
x-ai/grok-4.1-fast,dictator,92,3926,2,I share 0 dollars,0.0,0.0,7.796675205230713
x-ai/grok-4.1-fast,dictator,92,3926,3,I share 0 dollars,0.0,0.0,8.33290719985962
x-ai/grok-4.1-fast,dictator,92,8979,1,I share 0 dollars,0.0,0.0,14.404641389846802
x-ai/grok-4.1-fast,dictator,92,8979,2,I share 0 dollars,0.0,0.0,11.324865579605104
x-ai/grok-4.1-fast,dictator,92,8979,3,I share 0 dollars,0.0,0.0,5.754192352294922
x-ai/grok-4.1-fast,dictator,92,13578,1,I share 0 dollars,0.0,0.0,10.320180892944336
x-ai/grok-4.1-fast,dictator,92,13578,2,I share 0 dollars,0.0,0.0,10.136441469192505
x-ai/grok-4.1-fast,dictator,92,13578,3,I share 0 dollars,0.0,0.0,10.117817878723145
x-ai/grok-4.1-fast,dictator,92,20531,1,I share 0 dollars,0.0,0.0,9.906219959259031
x-ai/grok-4.1-fast,dictator,92,20531,2,I share 0 dollars,0.0,0.0,7.891932487487793
x-ai/grok-4.1-fast,dictator,92,20531,3,I share 0 dollars,0.0,0.0,6.263976573944092
x-ai/grok-4.1-fast,dictator,92,5938,1,I share 0 dollars,0.0,0.0,14.892310380935667
x-ai/grok-4.1-fast,dictator,92,5938,2,I share 0 dollars,0.0,0.0,8.86225438117981
x-ai/grok-4.1-fast,dictator,92,5938,3,I share 0 dollars,0.0,0.0,15.839713096618652
x-ai/grok-4.1-fast,dictator,92,31054,1,I share 100 dollars,100.0,0.003220197076061,9.872522592544556
x-ai/grok-4.1-fast,dictator,92,31054,2,I share 0 dollars,0.0,0.0,15.350099802017212
x-ai/grok-4.1-fast,dictator,92,31054,3,I share 0 dollars,0.0,0.0,7.0020270347595215
x-ai/grok-4.1-fast,dictator,92,71000,1,I share 0 dollars,0.0,0.0,7.793009757995605
x-ai/grok-4.1-fast,dictator,92,71000,2,I share 0 dollars,0.0,0.0,4.779832363128662
x-ai/grok-4.1-fast,dictator,92,71000,3,I share 0 dollars,0.0,0.0,5.733628988265991
x-ai/grok-4.1-fast,dictator,92,46962,1,I share 0 dollars,0.0,0.0,12.187068223953249
x-ai/grok-4.1-fast,dictator,92,46962,2,I share 0 dollars,0.0,0.0,6.627984285354614
x-ai/grok-4.1-fast,dictator,92,46962,3,I share 0 dollars,0.0,0.0,11.027601480484009
x-ai/grok-4.1-fast,dictator,92,162379,1,I share 0 dollars,0.0,0.0,6.037938117980957
x-ai/grok-4.1-fast,dictator,92,162379,2,I share 1 dollars,1.0,6.158431816922139e-06,7.627978563308716
x-ai/grok-4.1-fast,dictator,92,162379,3,I share 0 dollars,0.0,0.0,6.587698936462402
x-ai/grok-4.1-fast,dictator,92,107392,1,I share 0 dollars,0.0,0.0,10.408862590789797
x-ai/grok-4.1-fast,dictator,92,107392,2,I share 0 dollars,0.0,0.0,6.328620433807373
x-ai/grok-4.1-fast,dictator,92,107392,3,I share 0 dollars,0.0,0.0,8.920355319976807
x-ai/grok-4.1-fast,dictator,92,250000,1,I share 0 dollars,0.0,0.0,5.283008337020874
x-ai/grok-4.1-fast,dictator,92,250000,2,I share 0 dollars,0.0,0.0,6.348746061325073
x-ai/grok-4.1-fast,dictator,92,250000,3,I share 0 dollars,0.0,0.0,10.160656690597534
x-ai/grok-4.1-fast,dictator,94,1,1,I share 0 dollars,0.0,0.0,4.468872785568237
x-ai/grok-4.1-fast,dictator,94,1,2,I share 0 dollars,0.0,0.0,6.899874448776245
x-ai/grok-4.1-fast,dictator,94,1,3,I share 0 dollars,0.0,0.0,6.0261006355285645
x-ai/grok-4.1-fast,dictator,94,3,1,I share 0 dollars,0.0,0.0,7.025428295135498
x-ai/grok-4.1-fast,dictator,94,3,2,I share 0 dollars,0.0,0.0,5.709118127822876
x-ai/grok-4.1-fast,dictator,94,3,3,I share 0 dollars,0.0,0.0,6.736943006515503
x-ai/grok-4.1-fast,dictator,94,2,1,I share 0 dollars,0.0,0.0,8.877108335494995
x-ai/grok-4.1-fast,dictator,94,2,2,I share 0 dollars,0.0,0.0,8.161213636398315
x-ai/grok-4.1-fast,dictator,94,2,3,I share 0 dollars,0.0,0.0,4.273832559585571
x-ai/grok-4.1-fast,dictator,94,5,1,I share 0 dollars,0.0,0.0,4.452731370925903
x-ai/grok-4.1-fast,dictator,94,5,2,I share 0 dollars,0.0,0.0,8.461295366287231
x-ai/grok-4.1-fast,dictator,94,5,3,I share 0 dollars,0.0,0.0,6.619956970214844
x-ai/grok-4.1-fast,dictator,94,10,1,I share 0 dollars,0.0,0.0,5.627636909484863
x-ai/grok-4.1-fast,dictator,94,10,2,I share 0 dollars,0.0,0.0,6.278069496154785
x-ai/grok-4.1-fast,dictator,94,10,3,I share 1 dollars,1.0,0.1,7.337731122970581
x-ai/grok-4.1-fast,dictator,94,12,1,I share 1 dollars,1.0,0.0833333333333333,7.85031270980835
x-ai/grok-4.1-fast,dictator,94,12,2,I share 1 dollars,1.0,0.0833333333333333,8.178117990493774
x-ai/grok-4.1-fast,dictator,94,12,3,I share 0 dollars,0.0,0.0,10.562020301818848
x-ai/grok-4.1-fast,dictator,94,8,1,I share 0 dollars,0.0,0.0,5.5810980796813965
x-ai/grok-4.1-fast,dictator,94,8,2,I share 0 dollars,0.0,0.0,11.030739307403564
x-ai/grok-4.1-fast,dictator,94,8,3,I share 1 dollars,1.0,0.125,16.8387131690979
x-ai/grok-4.1-fast,dictator,94,27,1,I share 3 dollars,3.0,0.1111111111111111,11.14452576637268
x-ai/grok-4.1-fast,dictator,94,27,2,I share 1 dollars,1.0,0.037037037037037,9.213940382003784
x-ai/grok-4.1-fast,dictator,94,27,3,I share 1 dollars,1.0,0.037037037037037,10.7678701877594
x-ai/grok-4.1-fast,dictator,94,18,1,I share 0 dollars,0.0,0.0,7.769984483718872
x-ai/grok-4.1-fast,dictator,94,18,2,I share 2 dollars,2.0,0.1111111111111111,12.96522831916809
x-ai/grok-4.1-fast,dictator,94,18,3,I share 1 dollars,1.0,0.0555555555555555,10.72390365600586
x-ai/grok-4.1-fast,dictator,94,63,1,I share 0 dollars,0.0,0.0,9.227548360824583
x-ai/grok-4.1-fast,dictator,94,63,2,I share 0 dollars,0.0,0.0,6.737108469009399
x-ai/grok-4.1-fast,dictator,94,63,3,I share 0 dollars,0.0,0.0,7.482370138168335
x-ai/grok-4.1-fast,dictator,94,41,1,I share 1 dollars,1.0,0.024390243902439,16.53533673286438
x-ai/grok-4.1-fast,dictator,94,41,2,I share 0 dollars,0.0,0.0,7.41512131690979
x-ai/grok-4.1-fast,dictator,94,41,3,I share 0 dollars,0.0,0.0,10.025447368621826
x-ai/grok-4.1-fast,dictator,94,95,1,I share 1 dollars,1.0,0.0105263157894736,6.568946599960327
x-ai/grok-4.1-fast,dictator,94,95,2,I share 0 dollars,0.0,0.0,8.851287603378296
x-ai/grok-4.1-fast,dictator,94,95,3,I share 0 dollars,0.0,0.0,14.78325581550598
x-ai/grok-4.1-fast,dictator,94,144,1,I share 0 dollars,0.0,0.0,14.12381362915039
x-ai/grok-4.1-fast,dictator,94,144,2,I share 10 dollars,10.0,0.0694444444444444,21.646520137786865
x-ai/grok-4.1-fast,dictator,94,144,3,I share 0 dollars,0.0,0.0,9.597710847854614
x-ai/grok-4.1-fast,dictator,94,328,1,I share 0 dollars,0.0,0.0,21.78953647613525
x-ai/grok-4.1-fast,dictator,94,328,2,I share 0 dollars,0.0,0.0,12.67193841934204
x-ai/grok-4.1-fast,dictator,94,328,3,I share 0 dollars,0.0,0.0,6.034494161605835
x-ai/grok-4.1-fast,dictator,94,496,1,I share 0 dollars,0.0,0.0,20.303141832351685
x-ai/grok-4.1-fast,dictator,94,496,2,I share 0 dollars,0.0,0.0,12.472405910491943
x-ai/grok-4.1-fast,dictator,94,496,3,I share 0 dollars,0.0,0.0,8.91339921951294
x-ai/grok-4.1-fast,dictator,94,751,1,I share 0 dollars,0.0,0.0,17.981797456741333
x-ai/grok-4.1-fast,dictator,94,751,2,I share 0 dollars,0.0,0.0,7.867129564285278
x-ai/grok-4.1-fast,dictator,94,751,3,I share 0 dollars,0.0,0.0,7.632876873016357
x-ai/grok-4.1-fast,dictator,94,217,1,I share 0 dollars,0.0,0.0,20.1979501247406
x-ai/grok-4.1-fast,dictator,94,217,2,I share 5 dollars,5.0,0.0230414746543778,13.238725662231444
x-ai/grok-4.1-fast,dictator,94,217,3,I share 0 dollars,0.0,0.0,10.25078582763672
x-ai/grok-4.1-fast,dictator,94,1135,1,I share 0 dollars,0.0,0.0,17.936650276184082
x-ai/grok-4.1-fast,dictator,94,1135,2,I share 0 dollars,0.0,0.0,7.685244798660278
x-ai/grok-4.1-fast,dictator,94,1135,3,I share 0 dollars,0.0,0.0,5.459165573120117
x-ai/grok-4.1-fast,dictator,94,1717,1,I share 0 dollars,0.0,0.0,10.325379133224487
x-ai/grok-4.1-fast,dictator,94,1717,2,I share 0 dollars,0.0,0.0,11.75896692276001
x-ai/grok-4.1-fast,dictator,94,1717,3,I share 0 dollars,0.0,0.0,8.55812954902649
x-ai/grok-4.1-fast,dictator,94,3926,1,I share 0 dollars,0.0,0.0,6.715737342834473
x-ai/grok-4.1-fast,dictator,94,3926,2,I share 0 dollars,0.0,0.0,9.706847190856934
x-ai/grok-4.1-fast,dictator,94,3926,3,I share 0 dollars,0.0,0.0,8.271491527557373
x-ai/grok-4.1-fast,dictator,94,8979,1,I share 0 dollars,0.0,0.0,4.726708173751831
x-ai/grok-4.1-fast,dictator,94,8979,2,I share 0 dollars,0.0,0.0,8.320724964141846
x-ai/grok-4.1-fast,dictator,94,8979,3,I share 0 dollars,0.0,0.0,13.21842122077942
x-ai/grok-4.1-fast,dictator,94,5938,1,I share 0 dollars,0.0,0.0,10.070006847381592
x-ai/grok-4.1-fast,dictator,94,5938,2,I share 0 dollars,0.0,0.0,12.847976446151732
x-ai/grok-4.1-fast,dictator,94,5938,3,I share 0 dollars,0.0,0.0,7.205079793930054
x-ai/grok-4.1-fast,dictator,94,2596,1,I share 50 dollars,50.0,0.0192604006163328,9.843464374542236
x-ai/grok-4.1-fast,dictator,94,2596,2,I share 0 dollars,0.0,0.0,14.044529914855955
x-ai/grok-4.1-fast,dictator,94,2596,3,I share 0 dollars,0.0,0.0,9.952425718307495
x-ai/grok-4.1-fast,dictator,94,31054,1,I share 0 dollars,0.0,0.0,6.433294296264648
x-ai/grok-4.1-fast,dictator,94,31054,2,I share 0 dollars,0.0,0.0,6.239848852157593
x-ai/grok-4.1-fast,dictator,94,31054,3,I share 0 dollars,0.0,0.0,11.568850040435793
x-ai/grok-4.1-fast,dictator,94,13578,1,I share 100 dollars,100.0,0.0073648549123582,22.22236704826355
x-ai/grok-4.1-fast,dictator,94,13578,2,I share 50 dollars,50.0,0.0036824274561791,10.549249410629272
x-ai/grok-4.1-fast,dictator,94,13578,3,I share 0 dollars,0.0,0.0,14.170337915420532
x-ai/grok-4.1-fast,dictator,94,107392,1,I share 0 dollars,0.0,0.0,7.461170434951782
x-ai/grok-4.1-fast,dictator,94,107392,2,I share 0 dollars,0.0,0.0,6.957080364227295
x-ai/grok-4.1-fast,dictator,94,107392,3,I share 0 dollars,0.0,0.0,11.24298357963562
x-ai/grok-4.1-fast,dictator,94,71000,1,I share 0 dollars,0.0,0.0,6.184575080871582
x-ai/grok-4.1-fast,dictator,94,71000,2,I share 100 dollars,100.0,0.0014084507042253,11.01816725730896
x-ai/grok-4.1-fast,dictator,94,71000,3,I share $1000 dollars,1000.0,0.0140845070422535,9.94505524635315
x-ai/grok-4.1-fast,dictator,94,20531,1,I share 0 dollars,0.0,0.0,11.690984964370728
x-ai/grok-4.1-fast,dictator,94,20531,2,I share 0 dollars,0.0,0.0,7.818359851837158
x-ai/grok-4.1-fast,dictator,94,20531,3,I share 0 dollars,0.0,0.0,14.16230082511902
x-ai/grok-4.1-fast,dictator,94,46962,1,I share 0 dollars,0.0,0.0,8.907284498214722
x-ai/grok-4.1-fast,dictator,94,46962,2,I share 0 dollars,0.0,0.0,7.246973991394043
x-ai/grok-4.1-fast,dictator,94,46962,3,I share 0 dollars,0.0,0.0,14.994699954986572
x-ai/grok-4.1-fast,dictator,94,162379,1,I share 0 dollars,0.0,0.0,6.720014810562134
x-ai/grok-4.1-fast,dictator,94,162379,2,I share 0 dollars,0.0,0.0,13.021604537963867
x-ai/grok-4.1-fast,dictator,94,162379,3,I share 0 dollars,0.0,0.0,10.708617687225342
x-ai/grok-4.1-fast,dictator,96,5,1,I share 0 dollars,0.0,0.0,11.603313446044922
x-ai/grok-4.1-fast,dictator,96,5,2,I share 0 dollars,0.0,0.0,11.24785852432251
x-ai/grok-4.1-fast,dictator,96,5,3,I share 1 dollars,1.0,0.2,5.565816402435303
x-ai/grok-4.1-fast,dictator,96,3,1,I share 0 dollars,0.0,0.0,13.604122638702393
x-ai/grok-4.1-fast,dictator,96,3,2,I share 0 dollars,0.0,0.0,9.174888610839844
x-ai/grok-4.1-fast,dictator,96,3,3,I share 0 dollars,0.0,0.0,6.320246934890747
x-ai/grok-4.1-fast,dictator,96,2,1,I share 0 dollars,0.0,0.0,12.425927639007568
x-ai/grok-4.1-fast,dictator,96,2,2,I share 0 dollars,0.0,0.0,10.431633234024048
x-ai/grok-4.1-fast,dictator,96,2,3,I share 0 dollars,0.0,0.0,6.787910461425781
x-ai/grok-4.1-fast,dictator,94,250000,1,I share 1000 dollars,1000.0,0.004,6.416683912277222
x-ai/grok-4.1-fast,dictator,94,250000,2,I share 0 dollars,0.0,0.0,12.125715255737305
x-ai/grok-4.1-fast,dictator,94,250000,3,I share 0 dollars,0.0,0.0,14.767943620681764
x-ai/grok-4.1-fast,dictator,96,1,1,I share 0.10 dollars,0.1,0.1,16.23796010017395
x-ai/grok-4.1-fast,dictator,96,1,2,I share 0 dollars,0.0,0.0,15.877450227737429
x-ai/grok-4.1-fast,dictator,96,1,3,I share 0 dollars,0.0,0.0,6.043916940689087
x-ai/grok-4.1-fast,dictator,96,8,1,I share 0 dollars,0.0,0.0,7.482477188110352
x-ai/grok-4.1-fast,dictator,96,8,2,I share 0 dollars,0.0,0.0,10.420185565948486
x-ai/grok-4.1-fast,dictator,96,8,3,I share 0 dollars,0.0,0.0,12.203383445739746
x-ai/grok-4.1-fast,dictator,96,18,1,I share 0 dollars,0.0,0.0,10.111058712005615
x-ai/grok-4.1-fast,dictator,96,18,2,I share 0 dollars,0.0,0.0,9.733607530593872
x-ai/grok-4.1-fast,dictator,96,18,3,I share 1 dollars,1.0,0.0555555555555555,5.117734432220459
x-ai/grok-4.1-fast,dictator,96,10,1,I share 0 dollars,0.0,0.0,11.138563871383669
x-ai/grok-4.1-fast,dictator,96,10,2,I share 1 dollars,1.0,0.1,9.769618034362791
x-ai/grok-4.1-fast,dictator,96,10,3,I share 1 dollars,1.0,0.1,5.624335527420044
x-ai/grok-4.1-fast,dictator,96,27,1,I share 0 dollars,0.0,0.0,9.479695320129396
x-ai/grok-4.1-fast,dictator,96,27,2,I share 1 dollars,1.0,0.037037037037037,10.783728122711182
x-ai/grok-4.1-fast,dictator,96,27,3,I share 0 dollars,0.0,0.0,6.214490175247192
x-ai/grok-4.1-fast,dictator,96,12,1,I share 0 dollars,0.0,0.0,10.876199960708618
x-ai/grok-4.1-fast,dictator,96,12,2,I share 1 dollars,1.0,0.0833333333333333,10.1944100856781
x-ai/grok-4.1-fast,dictator,96,12,3,I share 1 dollars,1.0,0.0833333333333333,5.931248664855957
x-ai/grok-4.1-fast,dictator,96,41,1,I share 1 dollars,1.0,0.024390243902439,6.546588897705078
x-ai/grok-4.1-fast,dictator,96,41,2,I share 1 dollars,1.0,0.024390243902439,6.745802879333496
x-ai/grok-4.1-fast,dictator,96,41,3,I share 5 dollars,5.0,0.1219512195121951,14.365291595458984
x-ai/grok-4.1-fast,dictator,96,217,1,I share 10 dollars,10.0,0.0460829493087557,6.6460161209106445
x-ai/grok-4.1-fast,dictator,96,217,2,I share 0 dollars,0.0,0.0,5.226347208023071
x-ai/grok-4.1-fast,dictator,96,217,3,I share 10 dollars,10.0,0.0460829493087557,7.649683475494385
x-ai/grok-4.1-fast,dictator,96,328,1,I share 0 dollars,0.0,0.0,7.327066659927368
x-ai/grok-4.1-fast,dictator,96,328,2,I share 10 dollars,10.0,0.0304878048780487,8.496419668197632
x-ai/grok-4.1-fast,dictator,96,328,3,I share 0 dollars,0.0,0.0,7.168433666229248
x-ai/grok-4.1-fast,dictator,96,144,1,I share 5 dollars,5.0,0.0347222222222222,8.309261560440063
x-ai/grok-4.1-fast,dictator,96,144,2,I share 0 dollars,0.0,0.0,5.777061223983765
x-ai/grok-4.1-fast,dictator,96,144,3,I share 0 dollars,0.0,0.0,10.359359979629517
x-ai/grok-4.1-fast,dictator,96,95,1,I share 0 dollars,0.0,0.0,6.209768056869507
x-ai/grok-4.1-fast,dictator,96,95,2,I share 0 dollars,0.0,0.0,9.574230194091797
x-ai/grok-4.1-fast,dictator,96,95,3,I share 1 dollars,1.0,0.0105263157894736,14.212799072265623
x-ai/grok-4.1-fast,dictator,96,63,1,I share 3 dollars,3.0,0.0476190476190476,17.873944997787476
x-ai/grok-4.1-fast,dictator,96,63,2,I share 1 dollars,1.0,0.0158730158730158,14.852323293685911
x-ai/grok-4.1-fast,dictator,96,63,3,I share 0 dollars,0.0,0.0,8.578251361846924
x-ai/grok-4.1-fast,dictator,96,496,1,I share 0 dollars,0.0,0.0,9.295099258422852
x-ai/grok-4.1-fast,dictator,96,496,2,I share 0 dollars,0.0,0.0,11.115152835845947
x-ai/grok-4.1-fast,dictator,96,496,3,I share 20 dollars,20.0,0.0403225806451612,7.671128988265991
x-ai/grok-4.1-fast,dictator,96,1717,1,I share 0 dollars,0.0,0.0,12.307783365249634
x-ai/grok-4.1-fast,dictator,96,1717,2,I share 0 dollars,0.0,0.0,6.815017938613892
x-ai/grok-4.1-fast,dictator,96,1717,3,I share 17 dollars,17.0,0.0099009900990099,4.760897397994995
x-ai/grok-4.1-fast,dictator,96,1135,1,I share 0 dollars,0.0,0.0,11.67353129386902
x-ai/grok-4.1-fast,dictator,96,1135,2,I share 0 dollars,0.0,0.0,5.788670063018799
x-ai/grok-4.1-fast,dictator,96,1135,3,I share 0 dollars,0.0,0.0,7.531289339065552
x-ai/grok-4.1-fast,dictator,96,751,1,I share 1 dollars,1.0,0.0013315579227696,18.734196662902832
x-ai/grok-4.1-fast,dictator,96,751,2,I share 0 dollars,0.0,0.0,10.379330158233644
x-ai/grok-4.1-fast,dictator,96,751,3,I share 10 dollars,10.0,0.0133155792276964,7.067939519882202
x-ai/grok-4.1-fast,dictator,96,2596,1,I share 0 dollars,0.0,0.0,8.491540908813477
x-ai/grok-4.1-fast,dictator,96,2596,2,I share 0 dollars,0.0,0.0,11.263335943222046
x-ai/grok-4.1-fast,dictator,96,2596,3,I share 0 dollars,0.0,0.0,10.576581478118896
x-ai/grok-4.1-fast,dictator,96,3926,1,I share 0 dollars,0.0,0.0,5.704163074493408
x-ai/grok-4.1-fast,dictator,96,3926,2,I share 0 dollars,0.0,0.0,8.91076374053955
x-ai/grok-4.1-fast,dictator,96,3926,3,I share 0 dollars,0.0,0.0,10.64918327331543
x-ai/grok-4.1-fast,dictator,96,5938,1,I share 0 dollars,0.0,0.0,6.09147310256958
x-ai/grok-4.1-fast,dictator,96,5938,2,I share 0 dollars,0.0,0.0,11.420879602432253
x-ai/grok-4.1-fast,dictator,96,5938,3,I share 0 dollars,0.0,0.0,9.633761644363403
x-ai/grok-4.1-fast,dictator,96,8979,1,I share 0 dollars,0.0,0.0,6.27738094329834
x-ai/grok-4.1-fast,dictator,96,8979,2,I share 0 dollars,0.0,0.0,4.348390817642212
x-ai/grok-4.1-fast,dictator,96,8979,3,I share 0 dollars,0.0,0.0,7.990067720413208
x-ai/grok-4.1-fast,dictator,96,13578,1,I share 0 dollars,0.0,0.0,4.060956954956055
x-ai/grok-4.1-fast,dictator,96,13578,2,I share 0 dollars,0.0,0.0,13.510380506515505
x-ai/grok-4.1-fast,dictator,96,13578,3,I share 0 dollars,0.0,0.0,3.810964107513428
x-ai/grok-4.1-fast,dictator,96,31054,1,I share 0 dollars,0.0,0.0,5.4296875
x-ai/grok-4.1-fast,dictator,96,31054,2,I share 0 dollars,0.0,0.0,6.523762226104736
x-ai/grok-4.1-fast,dictator,96,31054,3,I share 0 dollars,0.0,0.0,9.563779830932615
x-ai/grok-4.1-fast,dictator,96,46962,1,I share 0 dollars,0.0,0.0,4.689458131790161
x-ai/grok-4.1-fast,dictator,96,46962,2,I share 0 dollars,0.0,0.0,13.116102695465088
x-ai/grok-4.1-fast,dictator,96,46962,3,I share 0 dollars,0.0,0.0,5.33462929725647
x-ai/grok-4.1-fast,dictator,96,71000,1,I share 0 dollars,0.0,0.0,8.848769903182983
x-ai/grok-4.1-fast,dictator,96,71000,2,I share 0 dollars,0.0,0.0,5.83272647857666
x-ai/grok-4.1-fast,dictator,96,71000,3,I share 0 dollars,0.0,0.0,8.508689880371094
x-ai/grok-4.1-fast,dictator,96,20531,1,I share 10 dollars,10.0,0.0004870683356874,10.641422986984251
x-ai/grok-4.1-fast,dictator,96,20531,2,I share 0 dollars,0.0,0.0,15.53071928024292
x-ai/grok-4.1-fast,dictator,96,20531,3,I share 0 dollars,0.0,0.0,6.091737270355225
x-ai/grok-4.1-fast,dictator,96,107392,1,I share 0 dollars,0.0,0.0,14.279855251312256
x-ai/grok-4.1-fast,dictator,96,107392,2,I share 0 dollars,0.0,0.0,5.6043784618377686
x-ai/grok-4.1-fast,dictator,96,107392,3,I share 0 dollars,0.0,0.0,4.914533376693726
x-ai/grok-4.1-fast,dictator,96,162379,1,I share 0 dollars,0.0,0.0,9.785981893539429
x-ai/grok-4.1-fast,dictator,96,162379,2,I share 0 dollars,0.0,0.0,8.140990018844604
x-ai/grok-4.1-fast,dictator,96,162379,3,I share 0 dollars,0.0,0.0,10.321260452270508
x-ai/grok-4.1-fast,dictator,98,1,1,I share 0 dollars,0.0,0.0,6.597634077072144
x-ai/grok-4.1-fast,dictator,98,1,2,I share 0 dollars,0.0,0.0,7.060466289520264
x-ai/grok-4.1-fast,dictator,98,1,3,I share 0 dollars,0.0,0.0,4.849075794219971
x-ai/grok-4.1-fast,dictator,98,3,1,I share 0 dollars,0.0,0.0,5.40580153465271
x-ai/grok-4.1-fast,dictator,98,3,2,I share 0 dollars,0.0,0.0,6.502205848693848
x-ai/grok-4.1-fast,dictator,98,3,3,I share 0 dollars,0.0,0.0,9.055928230285645
x-ai/grok-4.1-fast,dictator,96,250000,1,I share 0 dollars,0.0,0.0,6.020305156707764
x-ai/grok-4.1-fast,dictator,96,250000,2,I share 0 dollars,0.0,0.0,4.314923286437988
x-ai/grok-4.1-fast,dictator,96,250000,3,I share 0 dollars,0.0,0.0,19.213484525680546
x-ai/grok-4.1-fast,dictator,98,5,1,I share 0 dollars,0.0,0.0,8.138439655303955
x-ai/grok-4.1-fast,dictator,98,5,2,I share 0 dollars,0.0,0.0,6.953475713729858
x-ai/grok-4.1-fast,dictator,98,5,3,I share 0 dollars,0.0,0.0,4.406713485717773
x-ai/grok-4.1-fast,dictator,98,2,1,I share 0 dollars,0.0,0.0,5.7209792137146
x-ai/grok-4.1-fast,dictator,98,2,2,I share 0 dollars,0.0,0.0,6.370860576629639
x-ai/grok-4.1-fast,dictator,98,2,3,I share 0 dollars,0.0,0.0,11.630234241485596
x-ai/grok-4.1-fast,dictator,98,8,1,I share 1 dollars,1.0,0.125,7.341893434524536
x-ai/grok-4.1-fast,dictator,98,8,2,I share 1 dollars,1.0,0.125,5.268415927886963
x-ai/grok-4.1-fast,dictator,98,8,3,I share 0 dollars,0.0,0.0,7.8541419506073
x-ai/grok-4.1-fast,dictator,98,10,1,I share 0 dollars,0.0,0.0,6.983869791030884
x-ai/grok-4.1-fast,dictator,98,10,2,I share 0 dollars,0.0,0.0,5.0274622440338135
x-ai/grok-4.1-fast,dictator,98,10,3,I share 0 dollars,0.0,0.0,5.90334677696228
x-ai/grok-4.1-fast,dictator,98,27,1,I share 1 dollars,1.0,0.037037037037037,5.55111837387085
x-ai/grok-4.1-fast,dictator,98,27,2,I share 1 dollars,1.0,0.037037037037037,8.223233222961426
x-ai/grok-4.1-fast,dictator,98,27,3,I share 0 dollars,0.0,0.0,4.796335697174072
x-ai/grok-4.1-fast,dictator,98,12,1,I share 0 dollars,0.0,0.0,6.966792106628418
x-ai/grok-4.1-fast,dictator,98,12,2,I share 1 dollars,1.0,0.0833333333333333,6.232740879058838
x-ai/grok-4.1-fast,dictator,98,12,3,I share 0 dollars,0.0,0.0,7.97163200378418
x-ai/grok-4.1-fast,dictator,98,18,1,I share 1 dollars,1.0,0.0555555555555555,9.510031700134276
x-ai/grok-4.1-fast,dictator,98,18,2,I share 1 dollars,1.0,0.0555555555555555,5.591588735580444
x-ai/grok-4.1-fast,dictator,98,18,3,I share 1 dollars,1.0,0.0555555555555555,10.567286252975464
x-ai/grok-4.1-fast,dictator,98,63,1,I share 0 dollars,0.0,0.0,4.71280837059021
x-ai/grok-4.1-fast,dictator,98,63,2,I share 0 dollars,0.0,0.0,7.91131591796875
x-ai/grok-4.1-fast,dictator,98,63,3,I share 0 dollars,0.0,0.0,4.483722686767578
x-ai/grok-4.1-fast,dictator,98,41,1,I share 5 dollars,5.0,0.1219512195121951,5.069049119949341
x-ai/grok-4.1-fast,dictator,98,41,2,I share 0 dollars,0.0,0.0,9.482884645462036
x-ai/grok-4.1-fast,dictator,98,41,3,I share 1 dollars,1.0,0.024390243902439,9.984789848327637
x-ai/grok-4.1-fast,dictator,98,95,1,I share 0 dollars,0.0,0.0,8.137223243713379
x-ai/grok-4.1-fast,dictator,98,95,2,I share 0 dollars,0.0,0.0,6.87078857421875
x-ai/grok-4.1-fast,dictator,98,95,3,I share 0 dollars,0.0,0.0,6.138780117034912
x-ai/grok-4.1-fast,dictator,98,217,1,I share 0 dollars,0.0,0.0,4.019404172897339
x-ai/grok-4.1-fast,dictator,98,217,2,I share 0 dollars,0.0,0.0,5.823213815689087
x-ai/grok-4.1-fast,dictator,98,217,3,I share 0 dollars,0.0,0.0,6.9357757568359375
x-ai/grok-4.1-fast,dictator,98,144,1,I share 0 dollars,0.0,0.0,6.355201721191406
x-ai/grok-4.1-fast,dictator,98,144,2,I share 0 dollars,0.0,0.0,6.191580295562744
x-ai/grok-4.1-fast,dictator,98,144,3,I share 0 dollars,0.0,0.0,6.916834354400635
x-ai/grok-4.1-fast,dictator,98,751,1,I share 0 dollars,0.0,0.0,5.755144357681274
x-ai/grok-4.1-fast,dictator,98,751,2,I share 0 dollars,0.0,0.0,6.690165996551514
x-ai/grok-4.1-fast,dictator,98,751,3,I share 0 dollars,0.0,0.0,5.448507070541382
x-ai/grok-4.1-fast,dictator,98,328,1,I share 0 dollars,0.0,0.0,7.010573863983154
x-ai/grok-4.1-fast,dictator,98,328,2,I share 1 dollars,1.0,0.0030487804878048,6.244382381439209
x-ai/grok-4.1-fast,dictator,98,328,3,I share 10 dollars,10.0,0.0304878048780487,5.9460930824279785
x-ai/grok-4.1-fast,dictator,98,496,1,I share 1 dollars,1.0,0.002016129032258,8.930665016174316
x-ai/grok-4.1-fast,dictator,98,496,2,I share 0 dollars.,0.0,0.0,14.920310020446776
x-ai/grok-4.1-fast,dictator,98,496,3,I share 0 dollars,0.0,0.0,8.447502136230469
x-ai/grok-4.1-fast,dictator,98,2596,1,I share 0 dollars,0.0,0.0,6.034770965576172
x-ai/grok-4.1-fast,dictator,98,2596,2,I share 0 dollars,0.0,0.0,11.446519613265991
x-ai/grok-4.1-fast,dictator,98,2596,3,I share 0 dollars,0.0,0.0,7.4000563621521
x-ai/grok-4.1-fast,dictator,98,1717,1,I share 0 dollars,0.0,0.0,6.063284158706665
x-ai/grok-4.1-fast,dictator,98,1717,2,I share 100 dollars,100.0,0.05824111822947,18.97636675834656
x-ai/grok-4.1-fast,dictator,98,1717,3,I share 0 dollars,0.0,0.0,5.903238534927368
x-ai/grok-4.1-fast,dictator,98,1135,1,I share 0 dollars,0.0,0.0,9.592572689056396
x-ai/grok-4.1-fast,dictator,98,1135,2,I share 20 dollars,20.0,0.0176211453744493,15.152321815490724
x-ai/grok-4.1-fast,dictator,98,1135,3,I share 5 dollars,5.0,0.0044052863436123,13.200023651123049
x-ai/grok-4.1-fast,dictator,98,3926,1,I share 0 dollars,0.0,0.0,15.536604642868042
x-ai/grok-4.1-fast,dictator,98,3926,2,I share 1 dollars,1.0,0.0002547121752419,6.099354028701782
x-ai/grok-4.1-fast,dictator,98,3926,3,I share 0 dollars,0.0,0.0,9.446289777755736
x-ai/grok-4.1-fast,dictator,98,5938,1,I share 0 dollars,0.0,0.0,9.478675842285156
x-ai/grok-4.1-fast,dictator,98,5938,2,I share 0 dollars,0.0,0.0,12.501760244369509
x-ai/grok-4.1-fast,dictator,98,5938,3,I share 0 dollars,0.0,0.0,9.032222747802734
x-ai/grok-4.1-fast,dictator,98,8979,1,I share 0 dollars,0.0,0.0,7.565515995025635
x-ai/grok-4.1-fast,dictator,98,8979,2,I share 0 dollars,0.0,0.0,12.139046907424929
x-ai/grok-4.1-fast,dictator,98,8979,3,I share 0 dollars,0.0,0.0,7.280297756195068
x-ai/grok-4.1-fast,dictator,98,20531,1,I share 0 dollars,0.0,0.0,6.743897676467896
x-ai/grok-4.1-fast,dictator,98,20531,2,I share 0 dollars,0.0,0.0,3.645986795425415
x-ai/grok-4.1-fast,dictator,98,20531,3,I share 0 dollars,0.0,0.0,6.58692741394043
x-ai/grok-4.1-fast,dictator,98,13578,1,I share 0 dollars,0.0,0.0,8.132354736328125
x-ai/grok-4.1-fast,dictator,98,13578,2,I share 0 dollars,0.0,0.0,10.370360612869264
x-ai/grok-4.1-fast,dictator,98,13578,3,I share 0 dollars,0.0,0.0,5.238629817962647
x-ai/grok-4.1-fast,dictator,98,31054,1,I share 0 dollars,0.0,0.0,8.688368082046509
x-ai/grok-4.1-fast,dictator,98,31054,2,I share 0 dollars,0.0,0.0,5.321570873260498
x-ai/grok-4.1-fast,dictator,98,31054,3,I share 0 dollars,0.0,0.0,4.170010089874268
x-ai/grok-4.1-fast,dictator,98,162379,1,I share 0 dollars,0.0,0.0,4.152019023895264
x-ai/grok-4.1-fast,dictator,98,162379,2,I share 0 dollars,0.0,0.0,8.320425510406494
x-ai/grok-4.1-fast,dictator,98,162379,3,I share 0 dollars,0.0,0.0,8.650925397872925
x-ai/grok-4.1-fast,dictator,98,46962,1,I share 0 dollars.,0.0,0.0,20.1075222492218
x-ai/grok-4.1-fast,dictator,98,46962,2,I share 0 dollars,0.0,0.0,9.344359397888184
x-ai/grok-4.1-fast,dictator,98,46962,3,I share 0 dollars,0.0,0.0,5.263484001159668
x-ai/grok-4.1-fast,dictator,98,71000,1,I share 1000 dollars,1000.0,0.0140845070422535,14.319109201431274
x-ai/grok-4.1-fast,dictator,98,71000,2,I share 0 dollars,0.0,0.0,12.467543363571169
x-ai/grok-4.1-fast,dictator,98,71000,3,I share 0 dollars,0.0,0.0,9.48805046081543
x-ai/grok-4.1-fast,dictator,100,1,1,I share 0.50 dollars,0.5,0.5,11.013726472854614
x-ai/grok-4.1-fast,dictator,100,1,2,I share 0 dollars,0.0,0.0,8.509626626968384
x-ai/grok-4.1-fast,dictator,100,1,3,I share 0 dollars,0.0,0.0,7.321413516998291
x-ai/grok-4.1-fast,dictator,98,107392,1,I share 0 dollars,0.0,0.0,8.096257448196411
x-ai/grok-4.1-fast,dictator,98,107392,2,I share 0 dollars,0.0,0.0,14.678887367248535
x-ai/grok-4.1-fast,dictator,98,107392,3,I share 0 dollars,0.0,0.0,11.593953132629396
x-ai/grok-4.1-fast,dictator,98,250000,1,I share 0 dollars,0.0,0.0,12.441502809524536
x-ai/grok-4.1-fast,dictator,98,250000,2,I share 1000 dollars,1000.0,0.004,14.943027973175049
x-ai/grok-4.1-fast,dictator,98,250000,3,I share 0 dollars,0.0,0.0,9.630760192871094
x-ai/grok-4.1-fast,dictator,100,2,1,I share 1 dollars,1.0,0.5,10.76799774169922
x-ai/grok-4.1-fast,dictator,100,2,2,I share 1 dollars,1.0,0.5,6.417750358581543
x-ai/grok-4.1-fast,dictator,100,2,3,I share 1 dollars,1.0,0.5,11.650322675704956
x-ai/grok-4.1-fast,dictator,100,3,1,I share 1 dollars,1.0,0.3333333333333333,7.273261785507202
x-ai/grok-4.1-fast,dictator,100,3,2,I share 1 dollars,1.0,0.3333333333333333,5.693606853485107
x-ai/grok-4.1-fast,dictator,100,3,3,I share 1 dollars,1.0,0.3333333333333333,13.634890794754028
x-ai/grok-4.1-fast,dictator,100,5,1,I share 1 dollars,1.0,0.2,4.942986011505127
x-ai/grok-4.1-fast,dictator,100,5,2,I share 1 dollars,1.0,0.2,5.0926148891448975
x-ai/grok-4.1-fast,dictator,100,5,3,I share 1 dollars,1.0,0.2,16.156184434890747
x-ai/grok-4.1-fast,dictator,100,8,1,I share 1 dollars,1.0,0.125,7.192254543304443
x-ai/grok-4.1-fast,dictator,100,8,2,I share 2 dollars,2.0,0.25,13.186030626296995
x-ai/grok-4.1-fast,dictator,100,8,3,I share 2 dollars,2.0,0.25,8.190177202224731
x-ai/grok-4.1-fast,dictator,100,10,1,I share 1 dollars,1.0,0.1,5.044969797134399
x-ai/grok-4.1-fast,dictator,100,10,2,I share 1 dollars,1.0,0.1,11.555776357650757
x-ai/grok-4.1-fast,dictator,100,10,3,I share 1 dollars,1.0,0.1,10.237242221832275
x-ai/grok-4.1-fast,dictator,100,12,1,I share 2 dollars,2.0,0.1666666666666666,12.507641315460203
x-ai/grok-4.1-fast,dictator,100,12,2,I share 0 dollars,0.0,0.0,8.82676362991333
x-ai/grok-4.1-fast,dictator,100,12,3,I share 0 dollars,0.0,0.0,6.3640735149383545
x-ai/grok-4.1-fast,dictator,100,18,1,I share 3 dollars,3.0,0.1666666666666666,5.832581520080566
x-ai/grok-4.1-fast,dictator,100,18,2,I share 2 dollars,2.0,0.1111111111111111,7.076993465423584
x-ai/grok-4.1-fast,dictator,100,18,3,I share 1 dollars,1.0,0.0555555555555555,5.640181064605713
x-ai/grok-4.1-fast,dictator,100,27,1,I share 0 dollars,0.0,0.0,9.6052348613739
x-ai/grok-4.1-fast,dictator,100,27,2,I share 1 dollars,1.0,0.037037037037037,7.370670080184936
x-ai/grok-4.1-fast,dictator,100,27,3,I share 5 dollars,5.0,0.1851851851851851,5.337661027908325
x-ai/grok-4.1-fast,dictator,100,41,1,I share 15 dollars,15.0,0.3658536585365853,7.494872570037842
x-ai/grok-4.1-fast,dictator,100,41,2,I share 10 dollars,10.0,0.2439024390243902,7.238872051239014
x-ai/grok-4.1-fast,dictator,100,41,3,I share 0 dollars,0.0,0.0,6.34279990196228
x-ai/grok-4.1-fast,dictator,100,95,1,I share 20 dollars,20.0,0.2105263157894736,7.839098453521728
x-ai/grok-4.1-fast,dictator,100,95,2,I share 20 dollars,20.0,0.2105263157894736,6.419404745101929
x-ai/grok-4.1-fast,dictator,100,95,3,I share 25 dollars,25.0,0.2631578947368421,6.769776344299316
x-ai/grok-4.1-fast,dictator,100,63,1,I share 10 dollars,10.0,0.1587301587301587,9.288018703460692
x-ai/grok-4.1-fast,dictator,100,63,2,I share 5 dollars,5.0,0.0793650793650793,5.364264965057373
x-ai/grok-4.1-fast,dictator,100,63,3,I share 10 dollars.,10.0,0.1587301587301587,9.980119705200195
x-ai/grok-4.1-fast,dictator,100,217,1,I share 0 dollars,0.0,0.0,4.559203386306763
x-ai/grok-4.1-fast,dictator,100,217,2,I share 10 dollars,10.0,0.0460829493087557,8.928016424179077
x-ai/grok-4.1-fast,dictator,100,217,3,I share 50 dollars,50.0,0.2304147465437788,6.43258810043335
x-ai/grok-4.1-fast,dictator,100,144,1,I share 72 dollars,72.0,0.5,6.984694719314575
x-ai/grok-4.1-fast,dictator,100,144,2,I share 20 dollars,20.0,0.1388888888888889,8.095689296722412
x-ai/grok-4.1-fast,dictator,100,144,3,I share 20 dollars,20.0,0.1388888888888889,9.970397233963013
x-ai/grok-4.1-fast,dictator,100,328,1,I share 20 dollars,20.0,0.0609756097560975,9.729643821716309
x-ai/grok-4.1-fast,dictator,100,328,2,I share 20 dollars,20.0,0.0609756097560975,5.502904653549194
x-ai/grok-4.1-fast,dictator,100,328,3,I share 20 dollars,20.0,0.0609756097560975,10.45158314704895
x-ai/grok-4.1-fast,dictator,100,1135,1,I share 0 dollars,0.0,0.0,7.883152008056641
x-ai/grok-4.1-fast,dictator,100,1135,2,I share 0 dollars,0.0,0.0,7.193721294403076
x-ai/grok-4.1-fast,dictator,100,1135,3,I share 0 dollars,0.0,0.0,7.866224765777588
x-ai/grok-4.1-fast,dictator,100,751,1,I share 0 dollars,0.0,0.0,6.3785622119903564
x-ai/grok-4.1-fast,dictator,100,751,2,I share 50 dollars,50.0,0.066577896138482,12.637686491012571
x-ai/grok-4.1-fast,dictator,100,751,3,I share 0 dollars,0.0,0.0,8.216712951660156
x-ai/grok-4.1-fast,dictator,100,496,1,I share 0 dollars,0.0,0.0,12.241923093795776
x-ai/grok-4.1-fast,dictator,100,496,2,I share 20 dollars,20.0,0.0403225806451612,8.336497783660889
x-ai/grok-4.1-fast,dictator,100,496,3,I share 10 dollars,10.0,0.0201612903225806,14.803569555282593
x-ai/grok-4.1-fast,dictator,100,3926,1,I share 100 dollars,100.0,0.0254712175241976,6.7974488735198975
x-ai/grok-4.1-fast,dictator,100,3926,2,I share 0 dollars,0.0,0.0,4.97483229637146
x-ai/grok-4.1-fast,dictator,100,3926,3,I share 0 dollars,0.0,0.0,6.127013206481934
x-ai/grok-4.1-fast,dictator,100,2596,1,I share 0 dollars,0.0,0.0,8.195876359939575
x-ai/grok-4.1-fast,dictator,100,2596,2,I share 0 dollars,0.0,0.0,9.198281288146973
x-ai/grok-4.1-fast,dictator,100,2596,3,I share 0 dollars,0.0,0.0,9.95307469367981
x-ai/grok-4.1-fast,dictator,100,1717,1,I share 100 dollars,100.0,0.05824111822947,13.945521116256714
x-ai/grok-4.1-fast,dictator,100,1717,2,I share 0 dollars,0.0,0.0,8.220813035964966
x-ai/grok-4.1-fast,dictator,100,1717,3,I share 0 dollars,0.0,0.0,11.155798435211182
x-ai/grok-4.1-fast,dictator,100,5938,1,I share 0 dollars,0.0,0.0,5.980842113494873
x-ai/grok-4.1-fast,dictator,100,5938,2,I share 100 dollars,100.0,0.0168406871000336,9.894065380096436
x-ai/grok-4.1-fast,dictator,100,5938,3,I share 0 dollars,0.0,0.0,7.059762239456177
x-ai/grok-4.1-fast,dictator,100,8979,1,I share 50 dollars,50.0,0.0055685488361732,11.47598934173584
x-ai/grok-4.1-fast,dictator,100,8979,2,I share 0 dollars,0.0,0.0,4.867968797683716
x-ai/grok-4.1-fast,dictator,100,8979,3,I share 0 dollars,0.0,0.0,5.219291925430298
x-ai/grok-4.1-fast,dictator,100,13578,1,I share 0 dollars,0.0,0.0,10.247289657592772
x-ai/grok-4.1-fast,dictator,100,13578,2,I share 0 dollars,0.0,0.0,6.290717363357544
x-ai/grok-4.1-fast,dictator,100,13578,3,I share 0 dollars,0.0,0.0,5.54796314239502
x-ai/grok-4.1-fast,dictator,100,31054,1,I share 0 dollars,0.0,0.0,7.53252911567688
x-ai/grok-4.1-fast,dictator,100,31054,2,I share 0 dollars,0.0,0.0,6.294167757034302
x-ai/grok-4.1-fast,dictator,100,31054,3,I share 1000 dollars,1000.0,0.0322019707606105,7.889673709869385
x-ai/grok-4.1-fast,dictator,100,20531,1,I share 500 dollars,500.0,0.0243534167843748,10.151723861694336
x-ai/grok-4.1-fast,dictator,100,20531,2,I share 0 dollars,0.0,0.0,10.209474563598633
x-ai/grok-4.1-fast,dictator,100,20531,3,I share 100 dollars,100.0,0.0048706833568749,7.606729507446289
x-ai/grok-4.1-fast,dictator,100,162379,1,I share 0 dollars,0.0,0.0,5.9391419887542725
x-ai/grok-4.1-fast,dictator,100,162379,2,I share 0 dollars,0.0,0.0,9.646705627441406
x-ai/grok-4.1-fast,dictator,100,162379,3,I share 0 dollars,0.0,0.0,4.560559034347534
x-ai/grok-4.1-fast,dictator,100,46962,1,I share 1000 dollars,1000.0,0.0212938120182275,13.285053014755247
x-ai/grok-4.1-fast,dictator,100,46962,2,I share 0 dollars,0.0,0.0,8.799553632736206
x-ai/grok-4.1-fast,dictator,100,46962,3,I share 0 dollars,0.0,0.0,8.262574434280396
x-ai/grok-4.1-fast,dictator,100,71000,1,I share 1000 dollars,1000.0,0.0140845070422535,9.09748125076294
x-ai/grok-4.1-fast,dictator,100,71000,2,I share 1000 dollars,1000.0,0.0140845070422535,8.125033617019653
x-ai/grok-4.1-fast,dictator,100,71000,3,I share 1000 dollars,1000.0,0.0140845070422535,7.4411420822143555
x-ai/grok-4.1-fast,dictator,100,107392,1,I share 0 dollars,0.0,0.0,8.649423837661743
x-ai/grok-4.1-fast,dictator,100,107392,2,I share 0 dollars,0.0,0.0,13.165724992752075
x-ai/grok-4.1-fast,dictator,100,107392,3,I share 1000 dollars,1000.0,0.0093116805721096,6.769873142242432
x-ai/grok-4.1-fast,dictator,100,250000,1,I share 0 dollars,0.0,0.0,10.830445766448976
x-ai/grok-4.1-fast,dictator,100,250000,2,I share 1000 dollars,1000.0,0.004,7.128900051116943
x-ai/grok-4.1-fast,dictator,100,250000,3,I share 1000 dollars,1000.0,0.004,6.185099363327026
